nohup: ignoring input

=== Step 0 ===
Current position: [0.5, 2.0]
Processing direction 1: [0.2 0. ]
Processing direction 2: [0.  0.2]
Processing direction 3: [-0.2  0. ]
Processing direction 4: [ 0.  -0.2]

=== Step 1 ===
Current position: [0.6155831813812256, 2.1285128593444824]
Processing direction 1: [0.2 0. ]
Processing direction 2: [0.  0.2]
Processing direction 3: [-0.2  0. ]
Processing direction 4: [ 0.  -0.2]

=== Step 2 ===
Current position: [0.7936877608299255, 1.9352920055389404]
Processing direction 1: [0.2 0. ]
Processing direction 2: [0.  0.2]
Processing direction 3: [-0.2  0. ]
Processing direction 4: [ 0.  -0.2]

=== Step 3 ===
Current position: [0.8445925712585449, 2.140578269958496]
Processing direction 1: [0.2 0. ]
Processing direction 2: [0.  0.2]
Processing direction 3: [-0.2  0. ]
Processing direction 4: [ 0.  -0.2]

=== Step 4 ===
Current position: [1.1464790105819702, 2.1144754886627197]
Processing direction 1: [0.2 0. ]
Processing direction 2: [0.  0.2]
Processing direction 3: [-0.2  0. ]
Processing direction 4: [ 0.  -0.2]

=== Step 5 ===
Current position: [1.4600030183792114, 2.155503749847412]
Processing direction 1: [0.2 0. ]
Processing direction 2: [0.  0.2]
Processing direction 3: [-0.2  0. ]
Processing direction 4: [ 0.  -0.2]

=== Step 6 ===
Current position: [1.7185592651367188, 2.196958541870117]
Processing direction 1: [0.2 0. ]
Processing direction 2: [0.  0.2]
Processing direction 3: [-0.2  0. ]
Processing direction 4: [ 0.  -0.2]

=== Step 7 ===
Current position: [2.0579793453216553, 2.1410367488861084]
Processing direction 1: [0.2 0. ]
Processing direction 2: [0.  0.2]
Processing direction 3: [-0.2  0. ]
Processing direction 4: [ 0.  -0.2]

=== Step 8 ===
Current position: [2.355853319168091, 2.062115430831909]
Processing direction 1: [0.2 0. ]
Processing direction 2: [0.  0.2]
Processing direction 3: [-0.2  0. ]
Processing direction 4: [ 0.  -0.2]

=== Step 9 ===
Current position: [2.6910476684570312, 1.9895418882369995]
Processing direction 1: [0.2 0. ]
Processing direction 2: [0.  0.2]
Processing direction 3: [-0.2  0. ]
Processing direction 4: [ 0.  -0.2]

=== Step 10 ===
Current position: [2.958275556564331, 1.9840186834335327]
Processing direction 1: [0.2 0. ]
Processing direction 2: [0.  0.2]
Processing direction 3: [-0.2  0. ]
Processing direction 4: [ 0.  -0.2]

=== Step 11 ===
Current position: [3.2333312034606934, 1.971510648727417]
Processing direction 1: [0.2 0. ]
Processing direction 2: [0.  0.2]
Processing direction 3: [-0.2  0. ]
Processing direction 4: [ 0.  -0.2]

=== Step 12 ===
Current position: [3.330005168914795, 2.1982779502868652]
Processing direction 1: [0.2 0. ]
Processing direction 2: [0.  0.2]
Processing direction 3: [-0.2  0. ]
Processing direction 4: [ 0.  -0.2]

=== Step 13 ===
Current position: [3.337425947189331, 2.345891237258911]
Processing direction 1: [0.2 0. ]
Processing direction 2: [0.  0.2]
Processing direction 3: [-0.2  0. ]
Processing direction 4: [ 0.  -0.2]

=== Step 14 ===
Current position: [3.341024398803711, 2.590649127960205]
Processing direction 1: [0.2 0. ]
Processing direction 2: [0.  0.2]
Processing direction 3: [-0.2  0. ]
Processing direction 4: [ 0.  -0.2]

=== Step 15 ===
Current position: [3.375046730041504, 2.7927117347717285]
Processing direction 1: [0.2 0. ]
Processing direction 2: [0.  0.2]
Processing direction 3: [-0.2  0. ]
Processing direction 4: [ 0.  -0.2]

=== Step 16 ===
Current position: [3.622767448425293, 2.7920784950256348]
Processing direction 1: [0.2 0. ]
Processing direction 2: [0.  0.2]
Processing direction 3: [-0.2  0. ]
Processing direction 4: [ 0.  -0.2]

=== Step 17 ===
Current position: [3.625718593597412, 2.9507153034210205]
Processing direction 1: [0.2 0. ]
Processing direction 2: [0.  0.2]
Processing direction 3: [-0.2  0. ]
Processing direction 4: [ 0.  -0.2]

=== Step 18 ===
Current position: [3.5674147605895996, 3.037287950515747]
Processing direction 1: [0.2 0. ]
Processing direction 2: [0.  0.2]
Processing direction 3: [-0.2  0. ]
Processing direction 4: [ 0.  -0.2]

=== Step 19 ===
Current position: [3.7773773670196533, 3.044154644012451]
Processing direction 1: [0.2 0. ]
Processing direction 2: [0.  0.2]
Processing direction 3: [-0.2  0. ]
Processing direction 4: [ 0.  -0.2]

=== Step 20 ===
Current position: [3.834322214126587, 3.1464223861694336]
Processing direction 1: [0.2 0. ]
Processing direction 2: [0.  0.2]
Processing direction 3: [-0.2  0. ]
Processing direction 4: [ 0.  -0.2]

=== Step 21 ===
Current position: [3.8142929077148438, 3.2806453704833984]
Processing direction 1: [0.2 0. ]
Processing direction 2: [0.  0.2]
Processing direction 3: [-0.2  0. ]
Processing direction 4: [ 0.  -0.2]

=== Step 22 ===
Current position: [4.025108814239502, 3.1989049911499023]
Processing direction 1: [0.2 0. ]
Processing direction 2: [0.  0.2]
Processing direction 3: [-0.2  0. ]
Processing direction 4: [ 0.  -0.2]

=== Step 23 ===
Current position: [4.025238513946533, 3.24395751953125]
Processing direction 1: [0.2 0. ]
Processing direction 2: [0.  0.2]
Processing direction 3: [-0.2  0. ]
Processing direction 4: [ 0.  -0.2]

=== Step 24 ===
Current position: [3.956580400466919, 3.2931997776031494]
Processing direction 1: [0.2 0. ]
Processing direction 2: [0.  0.2]
Processing direction 3: [-0.2  0. ]
Processing direction 4: [ 0.  -0.2]

=== Step 25 ===
Current position: [3.903843402862549, 3.3919568061828613]
Processing direction 1: [0.2 0. ]
Processing direction 2: [0.  0.2]
Processing direction 3: [-0.2  0. ]
Processing direction 4: [ 0.  -0.2]

=== Step 26 ===
Current position: [3.8930869102478027, 3.4603681564331055]
Processing direction 1: [0.2 0. ]
Processing direction 2: [0.  0.2]
Processing direction 3: [-0.2  0. ]
Processing direction 4: [ 0.  -0.2]

=== Step 27 ===
Current position: [3.8902814388275146, 3.570481300354004]
Processing direction 1: [0.2 0. ]
Processing direction 2: [0.  0.2]
Processing direction 3: [-0.2  0. ]
Processing direction 4: [ 0.  -0.2]

=== Step 28 ===
Current position: [4.1043524742126465, 3.462725877761841]
Processing direction 1: [0.2 0. ]
Processing direction 2: [0.  0.2]
Processing direction 3: [-0.2  0. ]
Processing direction 4: [ 0.  -0.2]

=== Step 29 ===
Current position: [4.065112590789795, 3.6534318923950195]
Processing direction 1: [0.2 0. ]
Processing direction 2: [0.  0.2]
Processing direction 3: [-0.2  0. ]
Processing direction 4: [ 0.  -0.2]

=== Step 30 ===
Current position: [4.007557392120361, 3.728005886077881]
Processing direction 1: [0.2 0. ]
Processing direction 2: [0.  0.2]
Processing direction 3: [-0.2  0. ]
Processing direction 4: [ 0.  -0.2]

=== Step 31 ===
Current position: [4.208481311798096, 3.674793004989624]
Processing direction 1: [0.2 0. ]
Processing direction 2: [0.  0.2]
Processing direction 3: [-0.2  0. ]
Processing direction 4: [ 0.  -0.2]

=== Step 32 ===
Current position: [4.133569240570068, 3.772298574447632]
Processing direction 1: [0.2 0. ]
Processing direction 2: [0.  0.2]
Processing direction 3: [-0.2  0. ]
Processing direction 4: [ 0.  -0.2]

=== Step 33 ===
Current position: [4.181309223175049, 3.8877861499786377]
Processing direction 1: [0.2 0. ]
Processing direction 2: [0.  0.2]
Processing direction 3: [-0.2  0. ]
Processing direction 4: [ 0.  -0.2]

=== Step 34 ===
Current position: [4.121890544891357, 4.0292558670043945]
Processing direction 1: [0.2 0. ]
Processing direction 2: [0.  0.2]
Processing direction 3: [-0.2  0. ]
Processing direction 4: [ 0.  -0.2]

=== Step 35 ===
Current position: [4.325123310089111, 4.001802444458008]
Processing direction 1: [0.2 0. ]
Processing direction 2: [0.  0.2]
Processing direction 3: [-0.2  0. ]
Processing direction 4: [ 0.  -0.2]

=== Step 36 ===
Current position: [4.3485283851623535, 4.076643466949463]
Processing direction 1: [0.2 0. ]
Processing direction 2: [0.  0.2]
Processing direction 3: [-0.2  0. ]
Processing direction 4: [ 0.  -0.2]

=== Step 37 ===
Current position: [4.565629959106445, 4.0000691413879395]
Processing direction 1: [0.2 0. ]
Processing direction 2: [0.  0.2]
Processing direction 3: [-0.2  0. ]
Processing direction 4: [ 0.  -0.2]

=== Step 38 ===
Current position: [4.550319671630859, 4.011131763458252]
Processing direction 1: [0.2 0. ]
Processing direction 2: [0.  0.2]
Processing direction 3: [-0.2  0. ]
Processing direction 4: [ 0.  -0.2]

=== Step 39 ===
Current position: [4.544764518737793, 4.095643520355225]
Processing direction 1: [0.2 0. ]
Processing direction 2: [0.  0.2]
Processing direction 3: [-0.2  0. ]
Processing direction 4: [ 0.  -0.2]

=== Step 40 ===
Current position: [4.6251630783081055, 4.151683330535889]
Processing direction 1: [0.2 0. ]
Processing direction 2: [0.  0.2]
Processing direction 3: [-0.2  0. ]
Processing direction 4: [ 0.  -0.2]

=== Step 41 ===
Current position: [4.669571399688721, 4.157092571258545]
Processing direction 1: [0.2 0. ]
Processing direction 2: [0.  0.2]
Processing direction 3: [-0.2  0. ]
Processing direction 4: [ 0.  -0.2]

=== Step 42 ===
Current position: [4.617711067199707, 4.233880519866943]
Processing direction 1: [0.2 0. ]
Processing direction 2: [0.  0.2]
Processing direction 3: [-0.2  0. ]
Processing direction 4: [ 0.  -0.2]

=== Step 43 ===
Current position: [4.604870319366455, 4.332646369934082]
Processing direction 1: [0.2 0. ]
Processing direction 2: [0.  0.2]
Processing direction 3: [-0.2  0. ]
Processing direction 4: [ 0.  -0.2]

=== Step 44 ===
Current position: [4.650849342346191, 4.415315628051758]
Processing direction 1: [0.2 0. ]
Processing direction 2: [0.  0.2]
Processing direction 3: [-0.2  0. ]
Processing direction 4: [ 0.  -0.2]

=== Step 45 ===
Current position: [4.602599620819092, 4.4334821701049805]
Processing direction 1: [0.2 0. ]
Processing direction 2: [0.  0.2]
Processing direction 3: [-0.2  0. ]
Processing direction 4: [ 0.  -0.2]

=== Step 46 ===
Current position: [4.659297943115234, 4.506113052368164]
Processing direction 1: [0.2 0. ]
Processing direction 2: [0.  0.2]
Processing direction 3: [-0.2  0. ]
Processing direction 4: [ 0.  -0.2]

=== Step 47 ===
Current position: [4.725302696228027, 4.5879716873168945]
Processing direction 1: [0.2 0. ]
Processing direction 2: [0.  0.2]
Processing direction 3: [-0.2  0. ]
Processing direction 4: [ 0.  -0.2]

=== Step 48 ===
Current position: [4.74339485168457, 4.5508503913879395]
Processing direction 1: [0.2 0. ]
Processing direction 2: [0.  0.2]
Processing direction 3: [-0.2  0. ]
Processing direction 4: [ 0.  -0.2]

=== Step 49 ===
Current position: [4.778402328491211, 4.591517925262451]
Processing direction 1: [0.2 0. ]
Processing direction 2: [0.  0.2]
Processing direction 3: [-0.2  0. ]
Processing direction 4: [ 0.  -0.2]

=== Step 50 ===
Current position: [4.820680141448975, 4.592780590057373]
Processing direction 1: [0.2 0. ]
Processing direction 2: [0.  0.2]
Processing direction 3: [-0.2  0. ]
Processing direction 4: [ 0.  -0.2]

=== Step 51 ===
Current position: [4.834619045257568, 4.6756815910339355]
Processing direction 1: [0.2 0. ]
Processing direction 2: [0.  0.2]
Processing direction 3: [-0.2  0. ]
Processing direction 4: [ 0.  -0.2]

=== Step 52 ===
Current position: [4.816027641296387, 4.7134904861450195]
Processing direction 1: [0.2 0. ]
Processing direction 2: [0.  0.2]
Processing direction 3: [-0.2  0. ]
Processing direction 4: [ 0.  -0.2]

=== Step 53 ===
Current position: [4.926823139190674, 4.737752914428711]
Processing direction 1: [0.2 0. ]
Processing direction 2: [0.  0.2]
Processing direction 3: [-0.2  0. ]
Processing direction 4: [ 0.  -0.2]

=== Step 54 ===
Current position: [4.952663421630859, 4.802516460418701]
Processing direction 1: [0.2 0. ]
Processing direction 2: [0.  0.2]
Processing direction 3: [-0.2  0. ]
Processing direction 4: [ 0.  -0.2]

Path Sampling Completed! Conditions of step size 0.2 and directions 4

=== Step 0 ===
Current position: [0.5, 2.0]
Processing direction 1: [0.2 0. ]
Processing direction 2: [0.14142136 0.14142136]
Processing direction 3: [0.  0.2]
Processing direction 4: [-0.14142136  0.14142136]
Processing direction 5: [-0.2  0. ]
Processing direction 6: [-0.14142136 -0.14142136]
Processing direction 7: [ 0.  -0.2]
Processing direction 8: [ 0.14142136 -0.14142136]

=== Step 1 ===
Current position: [0.8278811573982239, 1.9935530424118042]
Processing direction 1: [0.2 0. ]
Processing direction 2: [0.14142136 0.14142136]
Processing direction 3: [0.  0.2]
Processing direction 4: [-0.14142136  0.14142136]
Processing direction 5: [-0.2  0. ]
Processing direction 6: [-0.14142136 -0.14142136]
Processing direction 7: [ 0.  -0.2]
Processing direction 8: [ 0.14142136 -0.14142136]

=== Step 2 ===
Current position: [0.7315011024475098, 2.166064977645874]
Processing direction 1: [0.2 0. ]
Processing direction 2: [0.14142136 0.14142136]
Processing direction 3: [0.  0.2]
Processing direction 4: [-0.14142136  0.14142136]
Processing direction 5: [-0.2  0. ]
Processing direction 6: [-0.14142136 -0.14142136]
Processing direction 7: [ 0.  -0.2]
Processing direction 8: [ 0.14142136 -0.14142136]

=== Step 3 ===
Current position: [0.9018051028251648, 2.0512921810150146]
Processing direction 1: [0.2 0. ]
Processing direction 2: [0.14142136 0.14142136]
Processing direction 3: [0.  0.2]
Processing direction 4: [-0.14142136  0.14142136]
Processing direction 5: [-0.2  0. ]
Processing direction 6: [-0.14142136 -0.14142136]
Processing direction 7: [ 0.  -0.2]
Processing direction 8: [ 0.14142136 -0.14142136]

=== Step 4 ===
Current position: [1.0611380338668823, 1.8859361410140991]
Processing direction 1: [0.2 0. ]
Processing direction 2: [0.14142136 0.14142136]
Processing direction 3: [0.  0.2]
Processing direction 4: [-0.14142136  0.14142136]
Processing direction 5: [-0.2  0. ]
Processing direction 6: [-0.14142136 -0.14142136]
Processing direction 7: [ 0.  -0.2]
Processing direction 8: [ 0.14142136 -0.14142136]

=== Step 5 ===
Current position: [1.1660929918289185, 1.7952494621276855]
Processing direction 1: [0.2 0. ]
Processing direction 2: [0.14142136 0.14142136]
Processing direction 3: [0.  0.2]
Processing direction 4: [-0.14142136  0.14142136]
Processing direction 5: [-0.2  0. ]
Processing direction 6: [-0.14142136 -0.14142136]
Processing direction 7: [ 0.  -0.2]
Processing direction 8: [ 0.14142136 -0.14142136]

=== Step 6 ===
Current position: [1.156396746635437, 2.0020699501037598]
Processing direction 1: [0.2 0. ]
Processing direction 2: [0.14142136 0.14142136]
Processing direction 3: [0.  0.2]
Processing direction 4: [-0.14142136  0.14142136]
Processing direction 5: [-0.2  0. ]
Processing direction 6: [-0.14142136 -0.14142136]
Processing direction 7: [ 0.  -0.2]
Processing direction 8: [ 0.14142136 -0.14142136]

=== Step 7 ===
Current position: [1.3667775392532349, 1.9115400314331055]
Processing direction 1: [0.2 0. ]
Processing direction 2: [0.14142136 0.14142136]
Processing direction 3: [0.  0.2]
Processing direction 4: [-0.14142136  0.14142136]
Processing direction 5: [-0.2  0. ]
Processing direction 6: [-0.14142136 -0.14142136]
Processing direction 7: [ 0.  -0.2]
Processing direction 8: [ 0.14142136 -0.14142136]

=== Step 8 ===
Current position: [1.2806994915008545, 2.0619852542877197]
Processing direction 1: [0.2 0. ]
Processing direction 2: [0.14142136 0.14142136]
Processing direction 3: [0.  0.2]
Processing direction 4: [-0.14142136  0.14142136]
Processing direction 5: [-0.2  0. ]
Processing direction 6: [-0.14142136 -0.14142136]
Processing direction 7: [ 0.  -0.2]
Processing direction 8: [ 0.14142136 -0.14142136]

=== Step 9 ===
Current position: [1.5048047304153442, 1.8967257738113403]
Processing direction 1: [0.2 0. ]
Processing direction 2: [0.14142136 0.14142136]
Processing direction 3: [0.  0.2]
Processing direction 4: [-0.14142136  0.14142136]
Processing direction 5: [-0.2  0. ]
Processing direction 6: [-0.14142136 -0.14142136]
Processing direction 7: [ 0.  -0.2]
Processing direction 8: [ 0.14142136 -0.14142136]

=== Step 10 ===
Current position: [1.4839802980422974, 2.0463080406188965]
Processing direction 1: [0.2 0. ]
Processing direction 2: [0.14142136 0.14142136]
Processing direction 3: [0.  0.2]
Processing direction 4: [-0.14142136  0.14142136]
Processing direction 5: [-0.2  0. ]
Processing direction 6: [-0.14142136 -0.14142136]
Processing direction 7: [ 0.  -0.2]
Processing direction 8: [ 0.14142136 -0.14142136]

=== Step 11 ===
Current position: [1.4548900127410889, 2.1221916675567627]
Processing direction 1: [0.2 0. ]
Processing direction 2: [0.14142136 0.14142136]
Processing direction 3: [0.  0.2]
Processing direction 4: [-0.14142136  0.14142136]
Processing direction 5: [-0.2  0. ]
Processing direction 6: [-0.14142136 -0.14142136]
Processing direction 7: [ 0.  -0.2]
Processing direction 8: [ 0.14142136 -0.14142136]

=== Step 12 ===
Current position: [1.5912079811096191, 2.0580151081085205]
Processing direction 1: [0.2 0. ]
Processing direction 2: [0.14142136 0.14142136]
Processing direction 3: [0.  0.2]
Processing direction 4: [-0.14142136  0.14142136]
Processing direction 5: [-0.2  0. ]
Processing direction 6: [-0.14142136 -0.14142136]
Processing direction 7: [ 0.  -0.2]
Processing direction 8: [ 0.14142136 -0.14142136]

=== Step 13 ===
Current position: [1.8360766172409058, 1.8596711158752441]
Processing direction 1: [0.2 0. ]
Processing direction 2: [0.14142136 0.14142136]
Processing direction 3: [0.  0.2]
Processing direction 4: [-0.14142136  0.14142136]
Processing direction 5: [-0.2  0. ]
Processing direction 6: [-0.14142136 -0.14142136]
Processing direction 7: [ 0.  -0.2]
Processing direction 8: [ 0.14142136 -0.14142136]

=== Step 14 ===
Current position: [2.0941359996795654, 1.7204304933547974]
Processing direction 1: [0.2 0. ]
Processing direction 2: [0.14142136 0.14142136]
Processing direction 3: [0.  0.2]
Processing direction 4: [-0.14142136  0.14142136]
Processing direction 5: [-0.2  0. ]
Processing direction 6: [-0.14142136 -0.14142136]
Processing direction 7: [ 0.  -0.2]
Processing direction 8: [ 0.14142136 -0.14142136]

=== Step 15 ===
Current position: [2.286022424697876, 1.7336846590042114]
Processing direction 1: [0.2 0. ]
Processing direction 2: [0.14142136 0.14142136]
Processing direction 3: [0.  0.2]
Processing direction 4: [-0.14142136  0.14142136]
Processing direction 5: [-0.2  0. ]
Processing direction 6: [-0.14142136 -0.14142136]
Processing direction 7: [ 0.  -0.2]
Processing direction 8: [ 0.14142136 -0.14142136]

=== Step 16 ===
Current position: [2.5363504886627197, 1.584166407585144]
Processing direction 1: [0.2 0. ]
Processing direction 2: [0.14142136 0.14142136]
Processing direction 3: [0.  0.2]
Processing direction 4: [-0.14142136  0.14142136]
Processing direction 5: [-0.2  0. ]
Processing direction 6: [-0.14142136 -0.14142136]
Processing direction 7: [ 0.  -0.2]
Processing direction 8: [ 0.14142136 -0.14142136]

=== Step 17 ===
Current position: [2.4176621437072754, 1.7119135856628418]
Processing direction 1: [0.2 0. ]
Processing direction 2: [0.14142136 0.14142136]
Processing direction 3: [0.  0.2]
Processing direction 4: [-0.14142136  0.14142136]
Processing direction 5: [-0.2  0. ]
Processing direction 6: [-0.14142136 -0.14142136]
Processing direction 7: [ 0.  -0.2]
Processing direction 8: [ 0.14142136 -0.14142136]

=== Step 18 ===
Current position: [2.6103320121765137, 1.733100175857544]
Processing direction 1: [0.2 0. ]
Processing direction 2: [0.14142136 0.14142136]
Processing direction 3: [0.  0.2]
Processing direction 4: [-0.14142136  0.14142136]
Processing direction 5: [-0.2  0. ]
Processing direction 6: [-0.14142136 -0.14142136]
Processing direction 7: [ 0.  -0.2]
Processing direction 8: [ 0.14142136 -0.14142136]

=== Step 19 ===
Current position: [2.8532533645629883, 1.7918646335601807]
Processing direction 1: [0.2 0. ]
Processing direction 2: [0.14142136 0.14142136]
Processing direction 3: [0.  0.2]
Processing direction 4: [-0.14142136  0.14142136]
Processing direction 5: [-0.2  0. ]
Processing direction 6: [-0.14142136 -0.14142136]
Processing direction 7: [ 0.  -0.2]
Processing direction 8: [ 0.14142136 -0.14142136]

=== Step 20 ===
Current position: [3.1830360889434814, 1.7606744766235352]
Processing direction 1: [0.2 0. ]
Processing direction 2: [0.14142136 0.14142136]
Processing direction 3: [0.  0.2]
Processing direction 4: [-0.14142136  0.14142136]
Processing direction 5: [-0.2  0. ]
Processing direction 6: [-0.14142136 -0.14142136]
Processing direction 7: [ 0.  -0.2]
Processing direction 8: [ 0.14142136 -0.14142136]

=== Step 21 ===
Current position: [3.1057791709899902, 1.8929029703140259]
Processing direction 1: [0.2 0. ]
Processing direction 2: [0.14142136 0.14142136]
Processing direction 3: [0.  0.2]
Processing direction 4: [-0.14142136  0.14142136]
Processing direction 5: [-0.2  0. ]
Processing direction 6: [-0.14142136 -0.14142136]
Processing direction 7: [ 0.  -0.2]
Processing direction 8: [ 0.14142136 -0.14142136]

=== Step 22 ===
Current position: [3.055501699447632, 2.0086491107940674]
Processing direction 1: [0.2 0. ]
Processing direction 2: [0.14142136 0.14142136]
Processing direction 3: [0.  0.2]
Processing direction 4: [-0.14142136  0.14142136]
Processing direction 5: [-0.2  0. ]
Processing direction 6: [-0.14142136 -0.14142136]
Processing direction 7: [ 0.  -0.2]
Processing direction 8: [ 0.14142136 -0.14142136]

=== Step 23 ===
Current position: [2.9726498126983643, 2.1563501358032227]
Processing direction 1: [0.2 0. ]
Processing direction 2: [0.14142136 0.14142136]
Processing direction 3: [0.  0.2]
Processing direction 4: [-0.14142136  0.14142136]
Processing direction 5: [-0.2  0. ]
Processing direction 6: [-0.14142136 -0.14142136]
Processing direction 7: [ 0.  -0.2]
Processing direction 8: [ 0.14142136 -0.14142136]

=== Step 24 ===
Current position: [3.20120906829834, 2.0412259101867676]
Processing direction 1: [0.2 0. ]
Processing direction 2: [0.14142136 0.14142136]
Processing direction 3: [0.  0.2]
Processing direction 4: [-0.14142136  0.14142136]
Processing direction 5: [-0.2  0. ]
Processing direction 6: [-0.14142136 -0.14142136]
Processing direction 7: [ 0.  -0.2]
Processing direction 8: [ 0.14142136 -0.14142136]

=== Step 25 ===
Current position: [3.1871449947357178, 2.2281885147094727]
Processing direction 1: [0.2 0. ]
Processing direction 2: [0.14142136 0.14142136]
Processing direction 3: [0.  0.2]
Processing direction 4: [-0.14142136  0.14142136]
Processing direction 5: [-0.2  0. ]
Processing direction 6: [-0.14142136 -0.14142136]
Processing direction 7: [ 0.  -0.2]
Processing direction 8: [ 0.14142136 -0.14142136]

=== Step 26 ===
Current position: [3.0999057292938232, 2.2990286350250244]
Processing direction 1: [0.2 0. ]
Processing direction 2: [0.14142136 0.14142136]
Processing direction 3: [0.  0.2]
Processing direction 4: [-0.14142136  0.14142136]
Processing direction 5: [-0.2  0. ]
Processing direction 6: [-0.14142136 -0.14142136]
Processing direction 7: [ 0.  -0.2]
Processing direction 8: [ 0.14142136 -0.14142136]

=== Step 27 ===
Current position: [3.0289673805236816, 2.3637914657592773]
Processing direction 1: [0.2 0. ]
Processing direction 2: [0.14142136 0.14142136]
Processing direction 3: [0.  0.2]
Processing direction 4: [-0.14142136  0.14142136]
Processing direction 5: [-0.2  0. ]
Processing direction 6: [-0.14142136 -0.14142136]
Processing direction 7: [ 0.  -0.2]
Processing direction 8: [ 0.14142136 -0.14142136]

=== Step 28 ===
Current position: [3.1114511489868164, 2.602329969406128]
Processing direction 1: [0.2 0. ]
Processing direction 2: [0.14142136 0.14142136]
Processing direction 3: [0.  0.2]
Processing direction 4: [-0.14142136  0.14142136]
Processing direction 5: [-0.2  0. ]
Processing direction 6: [-0.14142136 -0.14142136]
Processing direction 7: [ 0.  -0.2]
Processing direction 8: [ 0.14142136 -0.14142136]

=== Step 29 ===
Current position: [3.308271884918213, 2.6616744995117188]
Processing direction 1: [0.2 0. ]
Processing direction 2: [0.14142136 0.14142136]
Processing direction 3: [0.  0.2]
Processing direction 4: [-0.14142136  0.14142136]
Processing direction 5: [-0.2  0. ]
Processing direction 6: [-0.14142136 -0.14142136]
Processing direction 7: [ 0.  -0.2]
Processing direction 8: [ 0.14142136 -0.14142136]

=== Step 30 ===
Current position: [3.410501718521118, 2.7950823307037354]
Processing direction 1: [0.2 0. ]
Processing direction 2: [0.14142136 0.14142136]
Processing direction 3: [0.  0.2]
Processing direction 4: [-0.14142136  0.14142136]
Processing direction 5: [-0.2  0. ]
Processing direction 6: [-0.14142136 -0.14142136]
Processing direction 7: [ 0.  -0.2]
Processing direction 8: [ 0.14142136 -0.14142136]

=== Step 31 ===
Current position: [3.4785549640655518, 2.8953092098236084]
Processing direction 1: [0.2 0. ]
Processing direction 2: [0.14142136 0.14142136]
Processing direction 3: [0.  0.2]
Processing direction 4: [-0.14142136  0.14142136]
Processing direction 5: [-0.2  0. ]
Processing direction 6: [-0.14142136 -0.14142136]
Processing direction 7: [ 0.  -0.2]
Processing direction 8: [ 0.14142136 -0.14142136]

=== Step 32 ===
Current position: [3.5425286293029785, 2.954482078552246]
Processing direction 1: [0.2 0. ]
Processing direction 2: [0.14142136 0.14142136]
Processing direction 3: [0.  0.2]
Processing direction 4: [-0.14142136  0.14142136]
Processing direction 5: [-0.2  0. ]
Processing direction 6: [-0.14142136 -0.14142136]
Processing direction 7: [ 0.  -0.2]
Processing direction 8: [ 0.14142136 -0.14142136]

=== Step 33 ===
Current position: [3.7188560962677, 2.9158408641815186]
Processing direction 1: [0.2 0. ]
Processing direction 2: [0.14142136 0.14142136]
Processing direction 3: [0.  0.2]
Processing direction 4: [-0.14142136  0.14142136]
Processing direction 5: [-0.2  0. ]
Processing direction 6: [-0.14142136 -0.14142136]
Processing direction 7: [ 0.  -0.2]
Processing direction 8: [ 0.14142136 -0.14142136]

=== Step 34 ===
Current position: [3.8370275497436523, 2.9739763736724854]
Processing direction 1: [0.2 0. ]
Processing direction 2: [0.14142136 0.14142136]
Processing direction 3: [0.  0.2]
Processing direction 4: [-0.14142136  0.14142136]
Processing direction 5: [-0.2  0. ]
Processing direction 6: [-0.14142136 -0.14142136]
Processing direction 7: [ 0.  -0.2]
Processing direction 8: [ 0.14142136 -0.14142136]

=== Step 35 ===
Current position: [3.849839210510254, 3.1020009517669678]
Processing direction 1: [0.2 0. ]
Processing direction 2: [0.14142136 0.14142136]
Processing direction 3: [0.  0.2]
Processing direction 4: [-0.14142136  0.14142136]
Processing direction 5: [-0.2  0. ]
Processing direction 6: [-0.14142136 -0.14142136]
Processing direction 7: [ 0.  -0.2]
Processing direction 8: [ 0.14142136 -0.14142136]

=== Step 36 ===
Current position: [3.820797920227051, 3.130197525024414]
Processing direction 1: [0.2 0. ]
Processing direction 2: [0.14142136 0.14142136]
Processing direction 3: [0.  0.2]
Processing direction 4: [-0.14142136  0.14142136]
Processing direction 5: [-0.2  0. ]
Processing direction 6: [-0.14142136 -0.14142136]
Processing direction 7: [ 0.  -0.2]
Processing direction 8: [ 0.14142136 -0.14142136]

=== Step 37 ===
Current position: [3.938258409500122, 3.210624933242798]
Processing direction 1: [0.2 0. ]
Processing direction 2: [0.14142136 0.14142136]
Processing direction 3: [0.  0.2]
Processing direction 4: [-0.14142136  0.14142136]
Processing direction 5: [-0.2  0. ]
Processing direction 6: [-0.14142136 -0.14142136]
Processing direction 7: [ 0.  -0.2]
Processing direction 8: [ 0.14142136 -0.14142136]

=== Step 38 ===
Current position: [4.064692497253418, 3.2352383136749268]
Processing direction 1: [0.2 0. ]
Processing direction 2: [0.14142136 0.14142136]
Processing direction 3: [0.  0.2]
Processing direction 4: [-0.14142136  0.14142136]
Processing direction 5: [-0.2  0. ]
Processing direction 6: [-0.14142136 -0.14142136]
Processing direction 7: [ 0.  -0.2]
Processing direction 8: [ 0.14142136 -0.14142136]

=== Step 39 ===
Current position: [4.138215065002441, 3.317988634109497]
Processing direction 1: [0.2 0. ]
Processing direction 2: [0.14142136 0.14142136]
Processing direction 3: [0.  0.2]
Processing direction 4: [-0.14142136  0.14142136]
Processing direction 5: [-0.2  0. ]
Processing direction 6: [-0.14142136 -0.14142136]
Processing direction 7: [ 0.  -0.2]
Processing direction 8: [ 0.14142136 -0.14142136]

=== Step 40 ===
Current position: [4.047422885894775, 3.377333879470825]
Processing direction 1: [0.2 0. ]
Processing direction 2: [0.14142136 0.14142136]
Processing direction 3: [0.  0.2]
Processing direction 4: [-0.14142136  0.14142136]
Processing direction 5: [-0.2  0. ]
Processing direction 6: [-0.14142136 -0.14142136]
Processing direction 7: [ 0.  -0.2]
Processing direction 8: [ 0.14142136 -0.14142136]

=== Step 41 ===
Current position: [4.1218156814575195, 3.3976564407348633]
Processing direction 1: [0.2 0. ]
Processing direction 2: [0.14142136 0.14142136]
Processing direction 3: [0.  0.2]
Processing direction 4: [-0.14142136  0.14142136]
Processing direction 5: [-0.2  0. ]
Processing direction 6: [-0.14142136 -0.14142136]
Processing direction 7: [ 0.  -0.2]
Processing direction 8: [ 0.14142136 -0.14142136]

=== Step 42 ===
Current position: [4.118786811828613, 3.495648145675659]
Processing direction 1: [0.2 0. ]
Processing direction 2: [0.14142136 0.14142136]
Processing direction 3: [0.  0.2]
Processing direction 4: [-0.14142136  0.14142136]
Processing direction 5: [-0.2  0. ]
Processing direction 6: [-0.14142136 -0.14142136]
Processing direction 7: [ 0.  -0.2]
Processing direction 8: [ 0.14142136 -0.14142136]

=== Step 43 ===
Current position: [4.2262115478515625, 3.4704582691192627]
Processing direction 1: [0.2 0. ]
Processing direction 2: [0.14142136 0.14142136]
Processing direction 3: [0.  0.2]
Processing direction 4: [-0.14142136  0.14142136]
Processing direction 5: [-0.2  0. ]
Processing direction 6: [-0.14142136 -0.14142136]
Processing direction 7: [ 0.  -0.2]
Processing direction 8: [ 0.14142136 -0.14142136]

=== Step 44 ===
Current position: [4.250443935394287, 3.5053741931915283]
Processing direction 1: [0.2 0. ]
Processing direction 2: [0.14142136 0.14142136]
Processing direction 3: [0.  0.2]
Processing direction 4: [-0.14142136  0.14142136]
Processing direction 5: [-0.2  0. ]
Processing direction 6: [-0.14142136 -0.14142136]
Processing direction 7: [ 0.  -0.2]
Processing direction 8: [ 0.14142136 -0.14142136]

=== Step 45 ===
Current position: [4.318735599517822, 3.5551836490631104]
Processing direction 1: [0.2 0. ]
Processing direction 2: [0.14142136 0.14142136]
Processing direction 3: [0.  0.2]
Processing direction 4: [-0.14142136  0.14142136]
Processing direction 5: [-0.2  0. ]
Processing direction 6: [-0.14142136 -0.14142136]
Processing direction 7: [ 0.  -0.2]
Processing direction 8: [ 0.14142136 -0.14142136]

=== Step 46 ===
Current position: [4.3656697273254395, 3.6483309268951416]
Processing direction 1: [0.2 0. ]
Processing direction 2: [0.14142136 0.14142136]
Processing direction 3: [0.  0.2]
Processing direction 4: [-0.14142136  0.14142136]
Processing direction 5: [-0.2  0. ]
Processing direction 6: [-0.14142136 -0.14142136]
Processing direction 7: [ 0.  -0.2]
Processing direction 8: [ 0.14142136 -0.14142136]

=== Step 47 ===
Current position: [4.314651012420654, 3.6672370433807373]
Processing direction 1: [0.2 0. ]
Processing direction 2: [0.14142136 0.14142136]
Processing direction 3: [0.  0.2]
Processing direction 4: [-0.14142136  0.14142136]
Processing direction 5: [-0.2  0. ]
Processing direction 6: [-0.14142136 -0.14142136]
Processing direction 7: [ 0.  -0.2]
Processing direction 8: [ 0.14142136 -0.14142136]

=== Step 48 ===
Current position: [4.444169521331787, 3.711658239364624]
Processing direction 1: [0.2 0. ]
Processing direction 2: [0.14142136 0.14142136]
Processing direction 3: [0.  0.2]
Processing direction 4: [-0.14142136  0.14142136]
Processing direction 5: [-0.2  0. ]
Processing direction 6: [-0.14142136 -0.14142136]
Processing direction 7: [ 0.  -0.2]
Processing direction 8: [ 0.14142136 -0.14142136]

=== Step 49 ===
Current position: [4.528944492340088, 3.72568941116333]
Processing direction 1: [0.2 0. ]
Processing direction 2: [0.14142136 0.14142136]
Processing direction 3: [0.  0.2]
Processing direction 4: [-0.14142136  0.14142136]
Processing direction 5: [-0.2  0. ]
Processing direction 6: [-0.14142136 -0.14142136]
Processing direction 7: [ 0.  -0.2]
Processing direction 8: [ 0.14142136 -0.14142136]

=== Step 50 ===
Current position: [4.449377536773682, 3.8085219860076904]
Processing direction 1: [0.2 0. ]
Processing direction 2: [0.14142136 0.14142136]
Processing direction 3: [0.  0.2]
Processing direction 4: [-0.14142136  0.14142136]
Processing direction 5: [-0.2  0. ]
Processing direction 6: [-0.14142136 -0.14142136]
Processing direction 7: [ 0.  -0.2]
Processing direction 8: [ 0.14142136 -0.14142136]

=== Step 51 ===
Current position: [4.506258964538574, 3.8176064491271973]
Processing direction 1: [0.2 0. ]
Processing direction 2: [0.14142136 0.14142136]
Processing direction 3: [0.  0.2]
Processing direction 4: [-0.14142136  0.14142136]
Processing direction 5: [-0.2  0. ]
Processing direction 6: [-0.14142136 -0.14142136]
Processing direction 7: [ 0.  -0.2]
Processing direction 8: [ 0.14142136 -0.14142136]

=== Step 52 ===
Current position: [4.5199737548828125, 3.9062182903289795]
Processing direction 1: [0.2 0. ]
Processing direction 2: [0.14142136 0.14142136]
Processing direction 3: [0.  0.2]
Processing direction 4: [-0.14142136  0.14142136]
Processing direction 5: [-0.2  0. ]
Processing direction 6: [-0.14142136 -0.14142136]
Processing direction 7: [ 0.  -0.2]
Processing direction 8: [ 0.14142136 -0.14142136]

=== Step 53 ===
Current position: [4.646526336669922, 3.8746891021728516]
Processing direction 1: [0.2 0. ]
Processing direction 2: [0.14142136 0.14142136]
Processing direction 3: [0.  0.2]
Processing direction 4: [-0.14142136  0.14142136]
Processing direction 5: [-0.2  0. ]
Processing direction 6: [-0.14142136 -0.14142136]
Processing direction 7: [ 0.  -0.2]
Processing direction 8: [ 0.14142136 -0.14142136]

=== Step 54 ===
Current position: [4.615565299987793, 3.9580492973327637]
Processing direction 1: [0.2 0. ]
Processing direction 2: [0.14142136 0.14142136]
Processing direction 3: [0.  0.2]
Processing direction 4: [-0.14142136  0.14142136]
Processing direction 5: [-0.2  0. ]
Processing direction 6: [-0.14142136 -0.14142136]
Processing direction 7: [ 0.  -0.2]
Processing direction 8: [ 0.14142136 -0.14142136]

=== Step 55 ===
Current position: [4.542501449584961, 3.9844679832458496]
Processing direction 1: [0.2 0. ]
Processing direction 2: [0.14142136 0.14142136]
Processing direction 3: [0.  0.2]
Processing direction 4: [-0.14142136  0.14142136]
Processing direction 5: [-0.2  0. ]
Processing direction 6: [-0.14142136 -0.14142136]
Processing direction 7: [ 0.  -0.2]
Processing direction 8: [ 0.14142136 -0.14142136]

=== Step 56 ===
Current position: [4.510132789611816, 4.044861316680908]
Processing direction 1: [0.2 0. ]
Processing direction 2: [0.14142136 0.14142136]
Processing direction 3: [0.  0.2]
Processing direction 4: [-0.14142136  0.14142136]
Processing direction 5: [-0.2  0. ]
Processing direction 6: [-0.14142136 -0.14142136]
Processing direction 7: [ 0.  -0.2]
Processing direction 8: [ 0.14142136 -0.14142136]

=== Step 57 ===
Current position: [4.587954521179199, 4.119472026824951]
Processing direction 1: [0.2 0. ]
Processing direction 2: [0.14142136 0.14142136]
Processing direction 3: [0.  0.2]
Processing direction 4: [-0.14142136  0.14142136]
Processing direction 5: [-0.2  0. ]
Processing direction 6: [-0.14142136 -0.14142136]
Processing direction 7: [ 0.  -0.2]
Processing direction 8: [ 0.14142136 -0.14142136]

=== Step 58 ===
Current position: [4.607581615447998, 4.244976043701172]
Processing direction 1: [0.2 0. ]
Processing direction 2: [0.14142136 0.14142136]
Processing direction 3: [0.  0.2]
Processing direction 4: [-0.14142136  0.14142136]
Processing direction 5: [-0.2  0. ]
Processing direction 6: [-0.14142136 -0.14142136]
Processing direction 7: [ 0.  -0.2]
Processing direction 8: [ 0.14142136 -0.14142136]

=== Step 59 ===
Current position: [4.542016983032227, 4.319111347198486]
Processing direction 1: [0.2 0. ]
Processing direction 2: [0.14142136 0.14142136]
Processing direction 3: [0.  0.2]
Processing direction 4: [-0.14142136  0.14142136]
Processing direction 5: [-0.2  0. ]
Processing direction 6: [-0.14142136 -0.14142136]
Processing direction 7: [ 0.  -0.2]
Processing direction 8: [ 0.14142136 -0.14142136]

=== Step 60 ===
Current position: [4.5727219581604, 4.388748645782471]
Processing direction 1: [0.2 0. ]
Processing direction 2: [0.14142136 0.14142136]
Processing direction 3: [0.  0.2]
Processing direction 4: [-0.14142136  0.14142136]
Processing direction 5: [-0.2  0. ]
Processing direction 6: [-0.14142136 -0.14142136]
Processing direction 7: [ 0.  -0.2]
Processing direction 8: [ 0.14142136 -0.14142136]

=== Step 61 ===
Current position: [4.650817394256592, 4.4888596534729]
Processing direction 1: [0.2 0. ]
Processing direction 2: [0.14142136 0.14142136]
Processing direction 3: [0.  0.2]
Processing direction 4: [-0.14142136  0.14142136]
Processing direction 5: [-0.2  0. ]
Processing direction 6: [-0.14142136 -0.14142136]
Processing direction 7: [ 0.  -0.2]
Processing direction 8: [ 0.14142136 -0.14142136]

=== Step 62 ===
Current position: [4.777808666229248, 4.597240924835205]
Processing direction 1: [0.2 0. ]
Processing direction 2: [0.14142136 0.14142136]
Processing direction 3: [0.  0.2]
Processing direction 4: [-0.14142136  0.14142136]
Processing direction 5: [-0.2  0. ]
Processing direction 6: [-0.14142136 -0.14142136]
Processing direction 7: [ 0.  -0.2]
Processing direction 8: [ 0.14142136 -0.14142136]

=== Step 63 ===
Current position: [4.884184837341309, 4.693455696105957]
Processing direction 1: [0.2 0. ]
Processing direction 2: [0.14142136 0.14142136]
Processing direction 3: [0.  0.2]
Processing direction 4: [-0.14142136  0.14142136]
Processing direction 5: [-0.2  0. ]
Processing direction 6: [-0.14142136 -0.14142136]
Processing direction 7: [ 0.  -0.2]
Processing direction 8: [ 0.14142136 -0.14142136]

=== Step 64 ===
Current position: [4.82621431350708, 4.7331438064575195]
Processing direction 1: [0.2 0. ]
Processing direction 2: [0.14142136 0.14142136]
Processing direction 3: [0.  0.2]
Processing direction 4: [-0.14142136  0.14142136]
Processing direction 5: [-0.2  0. ]
Processing direction 6: [-0.14142136 -0.14142136]
Processing direction 7: [ 0.  -0.2]
Processing direction 8: [ 0.14142136 -0.14142136]

=== Step 65 ===
Current position: [5.009777545928955, 4.719792366027832]
Processing direction 1: [0.2 0. ]
Processing direction 2: [0.14142136 0.14142136]
Processing direction 3: [0.  0.2]
Processing direction 4: [-0.14142136  0.14142136]
Processing direction 5: [-0.2  0. ]
Processing direction 6: [-0.14142136 -0.14142136]
Processing direction 7: [ 0.  -0.2]
Processing direction 8: [ 0.14142136 -0.14142136]

=== Step 66 ===
Current position: [5.067754745483398, 4.748170852661133]
Processing direction 1: [0.2 0. ]
Processing direction 2: [0.14142136 0.14142136]
Processing direction 3: [0.  0.2]
Processing direction 4: [-0.14142136  0.14142136]
Processing direction 5: [-0.2  0. ]
Processing direction 6: [-0.14142136 -0.14142136]
Processing direction 7: [ 0.  -0.2]
Processing direction 8: [ 0.14142136 -0.14142136]

=== Step 67 ===
Current position: [5.072404384613037, 4.880407333374023]
Processing direction 1: [0.2 0. ]
Processing direction 2: [0.14142136 0.14142136]
Processing direction 3: [0.  0.2]
Processing direction 4: [-0.14142136  0.14142136]
Processing direction 5: [-0.2  0. ]
Processing direction 6: [-0.14142136 -0.14142136]
Processing direction 7: [ 0.  -0.2]
Processing direction 8: [ 0.14142136 -0.14142136]

=== Step 68 ===
Current position: [5.027019500732422, 4.9623026847839355]
Processing direction 1: [0.2 0. ]
Processing direction 2: [0.14142136 0.14142136]
Processing direction 3: [0.  0.2]
Processing direction 4: [-0.14142136  0.14142136]
Processing direction 5: [-0.2  0. ]
Processing direction 6: [-0.14142136 -0.14142136]
Processing direction 7: [ 0.  -0.2]
Processing direction 8: [ 0.14142136 -0.14142136]

=== Step 69 ===
Current position: [4.892334938049316, 4.97710657119751]
Processing direction 1: [0.2 0. ]
Processing direction 2: [0.14142136 0.14142136]
Processing direction 3: [0.  0.2]
Processing direction 4: [-0.14142136  0.14142136]
Processing direction 5: [-0.2  0. ]
Processing direction 6: [-0.14142136 -0.14142136]
Processing direction 7: [ 0.  -0.2]
Processing direction 8: [ 0.14142136 -0.14142136]

Path Sampling Completed! Conditions of step size 0.2 and directions 8

=== Step 0 ===
Current position: [0.5, 2.0]
Processing direction 1: [0.2 0. ]
Processing direction 2: [0.18477591 0.07653669]
Processing direction 3: [0.14142136 0.14142136]
Processing direction 4: [0.07653669 0.18477591]
Processing direction 5: [0.  0.2]
Processing direction 6: [-0.07653669  0.18477591]
Processing direction 7: [-0.14142136  0.14142136]
Processing direction 8: [-0.18477591  0.07653669]
Processing direction 9: [-0.2  0. ]
Processing direction 10: [-0.18477591 -0.07653669]
Processing direction 11: [-0.14142136 -0.14142136]
Processing direction 12: [-0.07653669 -0.18477591]
Processing direction 13: [ 0.  -0.2]
Processing direction 14: [ 0.07653669 -0.18477591]
Processing direction 15: [ 0.14142136 -0.14142136]
Processing direction 16: [ 0.18477591 -0.07653669]

=== Step 1 ===
Current position: [0.7291251420974731, 1.9408499002456665]
Processing direction 1: [0.2 0. ]
Processing direction 2: [0.18477591 0.07653669]
Processing direction 3: [0.14142136 0.14142136]
Processing direction 4: [0.07653669 0.18477591]
Processing direction 5: [0.  0.2]
Processing direction 6: [-0.07653669  0.18477591]
Processing direction 7: [-0.14142136  0.14142136]
Processing direction 8: [-0.18477591  0.07653669]
Processing direction 9: [-0.2  0. ]
Processing direction 10: [-0.18477591 -0.07653669]
Processing direction 11: [-0.14142136 -0.14142136]
Processing direction 12: [-0.07653669 -0.18477591]
Processing direction 13: [ 0.  -0.2]
Processing direction 14: [ 0.07653669 -0.18477591]
Processing direction 15: [ 0.14142136 -0.14142136]
Processing direction 16: [ 0.18477591 -0.07653669]

=== Step 2 ===
Current position: [0.6920264363288879, 2.0058419704437256]
Processing direction 1: [0.2 0. ]
Processing direction 2: [0.18477591 0.07653669]
Processing direction 3: [0.14142136 0.14142136]
Processing direction 4: [0.07653669 0.18477591]
Processing direction 5: [0.  0.2]
Processing direction 6: [-0.07653669  0.18477591]
Processing direction 7: [-0.14142136  0.14142136]
Processing direction 8: [-0.18477591  0.07653669]
Processing direction 9: [-0.2  0. ]
Processing direction 10: [-0.18477591 -0.07653669]
Processing direction 11: [-0.14142136 -0.14142136]
Processing direction 12: [-0.07653669 -0.18477591]
Processing direction 13: [ 0.  -0.2]
Processing direction 14: [ 0.07653669 -0.18477591]
Processing direction 15: [ 0.14142136 -0.14142136]
Processing direction 16: [ 0.18477591 -0.07653669]

=== Step 3 ===
Current position: [0.6215877532958984, 2.130638360977173]
Processing direction 1: [0.2 0. ]
Processing direction 2: [0.18477591 0.07653669]
Processing direction 3: [0.14142136 0.14142136]
Processing direction 4: [0.07653669 0.18477591]
Processing direction 5: [0.  0.2]
Processing direction 6: [-0.07653669  0.18477591]
Processing direction 7: [-0.14142136  0.14142136]
Processing direction 8: [-0.18477591  0.07653669]
Processing direction 9: [-0.2  0. ]
Processing direction 10: [-0.18477591 -0.07653669]
Processing direction 11: [-0.14142136 -0.14142136]
Processing direction 12: [-0.07653669 -0.18477591]
Processing direction 13: [ 0.  -0.2]
Processing direction 14: [ 0.07653669 -0.18477591]
Processing direction 15: [ 0.14142136 -0.14142136]
Processing direction 16: [ 0.18477591 -0.07653669]

=== Step 4 ===
Current position: [0.8053747415542603, 2.0297129154205322]
Processing direction 1: [0.2 0. ]
Processing direction 2: [0.18477591 0.07653669]
Processing direction 3: [0.14142136 0.14142136]
Processing direction 4: [0.07653669 0.18477591]
Processing direction 5: [0.  0.2]
Processing direction 6: [-0.07653669  0.18477591]
Processing direction 7: [-0.14142136  0.14142136]
Processing direction 8: [-0.18477591  0.07653669]
Processing direction 9: [-0.2  0. ]
Processing direction 10: [-0.18477591 -0.07653669]
Processing direction 11: [-0.14142136 -0.14142136]
Processing direction 12: [-0.07653669 -0.18477591]
Processing direction 13: [ 0.  -0.2]
Processing direction 14: [ 0.07653669 -0.18477591]
Processing direction 15: [ 0.14142136 -0.14142136]
Processing direction 16: [ 0.18477591 -0.07653669]

=== Step 5 ===
Current position: [1.023179292678833, 1.843692660331726]
Processing direction 1: [0.2 0. ]
Processing direction 2: [0.18477591 0.07653669]
Processing direction 3: [0.14142136 0.14142136]
Processing direction 4: [0.07653669 0.18477591]
Processing direction 5: [0.  0.2]
Processing direction 6: [-0.07653669  0.18477591]
Processing direction 7: [-0.14142136  0.14142136]
Processing direction 8: [-0.18477591  0.07653669]
Processing direction 9: [-0.2  0. ]
Processing direction 10: [-0.18477591 -0.07653669]
Processing direction 11: [-0.14142136 -0.14142136]
Processing direction 12: [-0.07653669 -0.18477591]
Processing direction 13: [ 0.  -0.2]
Processing direction 14: [ 0.07653669 -0.18477591]
Processing direction 15: [ 0.14142136 -0.14142136]
Processing direction 16: [ 0.18477591 -0.07653669]

=== Step 6 ===
Current position: [0.9206608533859253, 1.994256615638733]
Processing direction 1: [0.2 0. ]
Processing direction 2: [0.18477591 0.07653669]
Processing direction 3: [0.14142136 0.14142136]
Processing direction 4: [0.07653669 0.18477591]
Processing direction 5: [0.  0.2]
Processing direction 6: [-0.07653669  0.18477591]
Processing direction 7: [-0.14142136  0.14142136]
Processing direction 8: [-0.18477591  0.07653669]
Processing direction 9: [-0.2  0. ]
Processing direction 10: [-0.18477591 -0.07653669]
Processing direction 11: [-0.14142136 -0.14142136]
Processing direction 12: [-0.07653669 -0.18477591]
Processing direction 13: [ 0.  -0.2]
Processing direction 14: [ 0.07653669 -0.18477591]
Processing direction 15: [ 0.14142136 -0.14142136]
Processing direction 16: [ 0.18477591 -0.07653669]

=== Step 7 ===
Current position: [0.8348390460014343, 2.1185379028320312]
Processing direction 1: [0.2 0. ]
Processing direction 2: [0.18477591 0.07653669]
Processing direction 3: [0.14142136 0.14142136]
Processing direction 4: [0.07653669 0.18477591]
Processing direction 5: [0.  0.2]
Processing direction 6: [-0.07653669  0.18477591]
Processing direction 7: [-0.14142136  0.14142136]
Processing direction 8: [-0.18477591  0.07653669]
Processing direction 9: [-0.2  0. ]
Processing direction 10: [-0.18477591 -0.07653669]
Processing direction 11: [-0.14142136 -0.14142136]
Processing direction 12: [-0.07653669 -0.18477591]
Processing direction 13: [ 0.  -0.2]
Processing direction 14: [ 0.07653669 -0.18477591]
Processing direction 15: [ 0.14142136 -0.14142136]
Processing direction 16: [ 0.18477591 -0.07653669]

=== Step 8 ===
Current position: [0.7891161441802979, 2.2567310333251953]
Processing direction 1: [0.2 0. ]
Processing direction 2: [0.18477591 0.07653669]
Processing direction 3: [0.14142136 0.14142136]
Processing direction 4: [0.07653669 0.18477591]
Processing direction 5: [0.  0.2]
Processing direction 6: [-0.07653669  0.18477591]
Processing direction 7: [-0.14142136  0.14142136]
Processing direction 8: [-0.18477591  0.07653669]
Processing direction 9: [-0.2  0. ]
Processing direction 10: [-0.18477591 -0.07653669]
Processing direction 11: [-0.14142136 -0.14142136]
Processing direction 12: [-0.07653669 -0.18477591]
Processing direction 13: [ 0.  -0.2]
Processing direction 14: [ 0.07653669 -0.18477591]
Processing direction 15: [ 0.14142136 -0.14142136]
Processing direction 16: [ 0.18477591 -0.07653669]

=== Step 9 ===
Current position: [1.0477609634399414, 2.1112334728240967]
Processing direction 1: [0.2 0. ]
Processing direction 2: [0.18477591 0.07653669]
Processing direction 3: [0.14142136 0.14142136]
Processing direction 4: [0.07653669 0.18477591]
Processing direction 5: [0.  0.2]
Processing direction 6: [-0.07653669  0.18477591]
Processing direction 7: [-0.14142136  0.14142136]
Processing direction 8: [-0.18477591  0.07653669]
Processing direction 9: [-0.2  0. ]
Processing direction 10: [-0.18477591 -0.07653669]
Processing direction 11: [-0.14142136 -0.14142136]
Processing direction 12: [-0.07653669 -0.18477591]
Processing direction 13: [ 0.  -0.2]
Processing direction 14: [ 0.07653669 -0.18477591]
Processing direction 15: [ 0.14142136 -0.14142136]
Processing direction 16: [ 0.18477591 -0.07653669]

=== Step 10 ===
Current position: [1.0463287830352783, 2.2739615440368652]
Processing direction 1: [0.2 0. ]
Processing direction 2: [0.18477591 0.07653669]
Processing direction 3: [0.14142136 0.14142136]
Processing direction 4: [0.07653669 0.18477591]
Processing direction 5: [0.  0.2]
Processing direction 6: [-0.07653669  0.18477591]
Processing direction 7: [-0.14142136  0.14142136]
Processing direction 8: [-0.18477591  0.07653669]
Processing direction 9: [-0.2  0. ]
Processing direction 10: [-0.18477591 -0.07653669]
Processing direction 11: [-0.14142136 -0.14142136]
Processing direction 12: [-0.07653669 -0.18477591]
Processing direction 13: [ 0.  -0.2]
Processing direction 14: [ 0.07653669 -0.18477591]
Processing direction 15: [ 0.14142136 -0.14142136]
Processing direction 16: [ 0.18477591 -0.07653669]

=== Step 11 ===
Current position: [0.9863870143890381, 2.3774313926696777]
Processing direction 1: [0.2 0. ]
Processing direction 2: [0.18477591 0.07653669]
Processing direction 3: [0.14142136 0.14142136]
Processing direction 4: [0.07653669 0.18477591]
Processing direction 5: [0.  0.2]
Processing direction 6: [-0.07653669  0.18477591]
Processing direction 7: [-0.14142136  0.14142136]
Processing direction 8: [-0.18477591  0.07653669]
Processing direction 9: [-0.2  0. ]
Processing direction 10: [-0.18477591 -0.07653669]
Processing direction 11: [-0.14142136 -0.14142136]
Processing direction 12: [-0.07653669 -0.18477591]
Processing direction 13: [ 0.  -0.2]
Processing direction 14: [ 0.07653669 -0.18477591]
Processing direction 15: [ 0.14142136 -0.14142136]
Processing direction 16: [ 0.18477591 -0.07653669]

=== Step 12 ===
Current position: [1.1624846458435059, 2.2272706031799316]
Processing direction 1: [0.2 0. ]
Processing direction 2: [0.18477591 0.07653669]
Processing direction 3: [0.14142136 0.14142136]
Processing direction 4: [0.07653669 0.18477591]
Processing direction 5: [0.  0.2]
Processing direction 6: [-0.07653669  0.18477591]
Processing direction 7: [-0.14142136  0.14142136]
Processing direction 8: [-0.18477591  0.07653669]
Processing direction 9: [-0.2  0. ]
Processing direction 10: [-0.18477591 -0.07653669]
Processing direction 11: [-0.14142136 -0.14142136]
Processing direction 12: [-0.07653669 -0.18477591]
Processing direction 13: [ 0.  -0.2]
Processing direction 14: [ 0.07653669 -0.18477591]
Processing direction 15: [ 0.14142136 -0.14142136]
Processing direction 16: [ 0.18477591 -0.07653669]

=== Step 13 ===
Current position: [1.3579264879226685, 2.094529628753662]
Processing direction 1: [0.2 0. ]
Processing direction 2: [0.18477591 0.07653669]
Processing direction 3: [0.14142136 0.14142136]
Processing direction 4: [0.07653669 0.18477591]
Processing direction 5: [0.  0.2]
Processing direction 6: [-0.07653669  0.18477591]
Processing direction 7: [-0.14142136  0.14142136]
Processing direction 8: [-0.18477591  0.07653669]
Processing direction 9: [-0.2  0. ]
Processing direction 10: [-0.18477591 -0.07653669]
Processing direction 11: [-0.14142136 -0.14142136]
Processing direction 12: [-0.07653669 -0.18477591]
Processing direction 13: [ 0.  -0.2]
Processing direction 14: [ 0.07653669 -0.18477591]
Processing direction 15: [ 0.14142136 -0.14142136]
Processing direction 16: [ 0.18477591 -0.07653669]

=== Step 14 ===
Current position: [1.5784008502960205, 1.8948321342468262]
Processing direction 1: [0.2 0. ]
Processing direction 2: [0.18477591 0.07653669]
Processing direction 3: [0.14142136 0.14142136]
Processing direction 4: [0.07653669 0.18477591]
Processing direction 5: [0.  0.2]
Processing direction 6: [-0.07653669  0.18477591]
Processing direction 7: [-0.14142136  0.14142136]
Processing direction 8: [-0.18477591  0.07653669]
Processing direction 9: [-0.2  0. ]
Processing direction 10: [-0.18477591 -0.07653669]
Processing direction 11: [-0.14142136 -0.14142136]
Processing direction 12: [-0.07653669 -0.18477591]
Processing direction 13: [ 0.  -0.2]
Processing direction 14: [ 0.07653669 -0.18477591]
Processing direction 15: [ 0.14142136 -0.14142136]
Processing direction 16: [ 0.18477591 -0.07653669]

=== Step 15 ===
Current position: [1.808855414390564, 1.748897671699524]
Processing direction 1: [0.2 0. ]
Processing direction 2: [0.18477591 0.07653669]
Processing direction 3: [0.14142136 0.14142136]
Processing direction 4: [0.07653669 0.18477591]
Processing direction 5: [0.  0.2]
Processing direction 6: [-0.07653669  0.18477591]
Processing direction 7: [-0.14142136  0.14142136]
Processing direction 8: [-0.18477591  0.07653669]
Processing direction 9: [-0.2  0. ]
Processing direction 10: [-0.18477591 -0.07653669]
Processing direction 11: [-0.14142136 -0.14142136]
Processing direction 12: [-0.07653669 -0.18477591]
Processing direction 13: [ 0.  -0.2]
Processing direction 14: [ 0.07653669 -0.18477591]
Processing direction 15: [ 0.14142136 -0.14142136]
Processing direction 16: [ 0.18477591 -0.07653669]

=== Step 16 ===
Current position: [1.99656081199646, 1.6307189464569092]
Processing direction 1: [0.2 0. ]
Processing direction 2: [0.18477591 0.07653669]
Processing direction 3: [0.14142136 0.14142136]
Processing direction 4: [0.07653669 0.18477591]
Processing direction 5: [0.  0.2]
Processing direction 6: [-0.07653669  0.18477591]
Processing direction 7: [-0.14142136  0.14142136]
Processing direction 8: [-0.18477591  0.07653669]
Processing direction 9: [-0.2  0. ]
Processing direction 10: [-0.18477591 -0.07653669]
Processing direction 11: [-0.14142136 -0.14142136]
Processing direction 12: [-0.07653669 -0.18477591]
Processing direction 13: [ 0.  -0.2]
Processing direction 14: [ 0.07653669 -0.18477591]
Processing direction 15: [ 0.14142136 -0.14142136]
Processing direction 16: [ 0.18477591 -0.07653669]

=== Step 17 ===
Current position: [2.2536866664886475, 1.5361719131469727]
Processing direction 1: [0.2 0. ]
Processing direction 2: [0.18477591 0.07653669]
Processing direction 3: [0.14142136 0.14142136]
Processing direction 4: [0.07653669 0.18477591]
Processing direction 5: [0.  0.2]
Processing direction 6: [-0.07653669  0.18477591]
Processing direction 7: [-0.14142136  0.14142136]
Processing direction 8: [-0.18477591  0.07653669]
Processing direction 9: [-0.2  0. ]
Processing direction 10: [-0.18477591 -0.07653669]
Processing direction 11: [-0.14142136 -0.14142136]
Processing direction 12: [-0.07653669 -0.18477591]
Processing direction 13: [ 0.  -0.2]
Processing direction 14: [ 0.07653669 -0.18477591]
Processing direction 15: [ 0.14142136 -0.14142136]
Processing direction 16: [ 0.18477591 -0.07653669]

=== Step 18 ===
Current position: [2.1922175884246826, 1.5987037420272827]
Processing direction 1: [0.2 0. ]
Processing direction 2: [0.18477591 0.07653669]
Processing direction 3: [0.14142136 0.14142136]
Processing direction 4: [0.07653669 0.18477591]
Processing direction 5: [0.  0.2]
Processing direction 6: [-0.07653669  0.18477591]
Processing direction 7: [-0.14142136  0.14142136]
Processing direction 8: [-0.18477591  0.07653669]
Processing direction 9: [-0.2  0. ]
Processing direction 10: [-0.18477591 -0.07653669]
Processing direction 11: [-0.14142136 -0.14142136]
Processing direction 12: [-0.07653669 -0.18477591]
Processing direction 13: [ 0.  -0.2]
Processing direction 14: [ 0.07653669 -0.18477591]
Processing direction 15: [ 0.14142136 -0.14142136]
Processing direction 16: [ 0.18477591 -0.07653669]

=== Step 19 ===
Current position: [2.346224784851074, 1.5078274011611938]
Processing direction 1: [0.2 0. ]
Processing direction 2: [0.18477591 0.07653669]
Processing direction 3: [0.14142136 0.14142136]
Processing direction 4: [0.07653669 0.18477591]
Processing direction 5: [0.  0.2]
Processing direction 6: [-0.07653669  0.18477591]
Processing direction 7: [-0.14142136  0.14142136]
Processing direction 8: [-0.18477591  0.07653669]
Processing direction 9: [-0.2  0. ]
Processing direction 10: [-0.18477591 -0.07653669]
Processing direction 11: [-0.14142136 -0.14142136]
Processing direction 12: [-0.07653669 -0.18477591]
Processing direction 13: [ 0.  -0.2]
Processing direction 14: [ 0.07653669 -0.18477591]
Processing direction 15: [ 0.14142136 -0.14142136]
Processing direction 16: [ 0.18477591 -0.07653669]

=== Step 20 ===
Current position: [2.1986663341522217, 1.6808148622512817]
Processing direction 1: [0.2 0. ]
Processing direction 2: [0.18477591 0.07653669]
Processing direction 3: [0.14142136 0.14142136]
Processing direction 4: [0.07653669 0.18477591]
Processing direction 5: [0.  0.2]
Processing direction 6: [-0.07653669  0.18477591]
Processing direction 7: [-0.14142136  0.14142136]
Processing direction 8: [-0.18477591  0.07653669]
Processing direction 9: [-0.2  0. ]
Processing direction 10: [-0.18477591 -0.07653669]
Processing direction 11: [-0.14142136 -0.14142136]
Processing direction 12: [-0.07653669 -0.18477591]
Processing direction 13: [ 0.  -0.2]
Processing direction 14: [ 0.07653669 -0.18477591]
Processing direction 15: [ 0.14142136 -0.14142136]
Processing direction 16: [ 0.18477591 -0.07653669]

=== Step 21 ===
Current position: [2.515001058578491, 1.6064255237579346]
Processing direction 1: [0.2 0. ]
Processing direction 2: [0.18477591 0.07653669]
Processing direction 3: [0.14142136 0.14142136]
Processing direction 4: [0.07653669 0.18477591]
Processing direction 5: [0.  0.2]
Processing direction 6: [-0.07653669  0.18477591]
Processing direction 7: [-0.14142136  0.14142136]
Processing direction 8: [-0.18477591  0.07653669]
Processing direction 9: [-0.2  0. ]
Processing direction 10: [-0.18477591 -0.07653669]
Processing direction 11: [-0.14142136 -0.14142136]
Processing direction 12: [-0.07653669 -0.18477591]
Processing direction 13: [ 0.  -0.2]
Processing direction 14: [ 0.07653669 -0.18477591]
Processing direction 15: [ 0.14142136 -0.14142136]
Processing direction 16: [ 0.18477591 -0.07653669]

=== Step 22 ===
Current position: [2.4144697189331055, 1.7669950723648071]
Processing direction 1: [0.2 0. ]
Processing direction 2: [0.18477591 0.07653669]
Processing direction 3: [0.14142136 0.14142136]
Processing direction 4: [0.07653669 0.18477591]
Processing direction 5: [0.  0.2]
Processing direction 6: [-0.07653669  0.18477591]
Processing direction 7: [-0.14142136  0.14142136]
Processing direction 8: [-0.18477591  0.07653669]
Processing direction 9: [-0.2  0. ]
Processing direction 10: [-0.18477591 -0.07653669]
Processing direction 11: [-0.14142136 -0.14142136]
Processing direction 12: [-0.07653669 -0.18477591]
Processing direction 13: [ 0.  -0.2]
Processing direction 14: [ 0.07653669 -0.18477591]
Processing direction 15: [ 0.14142136 -0.14142136]
Processing direction 16: [ 0.18477591 -0.07653669]

=== Step 23 ===
Current position: [2.641467332839966, 1.6389689445495605]
Processing direction 1: [0.2 0. ]
Processing direction 2: [0.18477591 0.07653669]
Processing direction 3: [0.14142136 0.14142136]
Processing direction 4: [0.07653669 0.18477591]
Processing direction 5: [0.  0.2]
Processing direction 6: [-0.07653669  0.18477591]
Processing direction 7: [-0.14142136  0.14142136]
Processing direction 8: [-0.18477591  0.07653669]
Processing direction 9: [-0.2  0. ]
Processing direction 10: [-0.18477591 -0.07653669]
Processing direction 11: [-0.14142136 -0.14142136]
Processing direction 12: [-0.07653669 -0.18477591]
Processing direction 13: [ 0.  -0.2]
Processing direction 14: [ 0.07653669 -0.18477591]
Processing direction 15: [ 0.14142136 -0.14142136]
Processing direction 16: [ 0.18477591 -0.07653669]

=== Step 24 ===
Current position: [2.51944899559021, 1.7446258068084717]
Processing direction 1: [0.2 0. ]
Processing direction 2: [0.18477591 0.07653669]
Processing direction 3: [0.14142136 0.14142136]
Processing direction 4: [0.07653669 0.18477591]
Processing direction 5: [0.  0.2]
Processing direction 6: [-0.07653669  0.18477591]
Processing direction 7: [-0.14142136  0.14142136]
Processing direction 8: [-0.18477591  0.07653669]
Processing direction 9: [-0.2  0. ]
Processing direction 10: [-0.18477591 -0.07653669]
Processing direction 11: [-0.14142136 -0.14142136]
Processing direction 12: [-0.07653669 -0.18477591]
Processing direction 13: [ 0.  -0.2]
Processing direction 14: [ 0.07653669 -0.18477591]
Processing direction 15: [ 0.14142136 -0.14142136]
Processing direction 16: [ 0.18477591 -0.07653669]

=== Step 25 ===
Current position: [2.7312746047973633, 1.6298089027404785]
Processing direction 1: [0.2 0. ]
Processing direction 2: [0.18477591 0.07653669]
Processing direction 3: [0.14142136 0.14142136]
Processing direction 4: [0.07653669 0.18477591]
Processing direction 5: [0.  0.2]
Processing direction 6: [-0.07653669  0.18477591]
Processing direction 7: [-0.14142136  0.14142136]
Processing direction 8: [-0.18477591  0.07653669]
Processing direction 9: [-0.2  0. ]
Processing direction 10: [-0.18477591 -0.07653669]
Processing direction 11: [-0.14142136 -0.14142136]
Processing direction 12: [-0.07653669 -0.18477591]
Processing direction 13: [ 0.  -0.2]
Processing direction 14: [ 0.07653669 -0.18477591]
Processing direction 15: [ 0.14142136 -0.14142136]
Processing direction 16: [ 0.18477591 -0.07653669]

=== Step 26 ===
Current position: [2.6464343070983887, 1.6881279945373535]
Processing direction 1: [0.2 0. ]
Processing direction 2: [0.18477591 0.07653669]
Processing direction 3: [0.14142136 0.14142136]
Processing direction 4: [0.07653669 0.18477591]
Processing direction 5: [0.  0.2]
Processing direction 6: [-0.07653669  0.18477591]
Processing direction 7: [-0.14142136  0.14142136]
Processing direction 8: [-0.18477591  0.07653669]
Processing direction 9: [-0.2  0. ]
Processing direction 10: [-0.18477591 -0.07653669]
Processing direction 11: [-0.14142136 -0.14142136]
Processing direction 12: [-0.07653669 -0.18477591]
Processing direction 13: [ 0.  -0.2]
Processing direction 14: [ 0.07653669 -0.18477591]
Processing direction 15: [ 0.14142136 -0.14142136]
Processing direction 16: [ 0.18477591 -0.07653669]

=== Step 27 ===
Current position: [2.5419673919677734, 1.7656341791152954]
Processing direction 1: [0.2 0. ]
Processing direction 2: [0.18477591 0.07653669]
Processing direction 3: [0.14142136 0.14142136]
Processing direction 4: [0.07653669 0.18477591]
Processing direction 5: [0.  0.2]
Processing direction 6: [-0.07653669  0.18477591]
Processing direction 7: [-0.14142136  0.14142136]
Processing direction 8: [-0.18477591  0.07653669]
Processing direction 9: [-0.2  0. ]
Processing direction 10: [-0.18477591 -0.07653669]
Processing direction 11: [-0.14142136 -0.14142136]
Processing direction 12: [-0.07653669 -0.18477591]
Processing direction 13: [ 0.  -0.2]
Processing direction 14: [ 0.07653669 -0.18477591]
Processing direction 15: [ 0.14142136 -0.14142136]
Processing direction 16: [ 0.18477591 -0.07653669]

=== Step 28 ===
Current position: [2.4151198863983154, 1.8611671924591064]
Processing direction 1: [0.2 0. ]
Processing direction 2: [0.18477591 0.07653669]
Processing direction 3: [0.14142136 0.14142136]
Processing direction 4: [0.07653669 0.18477591]
Processing direction 5: [0.  0.2]
Processing direction 6: [-0.07653669  0.18477591]
Processing direction 7: [-0.14142136  0.14142136]
Processing direction 8: [-0.18477591  0.07653669]
Processing direction 9: [-0.2  0. ]
Processing direction 10: [-0.18477591 -0.07653669]
Processing direction 11: [-0.14142136 -0.14142136]
Processing direction 12: [-0.07653669 -0.18477591]
Processing direction 13: [ 0.  -0.2]
Processing direction 14: [ 0.07653669 -0.18477591]
Processing direction 15: [ 0.14142136 -0.14142136]
Processing direction 16: [ 0.18477591 -0.07653669]

=== Step 29 ===
Current position: [2.32808780670166, 1.97258722782135]
Processing direction 1: [0.2 0. ]
Processing direction 2: [0.18477591 0.07653669]
Processing direction 3: [0.14142136 0.14142136]
Processing direction 4: [0.07653669 0.18477591]
Processing direction 5: [0.  0.2]
Processing direction 6: [-0.07653669  0.18477591]
Processing direction 7: [-0.14142136  0.14142136]
Processing direction 8: [-0.18477591  0.07653669]
Processing direction 9: [-0.2  0. ]
Processing direction 10: [-0.18477591 -0.07653669]
Processing direction 11: [-0.14142136 -0.14142136]
Processing direction 12: [-0.07653669 -0.18477591]
Processing direction 13: [ 0.  -0.2]
Processing direction 14: [ 0.07653669 -0.18477591]
Processing direction 15: [ 0.14142136 -0.14142136]
Processing direction 16: [ 0.18477591 -0.07653669]

=== Step 30 ===
Current position: [2.5585155487060547, 1.8611427545547485]
Processing direction 1: [0.2 0. ]
Processing direction 2: [0.18477591 0.07653669]
Processing direction 3: [0.14142136 0.14142136]
Processing direction 4: [0.07653669 0.18477591]
Processing direction 5: [0.  0.2]
Processing direction 6: [-0.07653669  0.18477591]
Processing direction 7: [-0.14142136  0.14142136]
Processing direction 8: [-0.18477591  0.07653669]
Processing direction 9: [-0.2  0. ]
Processing direction 10: [-0.18477591 -0.07653669]
Processing direction 11: [-0.14142136 -0.14142136]
Processing direction 12: [-0.07653669 -0.18477591]
Processing direction 13: [ 0.  -0.2]
Processing direction 14: [ 0.07653669 -0.18477591]
Processing direction 15: [ 0.14142136 -0.14142136]
Processing direction 16: [ 0.18477591 -0.07653669]

=== Step 31 ===
Current position: [2.490870714187622, 1.9386682510375977]
Processing direction 1: [0.2 0. ]
Processing direction 2: [0.18477591 0.07653669]
Processing direction 3: [0.14142136 0.14142136]
Processing direction 4: [0.07653669 0.18477591]
Processing direction 5: [0.  0.2]
Processing direction 6: [-0.07653669  0.18477591]
Processing direction 7: [-0.14142136  0.14142136]
Processing direction 8: [-0.18477591  0.07653669]
Processing direction 9: [-0.2  0. ]
Processing direction 10: [-0.18477591 -0.07653669]
Processing direction 11: [-0.14142136 -0.14142136]
Processing direction 12: [-0.07653669 -0.18477591]
Processing direction 13: [ 0.  -0.2]
Processing direction 14: [ 0.07653669 -0.18477591]
Processing direction 15: [ 0.14142136 -0.14142136]
Processing direction 16: [ 0.18477591 -0.07653669]

=== Step 32 ===
Current position: [2.725555181503296, 1.807928442955017]
Processing direction 1: [0.2 0. ]
Processing direction 2: [0.18477591 0.07653669]
Processing direction 3: [0.14142136 0.14142136]
Processing direction 4: [0.07653669 0.18477591]
Processing direction 5: [0.  0.2]
Processing direction 6: [-0.07653669  0.18477591]
Processing direction 7: [-0.14142136  0.14142136]
Processing direction 8: [-0.18477591  0.07653669]
Processing direction 9: [-0.2  0. ]
Processing direction 10: [-0.18477591 -0.07653669]
Processing direction 11: [-0.14142136 -0.14142136]
Processing direction 12: [-0.07653669 -0.18477591]
Processing direction 13: [ 0.  -0.2]
Processing direction 14: [ 0.07653669 -0.18477591]
Processing direction 15: [ 0.14142136 -0.14142136]
Processing direction 16: [ 0.18477591 -0.07653669]

=== Step 33 ===
Current position: [2.631284475326538, 1.8927197456359863]
Processing direction 1: [0.2 0. ]
Processing direction 2: [0.18477591 0.07653669]
Processing direction 3: [0.14142136 0.14142136]
Processing direction 4: [0.07653669 0.18477591]
Processing direction 5: [0.  0.2]
Processing direction 6: [-0.07653669  0.18477591]
Processing direction 7: [-0.14142136  0.14142136]
Processing direction 8: [-0.18477591  0.07653669]
Processing direction 9: [-0.2  0. ]
Processing direction 10: [-0.18477591 -0.07653669]
Processing direction 11: [-0.14142136 -0.14142136]
Processing direction 12: [-0.07653669 -0.18477591]
Processing direction 13: [ 0.  -0.2]
Processing direction 14: [ 0.07653669 -0.18477591]
Processing direction 15: [ 0.14142136 -0.14142136]
Processing direction 16: [ 0.18477591 -0.07653669]

=== Step 34 ===
Current position: [2.5105080604553223, 1.996873140335083]
Processing direction 1: [0.2 0. ]
Processing direction 2: [0.18477591 0.07653669]
Processing direction 3: [0.14142136 0.14142136]
Processing direction 4: [0.07653669 0.18477591]
Processing direction 5: [0.  0.2]
Processing direction 6: [-0.07653669  0.18477591]
Processing direction 7: [-0.14142136  0.14142136]
Processing direction 8: [-0.18477591  0.07653669]
Processing direction 9: [-0.2  0. ]
Processing direction 10: [-0.18477591 -0.07653669]
Processing direction 11: [-0.14142136 -0.14142136]
Processing direction 12: [-0.07653669 -0.18477591]
Processing direction 13: [ 0.  -0.2]
Processing direction 14: [ 0.07653669 -0.18477591]
Processing direction 15: [ 0.14142136 -0.14142136]
Processing direction 16: [ 0.18477591 -0.07653669]

=== Step 35 ===
Current position: [2.7651803493499756, 1.8907910585403442]
Processing direction 1: [0.2 0. ]
Processing direction 2: [0.18477591 0.07653669]
Processing direction 3: [0.14142136 0.14142136]
Processing direction 4: [0.07653669 0.18477591]
Processing direction 5: [0.  0.2]
Processing direction 6: [-0.07653669  0.18477591]
Processing direction 7: [-0.14142136  0.14142136]
Processing direction 8: [-0.18477591  0.07653669]
Processing direction 9: [-0.2  0. ]
Processing direction 10: [-0.18477591 -0.07653669]
Processing direction 11: [-0.14142136 -0.14142136]
Processing direction 12: [-0.07653669 -0.18477591]
Processing direction 13: [ 0.  -0.2]
Processing direction 14: [ 0.07653669 -0.18477591]
Processing direction 15: [ 0.14142136 -0.14142136]
Processing direction 16: [ 0.18477591 -0.07653669]

=== Step 36 ===
Current position: [2.6332123279571533, 1.976718783378601]
Processing direction 1: [0.2 0. ]
Processing direction 2: [0.18477591 0.07653669]
Processing direction 3: [0.14142136 0.14142136]
Processing direction 4: [0.07653669 0.18477591]
Processing direction 5: [0.  0.2]
Processing direction 6: [-0.07653669  0.18477591]
Processing direction 7: [-0.14142136  0.14142136]
Processing direction 8: [-0.18477591  0.07653669]
Processing direction 9: [-0.2  0. ]
Processing direction 10: [-0.18477591 -0.07653669]
Processing direction 11: [-0.14142136 -0.14142136]
Processing direction 12: [-0.07653669 -0.18477591]
Processing direction 13: [ 0.  -0.2]
Processing direction 14: [ 0.07653669 -0.18477591]
Processing direction 15: [ 0.14142136 -0.14142136]
Processing direction 16: [ 0.18477591 -0.07653669]

=== Step 37 ===
Current position: [2.96299409866333, 1.915177822113037]
Processing direction 1: [0.2 0. ]
Processing direction 2: [0.18477591 0.07653669]
Processing direction 3: [0.14142136 0.14142136]
Processing direction 4: [0.07653669 0.18477591]
Processing direction 5: [0.  0.2]
Processing direction 6: [-0.07653669  0.18477591]
Processing direction 7: [-0.14142136  0.14142136]
Processing direction 8: [-0.18477591  0.07653669]
Processing direction 9: [-0.2  0. ]
Processing direction 10: [-0.18477591 -0.07653669]
Processing direction 11: [-0.14142136 -0.14142136]
Processing direction 12: [-0.07653669 -0.18477591]
Processing direction 13: [ 0.  -0.2]
Processing direction 14: [ 0.07653669 -0.18477591]
Processing direction 15: [ 0.14142136 -0.14142136]
Processing direction 16: [ 0.18477591 -0.07653669]

=== Step 38 ===
Current position: [2.8686835765838623, 2.1153366565704346]
Processing direction 1: [0.2 0. ]
Processing direction 2: [0.18477591 0.07653669]
Processing direction 3: [0.14142136 0.14142136]
Processing direction 4: [0.07653669 0.18477591]
Processing direction 5: [0.  0.2]
Processing direction 6: [-0.07653669  0.18477591]
Processing direction 7: [-0.14142136  0.14142136]
Processing direction 8: [-0.18477591  0.07653669]
Processing direction 9: [-0.2  0. ]
Processing direction 10: [-0.18477591 -0.07653669]
Processing direction 11: [-0.14142136 -0.14142136]
Processing direction 12: [-0.07653669 -0.18477591]
Processing direction 13: [ 0.  -0.2]
Processing direction 14: [ 0.07653669 -0.18477591]
Processing direction 15: [ 0.14142136 -0.14142136]
Processing direction 16: [ 0.18477591 -0.07653669]

=== Step 39 ===
Current position: [3.0992465019226074, 2.0341172218322754]
Processing direction 1: [0.2 0. ]
Processing direction 2: [0.18477591 0.07653669]
Processing direction 3: [0.14142136 0.14142136]
Processing direction 4: [0.07653669 0.18477591]
Processing direction 5: [0.  0.2]
Processing direction 6: [-0.07653669  0.18477591]
Processing direction 7: [-0.14142136  0.14142136]
Processing direction 8: [-0.18477591  0.07653669]
Processing direction 9: [-0.2  0. ]
Processing direction 10: [-0.18477591 -0.07653669]
Processing direction 11: [-0.14142136 -0.14142136]
Processing direction 12: [-0.07653669 -0.18477591]
Processing direction 13: [ 0.  -0.2]
Processing direction 14: [ 0.07653669 -0.18477591]
Processing direction 15: [ 0.14142136 -0.14142136]
Processing direction 16: [ 0.18477591 -0.07653669]

=== Step 40 ===
Current position: [3.0283195972442627, 2.166813611984253]
Processing direction 1: [0.2 0. ]
Processing direction 2: [0.18477591 0.07653669]
Processing direction 3: [0.14142136 0.14142136]
Processing direction 4: [0.07653669 0.18477591]
Processing direction 5: [0.  0.2]
Processing direction 6: [-0.07653669  0.18477591]
Processing direction 7: [-0.14142136  0.14142136]
Processing direction 8: [-0.18477591  0.07653669]
Processing direction 9: [-0.2  0. ]
Processing direction 10: [-0.18477591 -0.07653669]
Processing direction 11: [-0.14142136 -0.14142136]
Processing direction 12: [-0.07653669 -0.18477591]
Processing direction 13: [ 0.  -0.2]
Processing direction 14: [ 0.07653669 -0.18477591]
Processing direction 15: [ 0.14142136 -0.14142136]
Processing direction 16: [ 0.18477591 -0.07653669]

=== Step 41 ===
Current position: [3.0330512523651123, 2.3420653343200684]
Processing direction 1: [0.2 0. ]
Processing direction 2: [0.18477591 0.07653669]
Processing direction 3: [0.14142136 0.14142136]
Processing direction 4: [0.07653669 0.18477591]
Processing direction 5: [0.  0.2]
Processing direction 6: [-0.07653669  0.18477591]
Processing direction 7: [-0.14142136  0.14142136]
Processing direction 8: [-0.18477591  0.07653669]
Processing direction 9: [-0.2  0. ]
Processing direction 10: [-0.18477591 -0.07653669]
Processing direction 11: [-0.14142136 -0.14142136]
Processing direction 12: [-0.07653669 -0.18477591]
Processing direction 13: [ 0.  -0.2]
Processing direction 14: [ 0.07653669 -0.18477591]
Processing direction 15: [ 0.14142136 -0.14142136]
Processing direction 16: [ 0.18477591 -0.07653669]

=== Step 42 ===
Current position: [3.161832332611084, 2.487400770187378]
Processing direction 1: [0.2 0. ]
Processing direction 2: [0.18477591 0.07653669]
Processing direction 3: [0.14142136 0.14142136]
Processing direction 4: [0.07653669 0.18477591]
Processing direction 5: [0.  0.2]
Processing direction 6: [-0.07653669  0.18477591]
Processing direction 7: [-0.14142136  0.14142136]
Processing direction 8: [-0.18477591  0.07653669]
Processing direction 9: [-0.2  0. ]
Processing direction 10: [-0.18477591 -0.07653669]
Processing direction 11: [-0.14142136 -0.14142136]
Processing direction 12: [-0.07653669 -0.18477591]
Processing direction 13: [ 0.  -0.2]
Processing direction 14: [ 0.07653669 -0.18477591]
Processing direction 15: [ 0.14142136 -0.14142136]
Processing direction 16: [ 0.18477591 -0.07653669]

=== Step 43 ===
Current position: [3.322232961654663, 2.6462438106536865]
Processing direction 1: [0.2 0. ]
Processing direction 2: [0.18477591 0.07653669]
Processing direction 3: [0.14142136 0.14142136]
Processing direction 4: [0.07653669 0.18477591]
Processing direction 5: [0.  0.2]
Processing direction 6: [-0.07653669  0.18477591]
Processing direction 7: [-0.14142136  0.14142136]
Processing direction 8: [-0.18477591  0.07653669]
Processing direction 9: [-0.2  0. ]
Processing direction 10: [-0.18477591 -0.07653669]
Processing direction 11: [-0.14142136 -0.14142136]
Processing direction 12: [-0.07653669 -0.18477591]
Processing direction 13: [ 0.  -0.2]
Processing direction 14: [ 0.07653669 -0.18477591]
Processing direction 15: [ 0.14142136 -0.14142136]
Processing direction 16: [ 0.18477591 -0.07653669]

=== Step 44 ===
Current position: [3.4522178173065186, 2.772416353225708]
Processing direction 1: [0.2 0. ]
Processing direction 2: [0.18477591 0.07653669]
Processing direction 3: [0.14142136 0.14142136]
Processing direction 4: [0.07653669 0.18477591]
Processing direction 5: [0.  0.2]
Processing direction 6: [-0.07653669  0.18477591]
Processing direction 7: [-0.14142136  0.14142136]
Processing direction 8: [-0.18477591  0.07653669]
Processing direction 9: [-0.2  0. ]
Processing direction 10: [-0.18477591 -0.07653669]
Processing direction 11: [-0.14142136 -0.14142136]
Processing direction 12: [-0.07653669 -0.18477591]
Processing direction 13: [ 0.  -0.2]
Processing direction 14: [ 0.07653669 -0.18477591]
Processing direction 15: [ 0.14142136 -0.14142136]
Processing direction 16: [ 0.18477591 -0.07653669]

=== Step 45 ===
Current position: [3.542484998703003, 2.9529645442962646]
Processing direction 1: [0.2 0. ]
Processing direction 2: [0.18477591 0.07653669]
Processing direction 3: [0.14142136 0.14142136]
Processing direction 4: [0.07653669 0.18477591]
Processing direction 5: [0.  0.2]
Processing direction 6: [-0.07653669  0.18477591]
Processing direction 7: [-0.14142136  0.14142136]
Processing direction 8: [-0.18477591  0.07653669]
Processing direction 9: [-0.2  0. ]
Processing direction 10: [-0.18477591 -0.07653669]
Processing direction 11: [-0.14142136 -0.14142136]
Processing direction 12: [-0.07653669 -0.18477591]
Processing direction 13: [ 0.  -0.2]
Processing direction 14: [ 0.07653669 -0.18477591]
Processing direction 15: [ 0.14142136 -0.14142136]
Processing direction 16: [ 0.18477591 -0.07653669]

=== Step 46 ===
Current position: [3.6154701709747314, 3.1363136768341064]
Processing direction 1: [0.2 0. ]
Processing direction 2: [0.18477591 0.07653669]
Processing direction 3: [0.14142136 0.14142136]
Processing direction 4: [0.07653669 0.18477591]
Processing direction 5: [0.  0.2]
Processing direction 6: [-0.07653669  0.18477591]
Processing direction 7: [-0.14142136  0.14142136]
Processing direction 8: [-0.18477591  0.07653669]
Processing direction 9: [-0.2  0. ]
Processing direction 10: [-0.18477591 -0.07653669]
Processing direction 11: [-0.14142136 -0.14142136]
Processing direction 12: [-0.07653669 -0.18477591]
Processing direction 13: [ 0.  -0.2]
Processing direction 14: [ 0.07653669 -0.18477591]
Processing direction 15: [ 0.14142136 -0.14142136]
Processing direction 16: [ 0.18477591 -0.07653669]

=== Step 47 ===
Current position: [3.745136022567749, 3.121289014816284]
Processing direction 1: [0.2 0. ]
Processing direction 2: [0.18477591 0.07653669]
Processing direction 3: [0.14142136 0.14142136]
Processing direction 4: [0.07653669 0.18477591]
Processing direction 5: [0.  0.2]
Processing direction 6: [-0.07653669  0.18477591]
Processing direction 7: [-0.14142136  0.14142136]
Processing direction 8: [-0.18477591  0.07653669]
Processing direction 9: [-0.2  0. ]
Processing direction 10: [-0.18477591 -0.07653669]
Processing direction 11: [-0.14142136 -0.14142136]
Processing direction 12: [-0.07653669 -0.18477591]
Processing direction 13: [ 0.  -0.2]
Processing direction 14: [ 0.07653669 -0.18477591]
Processing direction 15: [ 0.14142136 -0.14142136]
Processing direction 16: [ 0.18477591 -0.07653669]

=== Step 48 ===
Current position: [3.8173627853393555, 3.1767847537994385]
Processing direction 1: [0.2 0. ]
Processing direction 2: [0.18477591 0.07653669]
Processing direction 3: [0.14142136 0.14142136]
Processing direction 4: [0.07653669 0.18477591]
Processing direction 5: [0.  0.2]
Processing direction 6: [-0.07653669  0.18477591]
Processing direction 7: [-0.14142136  0.14142136]
Processing direction 8: [-0.18477591  0.07653669]
Processing direction 9: [-0.2  0. ]
Processing direction 10: [-0.18477591 -0.07653669]
Processing direction 11: [-0.14142136 -0.14142136]
Processing direction 12: [-0.07653669 -0.18477591]
Processing direction 13: [ 0.  -0.2]
Processing direction 14: [ 0.07653669 -0.18477591]
Processing direction 15: [ 0.14142136 -0.14142136]
Processing direction 16: [ 0.18477591 -0.07653669]

=== Step 49 ===
Current position: [3.8877947330474854, 3.2185702323913574]
Processing direction 1: [0.2 0. ]
Processing direction 2: [0.18477591 0.07653669]
Processing direction 3: [0.14142136 0.14142136]
Processing direction 4: [0.07653669 0.18477591]
Processing direction 5: [0.  0.2]
Processing direction 6: [-0.07653669  0.18477591]
Processing direction 7: [-0.14142136  0.14142136]
Processing direction 8: [-0.18477591  0.07653669]
Processing direction 9: [-0.2  0. ]
Processing direction 10: [-0.18477591 -0.07653669]
Processing direction 11: [-0.14142136 -0.14142136]
Processing direction 12: [-0.07653669 -0.18477591]
Processing direction 13: [ 0.  -0.2]
Processing direction 14: [ 0.07653669 -0.18477591]
Processing direction 15: [ 0.14142136 -0.14142136]
Processing direction 16: [ 0.18477591 -0.07653669]

=== Step 50 ===
Current position: [3.917694091796875, 3.2578115463256836]
Processing direction 1: [0.2 0. ]
Processing direction 2: [0.18477591 0.07653669]
Processing direction 3: [0.14142136 0.14142136]
Processing direction 4: [0.07653669 0.18477591]
Processing direction 5: [0.  0.2]
Processing direction 6: [-0.07653669  0.18477591]
Processing direction 7: [-0.14142136  0.14142136]
Processing direction 8: [-0.18477591  0.07653669]
Processing direction 9: [-0.2  0. ]
Processing direction 10: [-0.18477591 -0.07653669]
Processing direction 11: [-0.14142136 -0.14142136]
Processing direction 12: [-0.07653669 -0.18477591]
Processing direction 13: [ 0.  -0.2]
Processing direction 14: [ 0.07653669 -0.18477591]
Processing direction 15: [ 0.14142136 -0.14142136]
Processing direction 16: [ 0.18477591 -0.07653669]

=== Step 51 ===
Current position: [3.9490931034088135, 3.282132625579834]
Processing direction 1: [0.2 0. ]
Processing direction 2: [0.18477591 0.07653669]
Processing direction 3: [0.14142136 0.14142136]
Processing direction 4: [0.07653669 0.18477591]
Processing direction 5: [0.  0.2]
Processing direction 6: [-0.07653669  0.18477591]
Processing direction 7: [-0.14142136  0.14142136]
Processing direction 8: [-0.18477591  0.07653669]
Processing direction 9: [-0.2  0. ]
Processing direction 10: [-0.18477591 -0.07653669]
Processing direction 11: [-0.14142136 -0.14142136]
Processing direction 12: [-0.07653669 -0.18477591]
Processing direction 13: [ 0.  -0.2]
Processing direction 14: [ 0.07653669 -0.18477591]
Processing direction 15: [ 0.14142136 -0.14142136]
Processing direction 16: [ 0.18477591 -0.07653669]

=== Step 52 ===
Current position: [4.037660121917725, 3.4274160861968994]
Processing direction 1: [0.2 0. ]
Processing direction 2: [0.18477591 0.07653669]
Processing direction 3: [0.14142136 0.14142136]
Processing direction 4: [0.07653669 0.18477591]
Processing direction 5: [0.  0.2]
Processing direction 6: [-0.07653669  0.18477591]
Processing direction 7: [-0.14142136  0.14142136]
Processing direction 8: [-0.18477591  0.07653669]
Processing direction 9: [-0.2  0. ]
Processing direction 10: [-0.18477591 -0.07653669]
Processing direction 11: [-0.14142136 -0.14142136]
Processing direction 12: [-0.07653669 -0.18477591]
Processing direction 13: [ 0.  -0.2]
Processing direction 14: [ 0.07653669 -0.18477591]
Processing direction 15: [ 0.14142136 -0.14142136]
Processing direction 16: [ 0.18477591 -0.07653669]

=== Step 53 ===
Current position: [4.080307960510254, 3.4760797023773193]
Processing direction 1: [0.2 0. ]
Processing direction 2: [0.18477591 0.07653669]
Processing direction 3: [0.14142136 0.14142136]
Processing direction 4: [0.07653669 0.18477591]
Processing direction 5: [0.  0.2]
Processing direction 6: [-0.07653669  0.18477591]
Processing direction 7: [-0.14142136  0.14142136]
Processing direction 8: [-0.18477591  0.07653669]
Processing direction 9: [-0.2  0. ]
Processing direction 10: [-0.18477591 -0.07653669]
Processing direction 11: [-0.14142136 -0.14142136]
Processing direction 12: [-0.07653669 -0.18477591]
Processing direction 13: [ 0.  -0.2]
Processing direction 14: [ 0.07653669 -0.18477591]
Processing direction 15: [ 0.14142136 -0.14142136]
Processing direction 16: [ 0.18477591 -0.07653669]

=== Step 54 ===
Current position: [4.1681694984436035, 3.5672249794006348]
Processing direction 1: [0.2 0. ]
Processing direction 2: [0.18477591 0.07653669]
Processing direction 3: [0.14142136 0.14142136]
Processing direction 4: [0.07653669 0.18477591]
Processing direction 5: [0.  0.2]
Processing direction 6: [-0.07653669  0.18477591]
Processing direction 7: [-0.14142136  0.14142136]
Processing direction 8: [-0.18477591  0.07653669]
Processing direction 9: [-0.2  0. ]
Processing direction 10: [-0.18477591 -0.07653669]
Processing direction 11: [-0.14142136 -0.14142136]
Processing direction 12: [-0.07653669 -0.18477591]
Processing direction 13: [ 0.  -0.2]
Processing direction 14: [ 0.07653669 -0.18477591]
Processing direction 15: [ 0.14142136 -0.14142136]
Processing direction 16: [ 0.18477591 -0.07653669]

=== Step 55 ===
Current position: [4.238058090209961, 3.6278176307678223]
Processing direction 1: [0.2 0. ]
Processing direction 2: [0.18477591 0.07653669]
Processing direction 3: [0.14142136 0.14142136]
Processing direction 4: [0.07653669 0.18477591]
Processing direction 5: [0.  0.2]
Processing direction 6: [-0.07653669  0.18477591]
Processing direction 7: [-0.14142136  0.14142136]
Processing direction 8: [-0.18477591  0.07653669]
Processing direction 9: [-0.2  0. ]
Processing direction 10: [-0.18477591 -0.07653669]
Processing direction 11: [-0.14142136 -0.14142136]
Processing direction 12: [-0.07653669 -0.18477591]
Processing direction 13: [ 0.  -0.2]
Processing direction 14: [ 0.07653669 -0.18477591]
Processing direction 15: [ 0.14142136 -0.14142136]
Processing direction 16: [ 0.18477591 -0.07653669]

=== Step 56 ===
Current position: [4.360860347747803, 3.665250539779663]
Processing direction 1: [0.2 0. ]
Processing direction 2: [0.18477591 0.07653669]
Processing direction 3: [0.14142136 0.14142136]
Processing direction 4: [0.07653669 0.18477591]
Processing direction 5: [0.  0.2]
Processing direction 6: [-0.07653669  0.18477591]
Processing direction 7: [-0.14142136  0.14142136]
Processing direction 8: [-0.18477591  0.07653669]
Processing direction 9: [-0.2  0. ]
Processing direction 10: [-0.18477591 -0.07653669]
Processing direction 11: [-0.14142136 -0.14142136]
Processing direction 12: [-0.07653669 -0.18477591]
Processing direction 13: [ 0.  -0.2]
Processing direction 14: [ 0.07653669 -0.18477591]
Processing direction 15: [ 0.14142136 -0.14142136]
Processing direction 16: [ 0.18477591 -0.07653669]

=== Step 57 ===
Current position: [4.464938640594482, 3.653623580932617]
Processing direction 1: [0.2 0. ]
Processing direction 2: [0.18477591 0.07653669]
Processing direction 3: [0.14142136 0.14142136]
Processing direction 4: [0.07653669 0.18477591]
Processing direction 5: [0.  0.2]
Processing direction 6: [-0.07653669  0.18477591]
Processing direction 7: [-0.14142136  0.14142136]
Processing direction 8: [-0.18477591  0.07653669]
Processing direction 9: [-0.2  0. ]
Processing direction 10: [-0.18477591 -0.07653669]
Processing direction 11: [-0.14142136 -0.14142136]
Processing direction 12: [-0.07653669 -0.18477591]
Processing direction 13: [ 0.  -0.2]
Processing direction 14: [ 0.07653669 -0.18477591]
Processing direction 15: [ 0.14142136 -0.14142136]
Processing direction 16: [ 0.18477591 -0.07653669]

=== Step 58 ===
Current position: [4.508553504943848, 3.693020820617676]
Processing direction 1: [0.2 0. ]
Processing direction 2: [0.18477591 0.07653669]
Processing direction 3: [0.14142136 0.14142136]
Processing direction 4: [0.07653669 0.18477591]
Processing direction 5: [0.  0.2]
Processing direction 6: [-0.07653669  0.18477591]
Processing direction 7: [-0.14142136  0.14142136]
Processing direction 8: [-0.18477591  0.07653669]
Processing direction 9: [-0.2  0. ]
Processing direction 10: [-0.18477591 -0.07653669]
Processing direction 11: [-0.14142136 -0.14142136]
Processing direction 12: [-0.07653669 -0.18477591]
Processing direction 13: [ 0.  -0.2]
Processing direction 14: [ 0.07653669 -0.18477591]
Processing direction 15: [ 0.14142136 -0.14142136]
Processing direction 16: [ 0.18477591 -0.07653669]

=== Step 59 ===
Current position: [4.486947536468506, 3.8449339866638184]
Processing direction 1: [0.2 0. ]
Processing direction 2: [0.18477591 0.07653669]
Processing direction 3: [0.14142136 0.14142136]
Processing direction 4: [0.07653669 0.18477591]
Processing direction 5: [0.  0.2]
Processing direction 6: [-0.07653669  0.18477591]
Processing direction 7: [-0.14142136  0.14142136]
Processing direction 8: [-0.18477591  0.07653669]
Processing direction 9: [-0.2  0. ]
Processing direction 10: [-0.18477591 -0.07653669]
Processing direction 11: [-0.14142136 -0.14142136]
Processing direction 12: [-0.07653669 -0.18477591]
Processing direction 13: [ 0.  -0.2]
Processing direction 14: [ 0.07653669 -0.18477591]
Processing direction 15: [ 0.14142136 -0.14142136]
Processing direction 16: [ 0.18477591 -0.07653669]

=== Step 60 ===
Current position: [4.5193634033203125, 3.9008524417877197]
Processing direction 1: [0.2 0. ]
Processing direction 2: [0.18477591 0.07653669]
Processing direction 3: [0.14142136 0.14142136]
Processing direction 4: [0.07653669 0.18477591]
Processing direction 5: [0.  0.2]
Processing direction 6: [-0.07653669  0.18477591]
Processing direction 7: [-0.14142136  0.14142136]
Processing direction 8: [-0.18477591  0.07653669]
Processing direction 9: [-0.2  0. ]
Processing direction 10: [-0.18477591 -0.07653669]
Processing direction 11: [-0.14142136 -0.14142136]
Processing direction 12: [-0.07653669 -0.18477591]
Processing direction 13: [ 0.  -0.2]
Processing direction 14: [ 0.07653669 -0.18477591]
Processing direction 15: [ 0.14142136 -0.14142136]
Processing direction 16: [ 0.18477591 -0.07653669]

=== Step 61 ===
Current position: [4.536059379577637, 4.01991081237793]
Processing direction 1: [0.2 0. ]
Processing direction 2: [0.18477591 0.07653669]
Processing direction 3: [0.14142136 0.14142136]
Processing direction 4: [0.07653669 0.18477591]
Processing direction 5: [0.  0.2]
Processing direction 6: [-0.07653669  0.18477591]
Processing direction 7: [-0.14142136  0.14142136]
Processing direction 8: [-0.18477591  0.07653669]
Processing direction 9: [-0.2  0. ]
Processing direction 10: [-0.18477591 -0.07653669]
Processing direction 11: [-0.14142136 -0.14142136]
Processing direction 12: [-0.07653669 -0.18477591]
Processing direction 13: [ 0.  -0.2]
Processing direction 14: [ 0.07653669 -0.18477591]
Processing direction 15: [ 0.14142136 -0.14142136]
Processing direction 16: [ 0.18477591 -0.07653669]

=== Step 62 ===
Current position: [4.723469257354736, 4.0822553634643555]
Processing direction 1: [0.2 0. ]
Processing direction 2: [0.18477591 0.07653669]
Processing direction 3: [0.14142136 0.14142136]
Processing direction 4: [0.07653669 0.18477591]
Processing direction 5: [0.  0.2]
Processing direction 6: [-0.07653669  0.18477591]
Processing direction 7: [-0.14142136  0.14142136]
Processing direction 8: [-0.18477591  0.07653669]
Processing direction 9: [-0.2  0. ]
Processing direction 10: [-0.18477591 -0.07653669]
Processing direction 11: [-0.14142136 -0.14142136]
Processing direction 12: [-0.07653669 -0.18477591]
Processing direction 13: [ 0.  -0.2]
Processing direction 14: [ 0.07653669 -0.18477591]
Processing direction 15: [ 0.14142136 -0.14142136]
Processing direction 16: [ 0.18477591 -0.07653669]

=== Step 63 ===
Current position: [4.7665276527404785, 4.132873058319092]
Processing direction 1: [0.2 0. ]
Processing direction 2: [0.18477591 0.07653669]
Processing direction 3: [0.14142136 0.14142136]
Processing direction 4: [0.07653669 0.18477591]
Processing direction 5: [0.  0.2]
Processing direction 6: [-0.07653669  0.18477591]
Processing direction 7: [-0.14142136  0.14142136]
Processing direction 8: [-0.18477591  0.07653669]
Processing direction 9: [-0.2  0. ]
Processing direction 10: [-0.18477591 -0.07653669]
Processing direction 11: [-0.14142136 -0.14142136]
Processing direction 12: [-0.07653669 -0.18477591]
Processing direction 13: [ 0.  -0.2]
Processing direction 14: [ 0.07653669 -0.18477591]
Processing direction 15: [ 0.14142136 -0.14142136]
Processing direction 16: [ 0.18477591 -0.07653669]

=== Step 64 ===
Current position: [4.730029582977295, 4.185408592224121]
Processing direction 1: [0.2 0. ]
Processing direction 2: [0.18477591 0.07653669]
Processing direction 3: [0.14142136 0.14142136]
Processing direction 4: [0.07653669 0.18477591]
Processing direction 5: [0.  0.2]
Processing direction 6: [-0.07653669  0.18477591]
Processing direction 7: [-0.14142136  0.14142136]
Processing direction 8: [-0.18477591  0.07653669]
Processing direction 9: [-0.2  0. ]
Processing direction 10: [-0.18477591 -0.07653669]
Processing direction 11: [-0.14142136 -0.14142136]
Processing direction 12: [-0.07653669 -0.18477591]
Processing direction 13: [ 0.  -0.2]
Processing direction 14: [ 0.07653669 -0.18477591]
Processing direction 15: [ 0.14142136 -0.14142136]
Processing direction 16: [ 0.18477591 -0.07653669]

=== Step 65 ===
Current position: [4.822261333465576, 4.240654468536377]
Processing direction 1: [0.2 0. ]
Processing direction 2: [0.18477591 0.07653669]
Processing direction 3: [0.14142136 0.14142136]
Processing direction 4: [0.07653669 0.18477591]
Processing direction 5: [0.  0.2]
Processing direction 6: [-0.07653669  0.18477591]
Processing direction 7: [-0.14142136  0.14142136]
Processing direction 8: [-0.18477591  0.07653669]
Processing direction 9: [-0.2  0. ]
Processing direction 10: [-0.18477591 -0.07653669]
Processing direction 11: [-0.14142136 -0.14142136]
Processing direction 12: [-0.07653669 -0.18477591]
Processing direction 13: [ 0.  -0.2]
Processing direction 14: [ 0.07653669 -0.18477591]
Processing direction 15: [ 0.14142136 -0.14142136]
Processing direction 16: [ 0.18477591 -0.07653669]

=== Step 66 ===
Current position: [4.807532787322998, 4.3239970207214355]
Processing direction 1: [0.2 0. ]
Processing direction 2: [0.18477591 0.07653669]
Processing direction 3: [0.14142136 0.14142136]
Processing direction 4: [0.07653669 0.18477591]
Processing direction 5: [0.  0.2]
Processing direction 6: [-0.07653669  0.18477591]
Processing direction 7: [-0.14142136  0.14142136]
Processing direction 8: [-0.18477591  0.07653669]
Processing direction 9: [-0.2  0. ]
Processing direction 10: [-0.18477591 -0.07653669]
Processing direction 11: [-0.14142136 -0.14142136]
Processing direction 12: [-0.07653669 -0.18477591]
Processing direction 13: [ 0.  -0.2]
Processing direction 14: [ 0.07653669 -0.18477591]
Processing direction 15: [ 0.14142136 -0.14142136]
Processing direction 16: [ 0.18477591 -0.07653669]

=== Step 67 ===
Current position: [4.828395366668701, 4.359524726867676]
Processing direction 1: [0.2 0. ]
Processing direction 2: [0.18477591 0.07653669]
Processing direction 3: [0.14142136 0.14142136]
Processing direction 4: [0.07653669 0.18477591]
Processing direction 5: [0.  0.2]
Processing direction 6: [-0.07653669  0.18477591]
Processing direction 7: [-0.14142136  0.14142136]
Processing direction 8: [-0.18477591  0.07653669]
Processing direction 9: [-0.2  0. ]
Processing direction 10: [-0.18477591 -0.07653669]
Processing direction 11: [-0.14142136 -0.14142136]
Processing direction 12: [-0.07653669 -0.18477591]
Processing direction 13: [ 0.  -0.2]
Processing direction 14: [ 0.07653669 -0.18477591]
Processing direction 15: [ 0.14142136 -0.14142136]
Processing direction 16: [ 0.18477591 -0.07653669]

=== Step 68 ===
Current position: [4.820282459259033, 4.399487495422363]
Processing direction 1: [0.2 0. ]
Processing direction 2: [0.18477591 0.07653669]
Processing direction 3: [0.14142136 0.14142136]
Processing direction 4: [0.07653669 0.18477591]
Processing direction 5: [0.  0.2]
Processing direction 6: [-0.07653669  0.18477591]
Processing direction 7: [-0.14142136  0.14142136]
Processing direction 8: [-0.18477591  0.07653669]
Processing direction 9: [-0.2  0. ]
Processing direction 10: [-0.18477591 -0.07653669]
Processing direction 11: [-0.14142136 -0.14142136]
Processing direction 12: [-0.07653669 -0.18477591]
Processing direction 13: [ 0.  -0.2]
Processing direction 14: [ 0.07653669 -0.18477591]
Processing direction 15: [ 0.14142136 -0.14142136]
Processing direction 16: [ 0.18477591 -0.07653669]

=== Step 69 ===
Current position: [4.805081844329834, 4.466697692871094]
Processing direction 1: [0.2 0. ]
Processing direction 2: [0.18477591 0.07653669]
Processing direction 3: [0.14142136 0.14142136]
Processing direction 4: [0.07653669 0.18477591]
Processing direction 5: [0.  0.2]
Processing direction 6: [-0.07653669  0.18477591]
Processing direction 7: [-0.14142136  0.14142136]
Processing direction 8: [-0.18477591  0.07653669]
Processing direction 9: [-0.2  0. ]
Processing direction 10: [-0.18477591 -0.07653669]
Processing direction 11: [-0.14142136 -0.14142136]
Processing direction 12: [-0.07653669 -0.18477591]
Processing direction 13: [ 0.  -0.2]
Processing direction 14: [ 0.07653669 -0.18477591]
Processing direction 15: [ 0.14142136 -0.14142136]
Processing direction 16: [ 0.18477591 -0.07653669]

=== Step 70 ===
Current position: [4.754798412322998, 4.505798816680908]
Processing direction 1: [0.2 0. ]
Processing direction 2: [0.18477591 0.07653669]
Processing direction 3: [0.14142136 0.14142136]
Processing direction 4: [0.07653669 0.18477591]
Processing direction 5: [0.  0.2]
Processing direction 6: [-0.07653669  0.18477591]
Processing direction 7: [-0.14142136  0.14142136]
Processing direction 8: [-0.18477591  0.07653669]
Processing direction 9: [-0.2  0. ]
Processing direction 10: [-0.18477591 -0.07653669]
Processing direction 11: [-0.14142136 -0.14142136]
Processing direction 12: [-0.07653669 -0.18477591]
Processing direction 13: [ 0.  -0.2]
Processing direction 14: [ 0.07653669 -0.18477591]
Processing direction 15: [ 0.14142136 -0.14142136]
Processing direction 16: [ 0.18477591 -0.07653669]

=== Step 71 ===
Current position: [4.733455181121826, 4.549675941467285]
Processing direction 1: [0.2 0. ]
Processing direction 2: [0.18477591 0.07653669]
Processing direction 3: [0.14142136 0.14142136]
Processing direction 4: [0.07653669 0.18477591]
Processing direction 5: [0.  0.2]
Processing direction 6: [-0.07653669  0.18477591]
Processing direction 7: [-0.14142136  0.14142136]
Processing direction 8: [-0.18477591  0.07653669]
Processing direction 9: [-0.2  0. ]
Processing direction 10: [-0.18477591 -0.07653669]
Processing direction 11: [-0.14142136 -0.14142136]
Processing direction 12: [-0.07653669 -0.18477591]
Processing direction 13: [ 0.  -0.2]
Processing direction 14: [ 0.07653669 -0.18477591]
Processing direction 15: [ 0.14142136 -0.14142136]
Processing direction 16: [ 0.18477591 -0.07653669]

=== Step 72 ===
Current position: [4.674525737762451, 4.6017069816589355]
Processing direction 1: [0.2 0. ]
Processing direction 2: [0.18477591 0.07653669]
Processing direction 3: [0.14142136 0.14142136]
Processing direction 4: [0.07653669 0.18477591]
Processing direction 5: [0.  0.2]
Processing direction 6: [-0.07653669  0.18477591]
Processing direction 7: [-0.14142136  0.14142136]
Processing direction 8: [-0.18477591  0.07653669]
Processing direction 9: [-0.2  0. ]
Processing direction 10: [-0.18477591 -0.07653669]
Processing direction 11: [-0.14142136 -0.14142136]
Processing direction 12: [-0.07653669 -0.18477591]
Processing direction 13: [ 0.  -0.2]
Processing direction 14: [ 0.07653669 -0.18477591]
Processing direction 15: [ 0.14142136 -0.14142136]
Processing direction 16: [ 0.18477591 -0.07653669]

=== Step 73 ===
Current position: [4.593825817108154, 4.699273109436035]
Processing direction 1: [0.2 0. ]
Processing direction 2: [0.18477591 0.07653669]
Processing direction 3: [0.14142136 0.14142136]
Processing direction 4: [0.07653669 0.18477591]
Processing direction 5: [0.  0.2]
Processing direction 6: [-0.07653669  0.18477591]
Processing direction 7: [-0.14142136  0.14142136]
Processing direction 8: [-0.18477591  0.07653669]
Processing direction 9: [-0.2  0. ]
Processing direction 10: [-0.18477591 -0.07653669]
Processing direction 11: [-0.14142136 -0.14142136]
Processing direction 12: [-0.07653669 -0.18477591]
Processing direction 13: [ 0.  -0.2]
Processing direction 14: [ 0.07653669 -0.18477591]
Processing direction 15: [ 0.14142136 -0.14142136]
Processing direction 16: [ 0.18477591 -0.07653669]

=== Step 74 ===
Current position: [4.8077802658081055, 4.658729076385498]
Processing direction 1: [0.2 0. ]
Processing direction 2: [0.18477591 0.07653669]
Processing direction 3: [0.14142136 0.14142136]
Processing direction 4: [0.07653669 0.18477591]
Processing direction 5: [0.  0.2]
Processing direction 6: [-0.07653669  0.18477591]
Processing direction 7: [-0.14142136  0.14142136]
Processing direction 8: [-0.18477591  0.07653669]
Processing direction 9: [-0.2  0. ]
Processing direction 10: [-0.18477591 -0.07653669]
Processing direction 11: [-0.14142136 -0.14142136]
Processing direction 12: [-0.07653669 -0.18477591]
Processing direction 13: [ 0.  -0.2]
Processing direction 14: [ 0.07653669 -0.18477591]
Processing direction 15: [ 0.14142136 -0.14142136]
Processing direction 16: [ 0.18477591 -0.07653669]

=== Step 75 ===
Current position: [4.775237560272217, 4.719476222991943]
Processing direction 1: [0.2 0. ]
Processing direction 2: [0.18477591 0.07653669]
Processing direction 3: [0.14142136 0.14142136]
Processing direction 4: [0.07653669 0.18477591]
Processing direction 5: [0.  0.2]
Processing direction 6: [-0.07653669  0.18477591]
Processing direction 7: [-0.14142136  0.14142136]
Processing direction 8: [-0.18477591  0.07653669]
Processing direction 9: [-0.2  0. ]
Processing direction 10: [-0.18477591 -0.07653669]
Processing direction 11: [-0.14142136 -0.14142136]
Processing direction 12: [-0.07653669 -0.18477591]
Processing direction 13: [ 0.  -0.2]
Processing direction 14: [ 0.07653669 -0.18477591]
Processing direction 15: [ 0.14142136 -0.14142136]
Processing direction 16: [ 0.18477591 -0.07653669]

=== Step 76 ===
Current position: [4.864477634429932, 4.712920665740967]
Processing direction 1: [0.2 0. ]
Processing direction 2: [0.18477591 0.07653669]
Processing direction 3: [0.14142136 0.14142136]
Processing direction 4: [0.07653669 0.18477591]
Processing direction 5: [0.  0.2]
Processing direction 6: [-0.07653669  0.18477591]
Processing direction 7: [-0.14142136  0.14142136]
Processing direction 8: [-0.18477591  0.07653669]
Processing direction 9: [-0.2  0. ]
Processing direction 10: [-0.18477591 -0.07653669]
Processing direction 11: [-0.14142136 -0.14142136]
Processing direction 12: [-0.07653669 -0.18477591]
Processing direction 13: [ 0.  -0.2]
Processing direction 14: [ 0.07653669 -0.18477591]
Processing direction 15: [ 0.14142136 -0.14142136]
Processing direction 16: [ 0.18477591 -0.07653669]

=== Step 77 ===
Current position: [4.816178798675537, 4.7726359367370605]
Processing direction 1: [0.2 0. ]
Processing direction 2: [0.18477591 0.07653669]
Processing direction 3: [0.14142136 0.14142136]
Processing direction 4: [0.07653669 0.18477591]
Processing direction 5: [0.  0.2]
Processing direction 6: [-0.07653669  0.18477591]
Processing direction 7: [-0.14142136  0.14142136]
Processing direction 8: [-0.18477591  0.07653669]
Processing direction 9: [-0.2  0. ]
Processing direction 10: [-0.18477591 -0.07653669]
Processing direction 11: [-0.14142136 -0.14142136]
Processing direction 12: [-0.07653669 -0.18477591]
Processing direction 13: [ 0.  -0.2]
Processing direction 14: [ 0.07653669 -0.18477591]
Processing direction 15: [ 0.14142136 -0.14142136]
Processing direction 16: [ 0.18477591 -0.07653669]

=== Step 78 ===
Current position: [4.8571062088012695, 4.812283992767334]
Processing direction 1: [0.2 0. ]
Processing direction 2: [0.18477591 0.07653669]
Processing direction 3: [0.14142136 0.14142136]
Processing direction 4: [0.07653669 0.18477591]
Processing direction 5: [0.  0.2]
Processing direction 6: [-0.07653669  0.18477591]
Processing direction 7: [-0.14142136  0.14142136]
Processing direction 8: [-0.18477591  0.07653669]
Processing direction 9: [-0.2  0. ]
Processing direction 10: [-0.18477591 -0.07653669]
Processing direction 11: [-0.14142136 -0.14142136]
Processing direction 12: [-0.07653669 -0.18477591]
Processing direction 13: [ 0.  -0.2]
Processing direction 14: [ 0.07653669 -0.18477591]
Processing direction 15: [ 0.14142136 -0.14142136]
Processing direction 16: [ 0.18477591 -0.07653669]

=== Step 79 ===
Current position: [5.018446445465088, 4.917825698852539]
Processing direction 1: [0.2 0. ]
Processing direction 2: [0.18477591 0.07653669]
Processing direction 3: [0.14142136 0.14142136]
Processing direction 4: [0.07653669 0.18477591]
Processing direction 5: [0.  0.2]
Processing direction 6: [-0.07653669  0.18477591]
Processing direction 7: [-0.14142136  0.14142136]
Processing direction 8: [-0.18477591  0.07653669]
Processing direction 9: [-0.2  0. ]
Processing direction 10: [-0.18477591 -0.07653669]
Processing direction 11: [-0.14142136 -0.14142136]
Processing direction 12: [-0.07653669 -0.18477591]
Processing direction 13: [ 0.  -0.2]
Processing direction 14: [ 0.07653669 -0.18477591]
Processing direction 15: [ 0.14142136 -0.14142136]
Processing direction 16: [ 0.18477591 -0.07653669]

Path Sampling Completed! Conditions of step size 0.2 and directions 16

=== Step 0 ===
Current position: [0.5, 2.0]
Processing direction 1: [0.2 0. ]
Processing direction 2: [0.19615706 0.03901806]
Processing direction 3: [0.18477591 0.07653669]
Processing direction 4: [0.16629392 0.11111405]
Processing direction 5: [0.14142136 0.14142136]
Processing direction 6: [0.11111405 0.16629392]
Processing direction 7: [0.07653669 0.18477591]
Processing direction 8: [0.03901806 0.19615706]
Processing direction 9: [1.2246468e-17 2.0000000e-01]
Processing direction 10: [-0.03901806  0.19615706]
Processing direction 11: [-0.07653669  0.18477591]
Processing direction 12: [-0.11111405  0.16629392]
Processing direction 13: [-0.14142136  0.14142136]
Processing direction 14: [-0.16629392  0.11111405]
Processing direction 15: [-0.18477591  0.07653669]
Processing direction 16: [-0.19615706  0.03901806]
Processing direction 17: [-2.0000000e-01  2.4492936e-17]
Processing direction 18: [-0.19615706 -0.03901806]
Processing direction 19: [-0.18477591 -0.07653669]
Processing direction 20: [-0.16629392 -0.11111405]
Processing direction 21: [-0.14142136 -0.14142136]
Processing direction 22: [-0.11111405 -0.16629392]
Processing direction 23: [-0.07653669 -0.18477591]
Processing direction 24: [-0.03901806 -0.19615706]
Processing direction 25: [-3.6739404e-17 -2.0000000e-01]
Processing direction 26: [ 0.03901806 -0.19615706]
Processing direction 27: [ 0.07653669 -0.18477591]
Processing direction 28: [ 0.11111405 -0.16629392]
Processing direction 29: [ 0.14142136 -0.14142136]
Processing direction 30: [ 0.16629392 -0.11111405]
Processing direction 31: [ 0.18477591 -0.07653669]
Processing direction 32: [ 0.19615706 -0.03901806]

=== Step 1 ===
Current position: [0.7168194651603699, 2.0278148651123047]
Processing direction 1: [0.2 0. ]
Processing direction 2: [0.19615706 0.03901806]
Processing direction 3: [0.18477591 0.07653669]
Processing direction 4: [0.16629392 0.11111405]
Processing direction 5: [0.14142136 0.14142136]
Processing direction 6: [0.11111405 0.16629392]
Processing direction 7: [0.07653669 0.18477591]
Processing direction 8: [0.03901806 0.19615706]
Processing direction 9: [1.2246468e-17 2.0000000e-01]
Processing direction 10: [-0.03901806  0.19615706]
Processing direction 11: [-0.07653669  0.18477591]
Processing direction 12: [-0.11111405  0.16629392]
Processing direction 13: [-0.14142136  0.14142136]
Processing direction 14: [-0.16629392  0.11111405]
Processing direction 15: [-0.18477591  0.07653669]
Processing direction 16: [-0.19615706  0.03901806]
Processing direction 17: [-2.0000000e-01  2.4492936e-17]
Processing direction 18: [-0.19615706 -0.03901806]
Processing direction 19: [-0.18477591 -0.07653669]
Processing direction 20: [-0.16629392 -0.11111405]
Processing direction 21: [-0.14142136 -0.14142136]
Processing direction 22: [-0.11111405 -0.16629392]
Processing direction 23: [-0.07653669 -0.18477591]
Processing direction 24: [-0.03901806 -0.19615706]
Processing direction 25: [-3.6739404e-17 -2.0000000e-01]
Processing direction 26: [ 0.03901806 -0.19615706]
Processing direction 27: [ 0.07653669 -0.18477591]
Processing direction 28: [ 0.11111405 -0.16629392]
Processing direction 29: [ 0.14142136 -0.14142136]
Processing direction 30: [ 0.16629392 -0.11111405]
Processing direction 31: [ 0.18477591 -0.07653669]
Processing direction 32: [ 0.19615706 -0.03901806]

=== Step 2 ===
Current position: [0.6155554056167603, 2.177901268005371]
Processing direction 1: [0.2 0. ]
Processing direction 2: [0.19615706 0.03901806]
Processing direction 3: [0.18477591 0.07653669]
Processing direction 4: [0.16629392 0.11111405]
Processing direction 5: [0.14142136 0.14142136]
Processing direction 6: [0.11111405 0.16629392]
Processing direction 7: [0.07653669 0.18477591]
Processing direction 8: [0.03901806 0.19615706]
Processing direction 9: [1.2246468e-17 2.0000000e-01]
Processing direction 10: [-0.03901806  0.19615706]
Processing direction 11: [-0.07653669  0.18477591]
Processing direction 12: [-0.11111405  0.16629392]
Processing direction 13: [-0.14142136  0.14142136]
Processing direction 14: [-0.16629392  0.11111405]
Processing direction 15: [-0.18477591  0.07653669]
Processing direction 16: [-0.19615706  0.03901806]
Processing direction 17: [-2.0000000e-01  2.4492936e-17]
Processing direction 18: [-0.19615706 -0.03901806]
Processing direction 19: [-0.18477591 -0.07653669]
Processing direction 20: [-0.16629392 -0.11111405]
Processing direction 21: [-0.14142136 -0.14142136]
Processing direction 22: [-0.11111405 -0.16629392]
Processing direction 23: [-0.07653669 -0.18477591]
Processing direction 24: [-0.03901806 -0.19615706]
Processing direction 25: [-3.6739404e-17 -2.0000000e-01]
Processing direction 26: [ 0.03901806 -0.19615706]
Processing direction 27: [ 0.07653669 -0.18477591]
Processing direction 28: [ 0.11111405 -0.16629392]
Processing direction 29: [ 0.14142136 -0.14142136]
Processing direction 30: [ 0.16629392 -0.11111405]
Processing direction 31: [ 0.18477591 -0.07653669]
Processing direction 32: [ 0.19615706 -0.03901806]

=== Step 3 ===
Current position: [0.7670321464538574, 2.022547721862793]
Processing direction 1: [0.2 0. ]
Processing direction 2: [0.19615706 0.03901806]
Processing direction 3: [0.18477591 0.07653669]
Processing direction 4: [0.16629392 0.11111405]
Processing direction 5: [0.14142136 0.14142136]
Processing direction 6: [0.11111405 0.16629392]
Processing direction 7: [0.07653669 0.18477591]
Processing direction 8: [0.03901806 0.19615706]
Processing direction 9: [1.2246468e-17 2.0000000e-01]
Processing direction 10: [-0.03901806  0.19615706]
Processing direction 11: [-0.07653669  0.18477591]
Processing direction 12: [-0.11111405  0.16629392]
Processing direction 13: [-0.14142136  0.14142136]
Processing direction 14: [-0.16629392  0.11111405]
Processing direction 15: [-0.18477591  0.07653669]
Processing direction 16: [-0.19615706  0.03901806]
Processing direction 17: [-2.0000000e-01  2.4492936e-17]
Processing direction 18: [-0.19615706 -0.03901806]
Processing direction 19: [-0.18477591 -0.07653669]
Processing direction 20: [-0.16629392 -0.11111405]
Processing direction 21: [-0.14142136 -0.14142136]
Processing direction 22: [-0.11111405 -0.16629392]
Processing direction 23: [-0.07653669 -0.18477591]
Processing direction 24: [-0.03901806 -0.19615706]
Processing direction 25: [-3.6739404e-17 -2.0000000e-01]
Processing direction 26: [ 0.03901806 -0.19615706]
Processing direction 27: [ 0.07653669 -0.18477591]
Processing direction 28: [ 0.11111405 -0.16629392]
Processing direction 29: [ 0.14142136 -0.14142136]
Processing direction 30: [ 0.16629392 -0.11111405]
Processing direction 31: [ 0.18477591 -0.07653669]
Processing direction 32: [ 0.19615706 -0.03901806]

=== Step 4 ===
Current position: [0.7139859199523926, 2.1484761238098145]
Processing direction 1: [0.2 0. ]
Processing direction 2: [0.19615706 0.03901806]
Processing direction 3: [0.18477591 0.07653669]
Processing direction 4: [0.16629392 0.11111405]
Processing direction 5: [0.14142136 0.14142136]
Processing direction 6: [0.11111405 0.16629392]
Processing direction 7: [0.07653669 0.18477591]
Processing direction 8: [0.03901806 0.19615706]
Processing direction 9: [1.2246468e-17 2.0000000e-01]
Processing direction 10: [-0.03901806  0.19615706]
Processing direction 11: [-0.07653669  0.18477591]
Processing direction 12: [-0.11111405  0.16629392]
Processing direction 13: [-0.14142136  0.14142136]
Processing direction 14: [-0.16629392  0.11111405]
Processing direction 15: [-0.18477591  0.07653669]
Processing direction 16: [-0.19615706  0.03901806]
Processing direction 17: [-2.0000000e-01  2.4492936e-17]
Processing direction 18: [-0.19615706 -0.03901806]
Processing direction 19: [-0.18477591 -0.07653669]
Processing direction 20: [-0.16629392 -0.11111405]
Processing direction 21: [-0.14142136 -0.14142136]
Processing direction 22: [-0.11111405 -0.16629392]
Processing direction 23: [-0.07653669 -0.18477591]
Processing direction 24: [-0.03901806 -0.19615706]
Processing direction 25: [-3.6739404e-17 -2.0000000e-01]
Processing direction 26: [ 0.03901806 -0.19615706]
Processing direction 27: [ 0.07653669 -0.18477591]
Processing direction 28: [ 0.11111405 -0.16629392]
Processing direction 29: [ 0.14142136 -0.14142136]
Processing direction 30: [ 0.16629392 -0.11111405]
Processing direction 31: [ 0.18477591 -0.07653669]
Processing direction 32: [ 0.19615706 -0.03901806]

=== Step 5 ===
Current position: [0.9017094373703003, 2.008969783782959]
Processing direction 1: [0.2 0. ]
Processing direction 2: [0.19615706 0.03901806]
Processing direction 3: [0.18477591 0.07653669]
Processing direction 4: [0.16629392 0.11111405]
Processing direction 5: [0.14142136 0.14142136]
Processing direction 6: [0.11111405 0.16629392]
Processing direction 7: [0.07653669 0.18477591]
Processing direction 8: [0.03901806 0.19615706]
Processing direction 9: [1.2246468e-17 2.0000000e-01]
Processing direction 10: [-0.03901806  0.19615706]
Processing direction 11: [-0.07653669  0.18477591]
Processing direction 12: [-0.11111405  0.16629392]
Processing direction 13: [-0.14142136  0.14142136]
Processing direction 14: [-0.16629392  0.11111405]
Processing direction 15: [-0.18477591  0.07653669]
Processing direction 16: [-0.19615706  0.03901806]
Processing direction 17: [-2.0000000e-01  2.4492936e-17]
Processing direction 18: [-0.19615706 -0.03901806]
Processing direction 19: [-0.18477591 -0.07653669]
Processing direction 20: [-0.16629392 -0.11111405]
Processing direction 21: [-0.14142136 -0.14142136]
Processing direction 22: [-0.11111405 -0.16629392]
Processing direction 23: [-0.07653669 -0.18477591]
Processing direction 24: [-0.03901806 -0.19615706]
Processing direction 25: [-3.6739404e-17 -2.0000000e-01]
Processing direction 26: [ 0.03901806 -0.19615706]
Processing direction 27: [ 0.07653669 -0.18477591]
Processing direction 28: [ 0.11111405 -0.16629392]
Processing direction 29: [ 0.14142136 -0.14142136]
Processing direction 30: [ 0.16629392 -0.11111405]
Processing direction 31: [ 0.18477591 -0.07653669]
Processing direction 32: [ 0.19615706 -0.03901806]

=== Step 6 ===
Current position: [0.8499429225921631, 2.160717248916626]
Processing direction 1: [0.2 0. ]
Processing direction 2: [0.19615706 0.03901806]
Processing direction 3: [0.18477591 0.07653669]
Processing direction 4: [0.16629392 0.11111405]
Processing direction 5: [0.14142136 0.14142136]
Processing direction 6: [0.11111405 0.16629392]
Processing direction 7: [0.07653669 0.18477591]
Processing direction 8: [0.03901806 0.19615706]
Processing direction 9: [1.2246468e-17 2.0000000e-01]
Processing direction 10: [-0.03901806  0.19615706]
Processing direction 11: [-0.07653669  0.18477591]
Processing direction 12: [-0.11111405  0.16629392]
Processing direction 13: [-0.14142136  0.14142136]
Processing direction 14: [-0.16629392  0.11111405]
Processing direction 15: [-0.18477591  0.07653669]
Processing direction 16: [-0.19615706  0.03901806]
Processing direction 17: [-2.0000000e-01  2.4492936e-17]
Processing direction 18: [-0.19615706 -0.03901806]
Processing direction 19: [-0.18477591 -0.07653669]
Processing direction 20: [-0.16629392 -0.11111405]
Processing direction 21: [-0.14142136 -0.14142136]
Processing direction 22: [-0.11111405 -0.16629392]
Processing direction 23: [-0.07653669 -0.18477591]
Processing direction 24: [-0.03901806 -0.19615706]
Processing direction 25: [-3.6739404e-17 -2.0000000e-01]
Processing direction 26: [ 0.03901806 -0.19615706]
Processing direction 27: [ 0.07653669 -0.18477591]
Processing direction 28: [ 0.11111405 -0.16629392]
Processing direction 29: [ 0.14142136 -0.14142136]
Processing direction 30: [ 0.16629392 -0.11111405]
Processing direction 31: [ 0.18477591 -0.07653669]
Processing direction 32: [ 0.19615706 -0.03901806]

=== Step 7 ===
Current position: [0.7694157958030701, 2.2652101516723633]
Processing direction 1: [0.2 0. ]
Processing direction 2: [0.19615706 0.03901806]
Processing direction 3: [0.18477591 0.07653669]
Processing direction 4: [0.16629392 0.11111405]
Processing direction 5: [0.14142136 0.14142136]
Processing direction 6: [0.11111405 0.16629392]
Processing direction 7: [0.07653669 0.18477591]
Processing direction 8: [0.03901806 0.19615706]
Processing direction 9: [1.2246468e-17 2.0000000e-01]
Processing direction 10: [-0.03901806  0.19615706]
Processing direction 11: [-0.07653669  0.18477591]
Processing direction 12: [-0.11111405  0.16629392]
Processing direction 13: [-0.14142136  0.14142136]
Processing direction 14: [-0.16629392  0.11111405]
Processing direction 15: [-0.18477591  0.07653669]
Processing direction 16: [-0.19615706  0.03901806]
Processing direction 17: [-2.0000000e-01  2.4492936e-17]
Processing direction 18: [-0.19615706 -0.03901806]
Processing direction 19: [-0.18477591 -0.07653669]
Processing direction 20: [-0.16629392 -0.11111405]
Processing direction 21: [-0.14142136 -0.14142136]
Processing direction 22: [-0.11111405 -0.16629392]
Processing direction 23: [-0.07653669 -0.18477591]
Processing direction 24: [-0.03901806 -0.19615706]
Processing direction 25: [-3.6739404e-17 -2.0000000e-01]
Processing direction 26: [ 0.03901806 -0.19615706]
Processing direction 27: [ 0.07653669 -0.18477591]
Processing direction 28: [ 0.11111405 -0.16629392]
Processing direction 29: [ 0.14142136 -0.14142136]
Processing direction 30: [ 0.16629392 -0.11111405]
Processing direction 31: [ 0.18477591 -0.07653669]
Processing direction 32: [ 0.19615706 -0.03901806]

=== Step 8 ===
Current position: [0.9226698279380798, 2.112107276916504]
Processing direction 1: [0.2 0. ]
Processing direction 2: [0.19615706 0.03901806]
Processing direction 3: [0.18477591 0.07653669]
Processing direction 4: [0.16629392 0.11111405]
Processing direction 5: [0.14142136 0.14142136]
Processing direction 6: [0.11111405 0.16629392]
Processing direction 7: [0.07653669 0.18477591]
Processing direction 8: [0.03901806 0.19615706]
Processing direction 9: [1.2246468e-17 2.0000000e-01]
Processing direction 10: [-0.03901806  0.19615706]
Processing direction 11: [-0.07653669  0.18477591]
Processing direction 12: [-0.11111405  0.16629392]
Processing direction 13: [-0.14142136  0.14142136]
Processing direction 14: [-0.16629392  0.11111405]
Processing direction 15: [-0.18477591  0.07653669]
Processing direction 16: [-0.19615706  0.03901806]
Processing direction 17: [-2.0000000e-01  2.4492936e-17]
Processing direction 18: [-0.19615706 -0.03901806]
Processing direction 19: [-0.18477591 -0.07653669]
Processing direction 20: [-0.16629392 -0.11111405]
Processing direction 21: [-0.14142136 -0.14142136]
Processing direction 22: [-0.11111405 -0.16629392]
Processing direction 23: [-0.07653669 -0.18477591]
Processing direction 24: [-0.03901806 -0.19615706]
Processing direction 25: [-3.6739404e-17 -2.0000000e-01]
Processing direction 26: [ 0.03901806 -0.19615706]
Processing direction 27: [ 0.07653669 -0.18477591]
Processing direction 28: [ 0.11111405 -0.16629392]
Processing direction 29: [ 0.14142136 -0.14142136]
Processing direction 30: [ 0.16629392 -0.11111405]
Processing direction 31: [ 0.18477591 -0.07653669]
Processing direction 32: [ 0.19615706 -0.03901806]

=== Step 9 ===
Current position: [0.8517515063285828, 2.2084288597106934]
Processing direction 1: [0.2 0. ]
Processing direction 2: [0.19615706 0.03901806]
Processing direction 3: [0.18477591 0.07653669]
Processing direction 4: [0.16629392 0.11111405]
Processing direction 5: [0.14142136 0.14142136]
Processing direction 6: [0.11111405 0.16629392]
Processing direction 7: [0.07653669 0.18477591]
Processing direction 8: [0.03901806 0.19615706]
Processing direction 9: [1.2246468e-17 2.0000000e-01]
Processing direction 10: [-0.03901806  0.19615706]
Processing direction 11: [-0.07653669  0.18477591]
Processing direction 12: [-0.11111405  0.16629392]
Processing direction 13: [-0.14142136  0.14142136]
Processing direction 14: [-0.16629392  0.11111405]
Processing direction 15: [-0.18477591  0.07653669]
Processing direction 16: [-0.19615706  0.03901806]
Processing direction 17: [-2.0000000e-01  2.4492936e-17]
Processing direction 18: [-0.19615706 -0.03901806]
Processing direction 19: [-0.18477591 -0.07653669]
Processing direction 20: [-0.16629392 -0.11111405]
Processing direction 21: [-0.14142136 -0.14142136]
Processing direction 22: [-0.11111405 -0.16629392]
Processing direction 23: [-0.07653669 -0.18477591]
Processing direction 24: [-0.03901806 -0.19615706]
Processing direction 25: [-3.6739404e-17 -2.0000000e-01]
Processing direction 26: [ 0.03901806 -0.19615706]
Processing direction 27: [ 0.07653669 -0.18477591]
Processing direction 28: [ 0.11111405 -0.16629392]
Processing direction 29: [ 0.14142136 -0.14142136]
Processing direction 30: [ 0.16629392 -0.11111405]
Processing direction 31: [ 0.18477591 -0.07653669]
Processing direction 32: [ 0.19615706 -0.03901806]

=== Step 10 ===
Current position: [1.053797721862793, 1.9688842296600342]
Processing direction 1: [0.2 0. ]
Processing direction 2: [0.19615706 0.03901806]
Processing direction 3: [0.18477591 0.07653669]
Processing direction 4: [0.16629392 0.11111405]
Processing direction 5: [0.14142136 0.14142136]
Processing direction 6: [0.11111405 0.16629392]
Processing direction 7: [0.07653669 0.18477591]
Processing direction 8: [0.03901806 0.19615706]
Processing direction 9: [1.2246468e-17 2.0000000e-01]
Processing direction 10: [-0.03901806  0.19615706]
Processing direction 11: [-0.07653669  0.18477591]
Processing direction 12: [-0.11111405  0.16629392]
Processing direction 13: [-0.14142136  0.14142136]
Processing direction 14: [-0.16629392  0.11111405]
Processing direction 15: [-0.18477591  0.07653669]
Processing direction 16: [-0.19615706  0.03901806]
Processing direction 17: [-2.0000000e-01  2.4492936e-17]
Processing direction 18: [-0.19615706 -0.03901806]
Processing direction 19: [-0.18477591 -0.07653669]
Processing direction 20: [-0.16629392 -0.11111405]
Processing direction 21: [-0.14142136 -0.14142136]
Processing direction 22: [-0.11111405 -0.16629392]
Processing direction 23: [-0.07653669 -0.18477591]
Processing direction 24: [-0.03901806 -0.19615706]
Processing direction 25: [-3.6739404e-17 -2.0000000e-01]
Processing direction 26: [ 0.03901806 -0.19615706]
Processing direction 27: [ 0.07653669 -0.18477591]
Processing direction 28: [ 0.11111405 -0.16629392]
Processing direction 29: [ 0.14142136 -0.14142136]
Processing direction 30: [ 0.16629392 -0.11111405]
Processing direction 31: [ 0.18477591 -0.07653669]
Processing direction 32: [ 0.19615706 -0.03901806]

=== Step 11 ===
Current position: [1.0068190097808838, 2.0332677364349365]
Processing direction 1: [0.2 0. ]
Processing direction 2: [0.19615706 0.03901806]
Processing direction 3: [0.18477591 0.07653669]
Processing direction 4: [0.16629392 0.11111405]
Processing direction 5: [0.14142136 0.14142136]
Processing direction 6: [0.11111405 0.16629392]
Processing direction 7: [0.07653669 0.18477591]
Processing direction 8: [0.03901806 0.19615706]
Processing direction 9: [1.2246468e-17 2.0000000e-01]
Processing direction 10: [-0.03901806  0.19615706]
Processing direction 11: [-0.07653669  0.18477591]
Processing direction 12: [-0.11111405  0.16629392]
Processing direction 13: [-0.14142136  0.14142136]
Processing direction 14: [-0.16629392  0.11111405]
Processing direction 15: [-0.18477591  0.07653669]
Processing direction 16: [-0.19615706  0.03901806]
Processing direction 17: [-2.0000000e-01  2.4492936e-17]
Processing direction 18: [-0.19615706 -0.03901806]
Processing direction 19: [-0.18477591 -0.07653669]
Processing direction 20: [-0.16629392 -0.11111405]
Processing direction 21: [-0.14142136 -0.14142136]
Processing direction 22: [-0.11111405 -0.16629392]
Processing direction 23: [-0.07653669 -0.18477591]
Processing direction 24: [-0.03901806 -0.19615706]
Processing direction 25: [-3.6739404e-17 -2.0000000e-01]
Processing direction 26: [ 0.03901806 -0.19615706]
Processing direction 27: [ 0.07653669 -0.18477591]
Processing direction 28: [ 0.11111405 -0.16629392]
Processing direction 29: [ 0.14142136 -0.14142136]
Processing direction 30: [ 0.16629392 -0.11111405]
Processing direction 31: [ 0.18477591 -0.07653669]
Processing direction 32: [ 0.19615706 -0.03901806]

=== Step 12 ===
Current position: [0.9693827033042908, 2.128962993621826]
Processing direction 1: [0.2 0. ]
Processing direction 2: [0.19615706 0.03901806]
Processing direction 3: [0.18477591 0.07653669]
Processing direction 4: [0.16629392 0.11111405]
Processing direction 5: [0.14142136 0.14142136]
Processing direction 6: [0.11111405 0.16629392]
Processing direction 7: [0.07653669 0.18477591]
Processing direction 8: [0.03901806 0.19615706]
Processing direction 9: [1.2246468e-17 2.0000000e-01]
Processing direction 10: [-0.03901806  0.19615706]
Processing direction 11: [-0.07653669  0.18477591]
Processing direction 12: [-0.11111405  0.16629392]
Processing direction 13: [-0.14142136  0.14142136]
Processing direction 14: [-0.16629392  0.11111405]
Processing direction 15: [-0.18477591  0.07653669]
Processing direction 16: [-0.19615706  0.03901806]
Processing direction 17: [-2.0000000e-01  2.4492936e-17]
Processing direction 18: [-0.19615706 -0.03901806]
Processing direction 19: [-0.18477591 -0.07653669]
Processing direction 20: [-0.16629392 -0.11111405]
Processing direction 21: [-0.14142136 -0.14142136]
Processing direction 22: [-0.11111405 -0.16629392]
Processing direction 23: [-0.07653669 -0.18477591]
Processing direction 24: [-0.03901806 -0.19615706]
Processing direction 25: [-3.6739404e-17 -2.0000000e-01]
Processing direction 26: [ 0.03901806 -0.19615706]
Processing direction 27: [ 0.07653669 -0.18477591]
Processing direction 28: [ 0.11111405 -0.16629392]
Processing direction 29: [ 0.14142136 -0.14142136]
Processing direction 30: [ 0.16629392 -0.11111405]
Processing direction 31: [ 0.18477591 -0.07653669]
Processing direction 32: [ 0.19615706 -0.03901806]

=== Step 13 ===
Current position: [1.1648311614990234, 1.9277987480163574]
Processing direction 1: [0.2 0. ]
Processing direction 2: [0.19615706 0.03901806]
Processing direction 3: [0.18477591 0.07653669]
Processing direction 4: [0.16629392 0.11111405]
Processing direction 5: [0.14142136 0.14142136]
Processing direction 6: [0.11111405 0.16629392]
Processing direction 7: [0.07653669 0.18477591]
Processing direction 8: [0.03901806 0.19615706]
Processing direction 9: [1.2246468e-17 2.0000000e-01]
Processing direction 10: [-0.03901806  0.19615706]
Processing direction 11: [-0.07653669  0.18477591]
Processing direction 12: [-0.11111405  0.16629392]
Processing direction 13: [-0.14142136  0.14142136]
Processing direction 14: [-0.16629392  0.11111405]
Processing direction 15: [-0.18477591  0.07653669]
Processing direction 16: [-0.19615706  0.03901806]
Processing direction 17: [-2.0000000e-01  2.4492936e-17]
Processing direction 18: [-0.19615706 -0.03901806]
Processing direction 19: [-0.18477591 -0.07653669]
Processing direction 20: [-0.16629392 -0.11111405]
Processing direction 21: [-0.14142136 -0.14142136]
Processing direction 22: [-0.11111405 -0.16629392]
Processing direction 23: [-0.07653669 -0.18477591]
Processing direction 24: [-0.03901806 -0.19615706]
Processing direction 25: [-3.6739404e-17 -2.0000000e-01]
Processing direction 26: [ 0.03901806 -0.19615706]
Processing direction 27: [ 0.07653669 -0.18477591]
Processing direction 28: [ 0.11111405 -0.16629392]
Processing direction 29: [ 0.14142136 -0.14142136]
Processing direction 30: [ 0.16629392 -0.11111405]
Processing direction 31: [ 0.18477591 -0.07653669]
Processing direction 32: [ 0.19615706 -0.03901806]

=== Step 14 ===
Current position: [1.0945582389831543, 2.098658800125122]
Processing direction 1: [0.2 0. ]
Processing direction 2: [0.19615706 0.03901806]
Processing direction 3: [0.18477591 0.07653669]
Processing direction 4: [0.16629392 0.11111405]
Processing direction 5: [0.14142136 0.14142136]
Processing direction 6: [0.11111405 0.16629392]
Processing direction 7: [0.07653669 0.18477591]
Processing direction 8: [0.03901806 0.19615706]
Processing direction 9: [1.2246468e-17 2.0000000e-01]
Processing direction 10: [-0.03901806  0.19615706]
Processing direction 11: [-0.07653669  0.18477591]
Processing direction 12: [-0.11111405  0.16629392]
Processing direction 13: [-0.14142136  0.14142136]
Processing direction 14: [-0.16629392  0.11111405]
Processing direction 15: [-0.18477591  0.07653669]
Processing direction 16: [-0.19615706  0.03901806]
Processing direction 17: [-2.0000000e-01  2.4492936e-17]
Processing direction 18: [-0.19615706 -0.03901806]
Processing direction 19: [-0.18477591 -0.07653669]
Processing direction 20: [-0.16629392 -0.11111405]
Processing direction 21: [-0.14142136 -0.14142136]
Processing direction 22: [-0.11111405 -0.16629392]
Processing direction 23: [-0.07653669 -0.18477591]
Processing direction 24: [-0.03901806 -0.19615706]
Processing direction 25: [-3.6739404e-17 -2.0000000e-01]
Processing direction 26: [ 0.03901806 -0.19615706]
Processing direction 27: [ 0.07653669 -0.18477591]
Processing direction 28: [ 0.11111405 -0.16629392]
Processing direction 29: [ 0.14142136 -0.14142136]
Processing direction 30: [ 0.16629392 -0.11111405]
Processing direction 31: [ 0.18477591 -0.07653669]
Processing direction 32: [ 0.19615706 -0.03901806]

=== Step 15 ===
Current position: [1.0039067268371582, 2.2393088340759277]
Processing direction 1: [0.2 0. ]
Processing direction 2: [0.19615706 0.03901806]
Processing direction 3: [0.18477591 0.07653669]
Processing direction 4: [0.16629392 0.11111405]
Processing direction 5: [0.14142136 0.14142136]
Processing direction 6: [0.11111405 0.16629392]
Processing direction 7: [0.07653669 0.18477591]
Processing direction 8: [0.03901806 0.19615706]
Processing direction 9: [1.2246468e-17 2.0000000e-01]
Processing direction 10: [-0.03901806  0.19615706]
Processing direction 11: [-0.07653669  0.18477591]
Processing direction 12: [-0.11111405  0.16629392]
Processing direction 13: [-0.14142136  0.14142136]
Processing direction 14: [-0.16629392  0.11111405]
Processing direction 15: [-0.18477591  0.07653669]
Processing direction 16: [-0.19615706  0.03901806]
Processing direction 17: [-2.0000000e-01  2.4492936e-17]
Processing direction 18: [-0.19615706 -0.03901806]
Processing direction 19: [-0.18477591 -0.07653669]
Processing direction 20: [-0.16629392 -0.11111405]
Processing direction 21: [-0.14142136 -0.14142136]
Processing direction 22: [-0.11111405 -0.16629392]
Processing direction 23: [-0.07653669 -0.18477591]
Processing direction 24: [-0.03901806 -0.19615706]
Processing direction 25: [-3.6739404e-17 -2.0000000e-01]
Processing direction 26: [ 0.03901806 -0.19615706]
Processing direction 27: [ 0.07653669 -0.18477591]
Processing direction 28: [ 0.11111405 -0.16629392]
Processing direction 29: [ 0.14142136 -0.14142136]
Processing direction 30: [ 0.16629392 -0.11111405]
Processing direction 31: [ 0.18477591 -0.07653669]
Processing direction 32: [ 0.19615706 -0.03901806]

=== Step 16 ===
Current position: [1.105071783065796, 2.138436794281006]
Processing direction 1: [0.2 0. ]
Processing direction 2: [0.19615706 0.03901806]
Processing direction 3: [0.18477591 0.07653669]
Processing direction 4: [0.16629392 0.11111405]
Processing direction 5: [0.14142136 0.14142136]
Processing direction 6: [0.11111405 0.16629392]
Processing direction 7: [0.07653669 0.18477591]
Processing direction 8: [0.03901806 0.19615706]
Processing direction 9: [1.2246468e-17 2.0000000e-01]
Processing direction 10: [-0.03901806  0.19615706]
Processing direction 11: [-0.07653669  0.18477591]
Processing direction 12: [-0.11111405  0.16629392]
Processing direction 13: [-0.14142136  0.14142136]
Processing direction 14: [-0.16629392  0.11111405]
Processing direction 15: [-0.18477591  0.07653669]
Processing direction 16: [-0.19615706  0.03901806]
Processing direction 17: [-2.0000000e-01  2.4492936e-17]
Processing direction 18: [-0.19615706 -0.03901806]
Processing direction 19: [-0.18477591 -0.07653669]
Processing direction 20: [-0.16629392 -0.11111405]
Processing direction 21: [-0.14142136 -0.14142136]
Processing direction 22: [-0.11111405 -0.16629392]
Processing direction 23: [-0.07653669 -0.18477591]
Processing direction 24: [-0.03901806 -0.19615706]
Processing direction 25: [-3.6739404e-17 -2.0000000e-01]
Processing direction 26: [ 0.03901806 -0.19615706]
Processing direction 27: [ 0.07653669 -0.18477591]
Processing direction 28: [ 0.11111405 -0.16629392]
Processing direction 29: [ 0.14142136 -0.14142136]
Processing direction 30: [ 0.16629392 -0.11111405]
Processing direction 31: [ 0.18477591 -0.07653669]
Processing direction 32: [ 0.19615706 -0.03901806]

=== Step 17 ===
Current position: [1.0207329988479614, 2.2391223907470703]
Processing direction 1: [0.2 0. ]
Processing direction 2: [0.19615706 0.03901806]
Processing direction 3: [0.18477591 0.07653669]
Processing direction 4: [0.16629392 0.11111405]
Processing direction 5: [0.14142136 0.14142136]
Processing direction 6: [0.11111405 0.16629392]
Processing direction 7: [0.07653669 0.18477591]
Processing direction 8: [0.03901806 0.19615706]
Processing direction 9: [1.2246468e-17 2.0000000e-01]
Processing direction 10: [-0.03901806  0.19615706]
Processing direction 11: [-0.07653669  0.18477591]
Processing direction 12: [-0.11111405  0.16629392]
Processing direction 13: [-0.14142136  0.14142136]
Processing direction 14: [-0.16629392  0.11111405]
Processing direction 15: [-0.18477591  0.07653669]
Processing direction 16: [-0.19615706  0.03901806]
Processing direction 17: [-2.0000000e-01  2.4492936e-17]
Processing direction 18: [-0.19615706 -0.03901806]
Processing direction 19: [-0.18477591 -0.07653669]
Processing direction 20: [-0.16629392 -0.11111405]
Processing direction 21: [-0.14142136 -0.14142136]
Processing direction 22: [-0.11111405 -0.16629392]
Processing direction 23: [-0.07653669 -0.18477591]
Processing direction 24: [-0.03901806 -0.19615706]
Processing direction 25: [-3.6739404e-17 -2.0000000e-01]
Processing direction 26: [ 0.03901806 -0.19615706]
Processing direction 27: [ 0.07653669 -0.18477591]
Processing direction 28: [ 0.11111405 -0.16629392]
Processing direction 29: [ 0.14142136 -0.14142136]
Processing direction 30: [ 0.16629392 -0.11111405]
Processing direction 31: [ 0.18477591 -0.07653669]
Processing direction 32: [ 0.19615706 -0.03901806]

=== Step 18 ===
Current position: [0.8917427062988281, 2.4390006065368652]
Processing direction 1: [0.2 0. ]
Processing direction 2: [0.19615706 0.03901806]
Processing direction 3: [0.18477591 0.07653669]
Processing direction 4: [0.16629392 0.11111405]
Processing direction 5: [0.14142136 0.14142136]
Processing direction 6: [0.11111405 0.16629392]
Processing direction 7: [0.07653669 0.18477591]
Processing direction 8: [0.03901806 0.19615706]
Processing direction 9: [1.2246468e-17 2.0000000e-01]
Processing direction 10: [-0.03901806  0.19615706]
Processing direction 11: [-0.07653669  0.18477591]
Processing direction 12: [-0.11111405  0.16629392]
Processing direction 13: [-0.14142136  0.14142136]
Processing direction 14: [-0.16629392  0.11111405]
Processing direction 15: [-0.18477591  0.07653669]
Processing direction 16: [-0.19615706  0.03901806]
Processing direction 17: [-2.0000000e-01  2.4492936e-17]
Processing direction 18: [-0.19615706 -0.03901806]
Processing direction 19: [-0.18477591 -0.07653669]
Processing direction 20: [-0.16629392 -0.11111405]
Processing direction 21: [-0.14142136 -0.14142136]
Processing direction 22: [-0.11111405 -0.16629392]
Processing direction 23: [-0.07653669 -0.18477591]
Processing direction 24: [-0.03901806 -0.19615706]
Processing direction 25: [-3.6739404e-17 -2.0000000e-01]
Processing direction 26: [ 0.03901806 -0.19615706]
Processing direction 27: [ 0.07653669 -0.18477591]
Processing direction 28: [ 0.11111405 -0.16629392]
Processing direction 29: [ 0.14142136 -0.14142136]
Processing direction 30: [ 0.16629392 -0.11111405]
Processing direction 31: [ 0.18477591 -0.07653669]
Processing direction 32: [ 0.19615706 -0.03901806]

=== Step 19 ===
Current position: [1.0980167388916016, 2.221552848815918]
Processing direction 1: [0.2 0. ]
Processing direction 2: [0.19615706 0.03901806]
Processing direction 3: [0.18477591 0.07653669]
Processing direction 4: [0.16629392 0.11111405]
Processing direction 5: [0.14142136 0.14142136]
Processing direction 6: [0.11111405 0.16629392]
Processing direction 7: [0.07653669 0.18477591]
Processing direction 8: [0.03901806 0.19615706]
Processing direction 9: [1.2246468e-17 2.0000000e-01]
Processing direction 10: [-0.03901806  0.19615706]
Processing direction 11: [-0.07653669  0.18477591]
Processing direction 12: [-0.11111405  0.16629392]
Processing direction 13: [-0.14142136  0.14142136]
Processing direction 14: [-0.16629392  0.11111405]
Processing direction 15: [-0.18477591  0.07653669]
Processing direction 16: [-0.19615706  0.03901806]
Processing direction 17: [-2.0000000e-01  2.4492936e-17]
Processing direction 18: [-0.19615706 -0.03901806]
Processing direction 19: [-0.18477591 -0.07653669]
Processing direction 20: [-0.16629392 -0.11111405]
Processing direction 21: [-0.14142136 -0.14142136]
Processing direction 22: [-0.11111405 -0.16629392]
Processing direction 23: [-0.07653669 -0.18477591]
Processing direction 24: [-0.03901806 -0.19615706]
Processing direction 25: [-3.6739404e-17 -2.0000000e-01]
Processing direction 26: [ 0.03901806 -0.19615706]
Processing direction 27: [ 0.07653669 -0.18477591]
Processing direction 28: [ 0.11111405 -0.16629392]
Processing direction 29: [ 0.14142136 -0.14142136]
Processing direction 30: [ 0.16629392 -0.11111405]
Processing direction 31: [ 0.18477591 -0.07653669]
Processing direction 32: [ 0.19615706 -0.03901806]

=== Step 20 ===
Current position: [1.2397648096084595, 2.0767579078674316]
Processing direction 1: [0.2 0. ]
Processing direction 2: [0.19615706 0.03901806]
Processing direction 3: [0.18477591 0.07653669]
Processing direction 4: [0.16629392 0.11111405]
Processing direction 5: [0.14142136 0.14142136]
Processing direction 6: [0.11111405 0.16629392]
Processing direction 7: [0.07653669 0.18477591]
Processing direction 8: [0.03901806 0.19615706]
Processing direction 9: [1.2246468e-17 2.0000000e-01]
Processing direction 10: [-0.03901806  0.19615706]
Processing direction 11: [-0.07653669  0.18477591]
Processing direction 12: [-0.11111405  0.16629392]
Processing direction 13: [-0.14142136  0.14142136]
Processing direction 14: [-0.16629392  0.11111405]
Processing direction 15: [-0.18477591  0.07653669]
Processing direction 16: [-0.19615706  0.03901806]
Processing direction 17: [-2.0000000e-01  2.4492936e-17]
Processing direction 18: [-0.19615706 -0.03901806]
Processing direction 19: [-0.18477591 -0.07653669]
Processing direction 20: [-0.16629392 -0.11111405]
Processing direction 21: [-0.14142136 -0.14142136]
Processing direction 22: [-0.11111405 -0.16629392]
Processing direction 23: [-0.07653669 -0.18477591]
Processing direction 24: [-0.03901806 -0.19615706]
Processing direction 25: [-3.6739404e-17 -2.0000000e-01]
Processing direction 26: [ 0.03901806 -0.19615706]
Processing direction 27: [ 0.07653669 -0.18477591]
Processing direction 28: [ 0.11111405 -0.16629392]
Processing direction 29: [ 0.14142136 -0.14142136]
Processing direction 30: [ 0.16629392 -0.11111405]
Processing direction 31: [ 0.18477591 -0.07653669]
Processing direction 32: [ 0.19615706 -0.03901806]

=== Step 21 ===
Current position: [1.1424461603164673, 2.189642906188965]
Processing direction 1: [0.2 0. ]
Processing direction 2: [0.19615706 0.03901806]
Processing direction 3: [0.18477591 0.07653669]
Processing direction 4: [0.16629392 0.11111405]
Processing direction 5: [0.14142136 0.14142136]
Processing direction 6: [0.11111405 0.16629392]
Processing direction 7: [0.07653669 0.18477591]
Processing direction 8: [0.03901806 0.19615706]
Processing direction 9: [1.2246468e-17 2.0000000e-01]
Processing direction 10: [-0.03901806  0.19615706]
Processing direction 11: [-0.07653669  0.18477591]
Processing direction 12: [-0.11111405  0.16629392]
Processing direction 13: [-0.14142136  0.14142136]
Processing direction 14: [-0.16629392  0.11111405]
Processing direction 15: [-0.18477591  0.07653669]
Processing direction 16: [-0.19615706  0.03901806]
Processing direction 17: [-2.0000000e-01  2.4492936e-17]
Processing direction 18: [-0.19615706 -0.03901806]
Processing direction 19: [-0.18477591 -0.07653669]
Processing direction 20: [-0.16629392 -0.11111405]
Processing direction 21: [-0.14142136 -0.14142136]
Processing direction 22: [-0.11111405 -0.16629392]
Processing direction 23: [-0.07653669 -0.18477591]
Processing direction 24: [-0.03901806 -0.19615706]
Processing direction 25: [-3.6739404e-17 -2.0000000e-01]
Processing direction 26: [ 0.03901806 -0.19615706]
Processing direction 27: [ 0.07653669 -0.18477591]
Processing direction 28: [ 0.11111405 -0.16629392]
Processing direction 29: [ 0.14142136 -0.14142136]
Processing direction 30: [ 0.16629392 -0.11111405]
Processing direction 31: [ 0.18477591 -0.07653669]
Processing direction 32: [ 0.19615706 -0.03901806]

=== Step 22 ===
Current position: [1.0704340934753418, 2.291067123413086]
Processing direction 1: [0.2 0. ]
Processing direction 2: [0.19615706 0.03901806]
Processing direction 3: [0.18477591 0.07653669]
Processing direction 4: [0.16629392 0.11111405]
Processing direction 5: [0.14142136 0.14142136]
Processing direction 6: [0.11111405 0.16629392]
Processing direction 7: [0.07653669 0.18477591]
Processing direction 8: [0.03901806 0.19615706]
Processing direction 9: [1.2246468e-17 2.0000000e-01]
Processing direction 10: [-0.03901806  0.19615706]
Processing direction 11: [-0.07653669  0.18477591]
Processing direction 12: [-0.11111405  0.16629392]
Processing direction 13: [-0.14142136  0.14142136]
Processing direction 14: [-0.16629392  0.11111405]
Processing direction 15: [-0.18477591  0.07653669]
Processing direction 16: [-0.19615706  0.03901806]
Processing direction 17: [-2.0000000e-01  2.4492936e-17]
Processing direction 18: [-0.19615706 -0.03901806]
Processing direction 19: [-0.18477591 -0.07653669]
Processing direction 20: [-0.16629392 -0.11111405]
Processing direction 21: [-0.14142136 -0.14142136]
Processing direction 22: [-0.11111405 -0.16629392]
Processing direction 23: [-0.07653669 -0.18477591]
Processing direction 24: [-0.03901806 -0.19615706]
Processing direction 25: [-3.6739404e-17 -2.0000000e-01]
Processing direction 26: [ 0.03901806 -0.19615706]
Processing direction 27: [ 0.07653669 -0.18477591]
Processing direction 28: [ 0.11111405 -0.16629392]
Processing direction 29: [ 0.14142136 -0.14142136]
Processing direction 30: [ 0.16629392 -0.11111405]
Processing direction 31: [ 0.18477591 -0.07653669]
Processing direction 32: [ 0.19615706 -0.03901806]

=== Step 23 ===
Current position: [1.186617374420166, 2.158794641494751]
Processing direction 1: [0.2 0. ]
Processing direction 2: [0.19615706 0.03901806]
Processing direction 3: [0.18477591 0.07653669]
Processing direction 4: [0.16629392 0.11111405]
Processing direction 5: [0.14142136 0.14142136]
Processing direction 6: [0.11111405 0.16629392]
Processing direction 7: [0.07653669 0.18477591]
Processing direction 8: [0.03901806 0.19615706]
Processing direction 9: [1.2246468e-17 2.0000000e-01]
Processing direction 10: [-0.03901806  0.19615706]
Processing direction 11: [-0.07653669  0.18477591]
Processing direction 12: [-0.11111405  0.16629392]
Processing direction 13: [-0.14142136  0.14142136]
Processing direction 14: [-0.16629392  0.11111405]
Processing direction 15: [-0.18477591  0.07653669]
Processing direction 16: [-0.19615706  0.03901806]
Processing direction 17: [-2.0000000e-01  2.4492936e-17]
Processing direction 18: [-0.19615706 -0.03901806]
Processing direction 19: [-0.18477591 -0.07653669]
Processing direction 20: [-0.16629392 -0.11111405]
Processing direction 21: [-0.14142136 -0.14142136]
Processing direction 22: [-0.11111405 -0.16629392]
Processing direction 23: [-0.07653669 -0.18477591]
Processing direction 24: [-0.03901806 -0.19615706]
Processing direction 25: [-3.6739404e-17 -2.0000000e-01]
Processing direction 26: [ 0.03901806 -0.19615706]
Processing direction 27: [ 0.07653669 -0.18477591]
Processing direction 28: [ 0.11111405 -0.16629392]
Processing direction 29: [ 0.14142136 -0.14142136]
Processing direction 30: [ 0.16629392 -0.11111405]
Processing direction 31: [ 0.18477591 -0.07653669]
Processing direction 32: [ 0.19615706 -0.03901806]

=== Step 24 ===
Current position: [1.0592949390411377, 2.3287901878356934]
Processing direction 1: [0.2 0. ]
Processing direction 2: [0.19615706 0.03901806]
Processing direction 3: [0.18477591 0.07653669]
Processing direction 4: [0.16629392 0.11111405]
Processing direction 5: [0.14142136 0.14142136]
Processing direction 6: [0.11111405 0.16629392]
Processing direction 7: [0.07653669 0.18477591]
Processing direction 8: [0.03901806 0.19615706]
Processing direction 9: [1.2246468e-17 2.0000000e-01]
Processing direction 10: [-0.03901806  0.19615706]
Processing direction 11: [-0.07653669  0.18477591]
Processing direction 12: [-0.11111405  0.16629392]
Processing direction 13: [-0.14142136  0.14142136]
Processing direction 14: [-0.16629392  0.11111405]
Processing direction 15: [-0.18477591  0.07653669]
Processing direction 16: [-0.19615706  0.03901806]
Processing direction 17: [-2.0000000e-01  2.4492936e-17]
Processing direction 18: [-0.19615706 -0.03901806]
Processing direction 19: [-0.18477591 -0.07653669]
Processing direction 20: [-0.16629392 -0.11111405]
Processing direction 21: [-0.14142136 -0.14142136]
Processing direction 22: [-0.11111405 -0.16629392]
Processing direction 23: [-0.07653669 -0.18477591]
Processing direction 24: [-0.03901806 -0.19615706]
Processing direction 25: [-3.6739404e-17 -2.0000000e-01]
Processing direction 26: [ 0.03901806 -0.19615706]
Processing direction 27: [ 0.07653669 -0.18477591]
Processing direction 28: [ 0.11111405 -0.16629392]
Processing direction 29: [ 0.14142136 -0.14142136]
Processing direction 30: [ 0.16629392 -0.11111405]
Processing direction 31: [ 0.18477591 -0.07653669]
Processing direction 32: [ 0.19615706 -0.03901806]

=== Step 25 ===
Current position: [1.2914751768112183, 2.1998748779296875]
Processing direction 1: [0.2 0. ]
Processing direction 2: [0.19615706 0.03901806]
Processing direction 3: [0.18477591 0.07653669]
Processing direction 4: [0.16629392 0.11111405]
Processing direction 5: [0.14142136 0.14142136]
Processing direction 6: [0.11111405 0.16629392]
Processing direction 7: [0.07653669 0.18477591]
Processing direction 8: [0.03901806 0.19615706]
Processing direction 9: [1.2246468e-17 2.0000000e-01]
Processing direction 10: [-0.03901806  0.19615706]
Processing direction 11: [-0.07653669  0.18477591]
Processing direction 12: [-0.11111405  0.16629392]
Processing direction 13: [-0.14142136  0.14142136]
Processing direction 14: [-0.16629392  0.11111405]
Processing direction 15: [-0.18477591  0.07653669]
Processing direction 16: [-0.19615706  0.03901806]
Processing direction 17: [-2.0000000e-01  2.4492936e-17]
Processing direction 18: [-0.19615706 -0.03901806]
Processing direction 19: [-0.18477591 -0.07653669]
Processing direction 20: [-0.16629392 -0.11111405]
Processing direction 21: [-0.14142136 -0.14142136]
Processing direction 22: [-0.11111405 -0.16629392]
Processing direction 23: [-0.07653669 -0.18477591]
Processing direction 24: [-0.03901806 -0.19615706]
Processing direction 25: [-3.6739404e-17 -2.0000000e-01]
Processing direction 26: [ 0.03901806 -0.19615706]
Processing direction 27: [ 0.07653669 -0.18477591]
Processing direction 28: [ 0.11111405 -0.16629392]
Processing direction 29: [ 0.14142136 -0.14142136]
Processing direction 30: [ 0.16629392 -0.11111405]
Processing direction 31: [ 0.18477591 -0.07653669]
Processing direction 32: [ 0.19615706 -0.03901806]

=== Step 26 ===
Current position: [1.4552171230316162, 2.0257740020751953]
Processing direction 1: [0.2 0. ]
Processing direction 2: [0.19615706 0.03901806]
Processing direction 3: [0.18477591 0.07653669]
Processing direction 4: [0.16629392 0.11111405]
Processing direction 5: [0.14142136 0.14142136]
Processing direction 6: [0.11111405 0.16629392]
Processing direction 7: [0.07653669 0.18477591]
Processing direction 8: [0.03901806 0.19615706]
Processing direction 9: [1.2246468e-17 2.0000000e-01]
Processing direction 10: [-0.03901806  0.19615706]
Processing direction 11: [-0.07653669  0.18477591]
Processing direction 12: [-0.11111405  0.16629392]
Processing direction 13: [-0.14142136  0.14142136]
Processing direction 14: [-0.16629392  0.11111405]
Processing direction 15: [-0.18477591  0.07653669]
Processing direction 16: [-0.19615706  0.03901806]
Processing direction 17: [-2.0000000e-01  2.4492936e-17]
Processing direction 18: [-0.19615706 -0.03901806]
Processing direction 19: [-0.18477591 -0.07653669]
Processing direction 20: [-0.16629392 -0.11111405]
Processing direction 21: [-0.14142136 -0.14142136]
Processing direction 22: [-0.11111405 -0.16629392]
Processing direction 23: [-0.07653669 -0.18477591]
Processing direction 24: [-0.03901806 -0.19615706]
Processing direction 25: [-3.6739404e-17 -2.0000000e-01]
Processing direction 26: [ 0.03901806 -0.19615706]
Processing direction 27: [ 0.07653669 -0.18477591]
Processing direction 28: [ 0.11111405 -0.16629392]
Processing direction 29: [ 0.14142136 -0.14142136]
Processing direction 30: [ 0.16629392 -0.11111405]
Processing direction 31: [ 0.18477591 -0.07653669]
Processing direction 32: [ 0.19615706 -0.03901806]

=== Step 27 ===
Current position: [1.279687762260437, 2.2427141666412354]
Processing direction 1: [0.2 0. ]
Processing direction 2: [0.19615706 0.03901806]
Processing direction 3: [0.18477591 0.07653669]
Processing direction 4: [0.16629392 0.11111405]
Processing direction 5: [0.14142136 0.14142136]
Processing direction 6: [0.11111405 0.16629392]
Processing direction 7: [0.07653669 0.18477591]
Processing direction 8: [0.03901806 0.19615706]
Processing direction 9: [1.2246468e-17 2.0000000e-01]
Processing direction 10: [-0.03901806  0.19615706]
Processing direction 11: [-0.07653669  0.18477591]
Processing direction 12: [-0.11111405  0.16629392]
Processing direction 13: [-0.14142136  0.14142136]
Processing direction 14: [-0.16629392  0.11111405]
Processing direction 15: [-0.18477591  0.07653669]
Processing direction 16: [-0.19615706  0.03901806]
Processing direction 17: [-2.0000000e-01  2.4492936e-17]
Processing direction 18: [-0.19615706 -0.03901806]
Processing direction 19: [-0.18477591 -0.07653669]
Processing direction 20: [-0.16629392 -0.11111405]
Processing direction 21: [-0.14142136 -0.14142136]
Processing direction 22: [-0.11111405 -0.16629392]
Processing direction 23: [-0.07653669 -0.18477591]
Processing direction 24: [-0.03901806 -0.19615706]
Processing direction 25: [-3.6739404e-17 -2.0000000e-01]
Processing direction 26: [ 0.03901806 -0.19615706]
Processing direction 27: [ 0.07653669 -0.18477591]
Processing direction 28: [ 0.11111405 -0.16629392]
Processing direction 29: [ 0.14142136 -0.14142136]
Processing direction 30: [ 0.16629392 -0.11111405]
Processing direction 31: [ 0.18477591 -0.07653669]
Processing direction 32: [ 0.19615706 -0.03901806]

=== Step 28 ===
Current position: [1.4483188390731812, 2.0636603832244873]
Processing direction 1: [0.2 0. ]
Processing direction 2: [0.19615706 0.03901806]
Processing direction 3: [0.18477591 0.07653669]
Processing direction 4: [0.16629392 0.11111405]
Processing direction 5: [0.14142136 0.14142136]
Processing direction 6: [0.11111405 0.16629392]
Processing direction 7: [0.07653669 0.18477591]
Processing direction 8: [0.03901806 0.19615706]
Processing direction 9: [1.2246468e-17 2.0000000e-01]
Processing direction 10: [-0.03901806  0.19615706]
Processing direction 11: [-0.07653669  0.18477591]
Processing direction 12: [-0.11111405  0.16629392]
Processing direction 13: [-0.14142136  0.14142136]
Processing direction 14: [-0.16629392  0.11111405]
Processing direction 15: [-0.18477591  0.07653669]
Processing direction 16: [-0.19615706  0.03901806]
Processing direction 17: [-2.0000000e-01  2.4492936e-17]
Processing direction 18: [-0.19615706 -0.03901806]
Processing direction 19: [-0.18477591 -0.07653669]
Processing direction 20: [-0.16629392 -0.11111405]
Processing direction 21: [-0.14142136 -0.14142136]
Processing direction 22: [-0.11111405 -0.16629392]
Processing direction 23: [-0.07653669 -0.18477591]
Processing direction 24: [-0.03901806 -0.19615706]
Processing direction 25: [-3.6739404e-17 -2.0000000e-01]
Processing direction 26: [ 0.03901806 -0.19615706]
Processing direction 27: [ 0.07653669 -0.18477591]
Processing direction 28: [ 0.11111405 -0.16629392]
Processing direction 29: [ 0.14142136 -0.14142136]
Processing direction 30: [ 0.16629392 -0.11111405]
Processing direction 31: [ 0.18477591 -0.07653669]
Processing direction 32: [ 0.19615706 -0.03901806]

=== Step 29 ===
Current position: [1.342812180519104, 2.204223871231079]
Processing direction 1: [0.2 0. ]
Processing direction 2: [0.19615706 0.03901806]
Processing direction 3: [0.18477591 0.07653669]
Processing direction 4: [0.16629392 0.11111405]
Processing direction 5: [0.14142136 0.14142136]
Processing direction 6: [0.11111405 0.16629392]
Processing direction 7: [0.07653669 0.18477591]
Processing direction 8: [0.03901806 0.19615706]
Processing direction 9: [1.2246468e-17 2.0000000e-01]
Processing direction 10: [-0.03901806  0.19615706]
Processing direction 11: [-0.07653669  0.18477591]
Processing direction 12: [-0.11111405  0.16629392]
Processing direction 13: [-0.14142136  0.14142136]
Processing direction 14: [-0.16629392  0.11111405]
Processing direction 15: [-0.18477591  0.07653669]
Processing direction 16: [-0.19615706  0.03901806]
Processing direction 17: [-2.0000000e-01  2.4492936e-17]
Processing direction 18: [-0.19615706 -0.03901806]
Processing direction 19: [-0.18477591 -0.07653669]
Processing direction 20: [-0.16629392 -0.11111405]
Processing direction 21: [-0.14142136 -0.14142136]
Processing direction 22: [-0.11111405 -0.16629392]
Processing direction 23: [-0.07653669 -0.18477591]
Processing direction 24: [-0.03901806 -0.19615706]
Processing direction 25: [-3.6739404e-17 -2.0000000e-01]
Processing direction 26: [ 0.03901806 -0.19615706]
Processing direction 27: [ 0.07653669 -0.18477591]
Processing direction 28: [ 0.11111405 -0.16629392]
Processing direction 29: [ 0.14142136 -0.14142136]
Processing direction 30: [ 0.16629392 -0.11111405]
Processing direction 31: [ 0.18477591 -0.07653669]
Processing direction 32: [ 0.19615706 -0.03901806]

=== Step 30 ===
Current position: [1.2468698024749756, 2.3295955657958984]
Processing direction 1: [0.2 0. ]
Processing direction 2: [0.19615706 0.03901806]
Processing direction 3: [0.18477591 0.07653669]
Processing direction 4: [0.16629392 0.11111405]
Processing direction 5: [0.14142136 0.14142136]
Processing direction 6: [0.11111405 0.16629392]
Processing direction 7: [0.07653669 0.18477591]
Processing direction 8: [0.03901806 0.19615706]
Processing direction 9: [1.2246468e-17 2.0000000e-01]
Processing direction 10: [-0.03901806  0.19615706]
Processing direction 11: [-0.07653669  0.18477591]
Processing direction 12: [-0.11111405  0.16629392]
Processing direction 13: [-0.14142136  0.14142136]
Processing direction 14: [-0.16629392  0.11111405]
Processing direction 15: [-0.18477591  0.07653669]
Processing direction 16: [-0.19615706  0.03901806]
Processing direction 17: [-2.0000000e-01  2.4492936e-17]
Processing direction 18: [-0.19615706 -0.03901806]
Processing direction 19: [-0.18477591 -0.07653669]
Processing direction 20: [-0.16629392 -0.11111405]
Processing direction 21: [-0.14142136 -0.14142136]
Processing direction 22: [-0.11111405 -0.16629392]
Processing direction 23: [-0.07653669 -0.18477591]
Processing direction 24: [-0.03901806 -0.19615706]
Processing direction 25: [-3.6739404e-17 -2.0000000e-01]
Processing direction 26: [ 0.03901806 -0.19615706]
Processing direction 27: [ 0.07653669 -0.18477591]
Processing direction 28: [ 0.11111405 -0.16629392]
Processing direction 29: [ 0.14142136 -0.14142136]
Processing direction 30: [ 0.16629392 -0.11111405]
Processing direction 31: [ 0.18477591 -0.07653669]
Processing direction 32: [ 0.19615706 -0.03901806]

=== Step 31 ===
Current position: [1.1168699264526367, 2.4937491416931152]
Processing direction 1: [0.2 0. ]
Processing direction 2: [0.19615706 0.03901806]
Processing direction 3: [0.18477591 0.07653669]
Processing direction 4: [0.16629392 0.11111405]
Processing direction 5: [0.14142136 0.14142136]
Processing direction 6: [0.11111405 0.16629392]
Processing direction 7: [0.07653669 0.18477591]
Processing direction 8: [0.03901806 0.19615706]
Processing direction 9: [1.2246468e-17 2.0000000e-01]
Processing direction 10: [-0.03901806  0.19615706]
Processing direction 11: [-0.07653669  0.18477591]
Processing direction 12: [-0.11111405  0.16629392]
Processing direction 13: [-0.14142136  0.14142136]
Processing direction 14: [-0.16629392  0.11111405]
Processing direction 15: [-0.18477591  0.07653669]
Processing direction 16: [-0.19615706  0.03901806]
Processing direction 17: [-2.0000000e-01  2.4492936e-17]
Processing direction 18: [-0.19615706 -0.03901806]
Processing direction 19: [-0.18477591 -0.07653669]
Processing direction 20: [-0.16629392 -0.11111405]
Processing direction 21: [-0.14142136 -0.14142136]
Processing direction 22: [-0.11111405 -0.16629392]
Processing direction 23: [-0.07653669 -0.18477591]
Processing direction 24: [-0.03901806 -0.19615706]
Processing direction 25: [-3.6739404e-17 -2.0000000e-01]
Processing direction 26: [ 0.03901806 -0.19615706]
Processing direction 27: [ 0.07653669 -0.18477591]
Processing direction 28: [ 0.11111405 -0.16629392]
Processing direction 29: [ 0.14142136 -0.14142136]
Processing direction 30: [ 0.16629392 -0.11111405]
Processing direction 31: [ 0.18477591 -0.07653669]
Processing direction 32: [ 0.19615706 -0.03901806]

=== Step 32 ===
Current position: [1.275544285774231, 2.381566047668457]
Processing direction 1: [0.2 0. ]
Processing direction 2: [0.19615706 0.03901806]
Processing direction 3: [0.18477591 0.07653669]
Processing direction 4: [0.16629392 0.11111405]
Processing direction 5: [0.14142136 0.14142136]
Processing direction 6: [0.11111405 0.16629392]
Processing direction 7: [0.07653669 0.18477591]
Processing direction 8: [0.03901806 0.19615706]
Processing direction 9: [1.2246468e-17 2.0000000e-01]
Processing direction 10: [-0.03901806  0.19615706]
Processing direction 11: [-0.07653669  0.18477591]
Processing direction 12: [-0.11111405  0.16629392]
Processing direction 13: [-0.14142136  0.14142136]
Processing direction 14: [-0.16629392  0.11111405]
Processing direction 15: [-0.18477591  0.07653669]
Processing direction 16: [-0.19615706  0.03901806]
Processing direction 17: [-2.0000000e-01  2.4492936e-17]
Processing direction 18: [-0.19615706 -0.03901806]
Processing direction 19: [-0.18477591 -0.07653669]
Processing direction 20: [-0.16629392 -0.11111405]
Processing direction 21: [-0.14142136 -0.14142136]
Processing direction 22: [-0.11111405 -0.16629392]
Processing direction 23: [-0.07653669 -0.18477591]
Processing direction 24: [-0.03901806 -0.19615706]
Processing direction 25: [-3.6739404e-17 -2.0000000e-01]
Processing direction 26: [ 0.03901806 -0.19615706]
Processing direction 27: [ 0.07653669 -0.18477591]
Processing direction 28: [ 0.11111405 -0.16629392]
Processing direction 29: [ 0.14142136 -0.14142136]
Processing direction 30: [ 0.16629392 -0.11111405]
Processing direction 31: [ 0.18477591 -0.07653669]
Processing direction 32: [ 0.19615706 -0.03901806]

=== Step 33 ===
Current position: [1.3843131065368652, 2.2608134746551514]
Processing direction 1: [0.2 0. ]
Processing direction 2: [0.19615706 0.03901806]
Processing direction 3: [0.18477591 0.07653669]
Processing direction 4: [0.16629392 0.11111405]
Processing direction 5: [0.14142136 0.14142136]
Processing direction 6: [0.11111405 0.16629392]
Processing direction 7: [0.07653669 0.18477591]
Processing direction 8: [0.03901806 0.19615706]
Processing direction 9: [1.2246468e-17 2.0000000e-01]
Processing direction 10: [-0.03901806  0.19615706]
Processing direction 11: [-0.07653669  0.18477591]
Processing direction 12: [-0.11111405  0.16629392]
Processing direction 13: [-0.14142136  0.14142136]
Processing direction 14: [-0.16629392  0.11111405]
Processing direction 15: [-0.18477591  0.07653669]
Processing direction 16: [-0.19615706  0.03901806]
Processing direction 17: [-2.0000000e-01  2.4492936e-17]
Processing direction 18: [-0.19615706 -0.03901806]
Processing direction 19: [-0.18477591 -0.07653669]
Processing direction 20: [-0.16629392 -0.11111405]
Processing direction 21: [-0.14142136 -0.14142136]
Processing direction 22: [-0.11111405 -0.16629392]
Processing direction 23: [-0.07653669 -0.18477591]
Processing direction 24: [-0.03901806 -0.19615706]
Processing direction 25: [-3.6739404e-17 -2.0000000e-01]
Processing direction 26: [ 0.03901806 -0.19615706]
Processing direction 27: [ 0.07653669 -0.18477591]
Processing direction 28: [ 0.11111405 -0.16629392]
Processing direction 29: [ 0.14142136 -0.14142136]
Processing direction 30: [ 0.16629392 -0.11111405]
Processing direction 31: [ 0.18477591 -0.07653669]
Processing direction 32: [ 0.19615706 -0.03901806]

=== Step 34 ===
Current position: [1.2612011432647705, 2.4251327514648438]
Processing direction 1: [0.2 0. ]
Processing direction 2: [0.19615706 0.03901806]
Processing direction 3: [0.18477591 0.07653669]
Processing direction 4: [0.16629392 0.11111405]
Processing direction 5: [0.14142136 0.14142136]
Processing direction 6: [0.11111405 0.16629392]
Processing direction 7: [0.07653669 0.18477591]
Processing direction 8: [0.03901806 0.19615706]
Processing direction 9: [1.2246468e-17 2.0000000e-01]
Processing direction 10: [-0.03901806  0.19615706]
Processing direction 11: [-0.07653669  0.18477591]
Processing direction 12: [-0.11111405  0.16629392]
Processing direction 13: [-0.14142136  0.14142136]
Processing direction 14: [-0.16629392  0.11111405]
Processing direction 15: [-0.18477591  0.07653669]
Processing direction 16: [-0.19615706  0.03901806]
Processing direction 17: [-2.0000000e-01  2.4492936e-17]
Processing direction 18: [-0.19615706 -0.03901806]
Processing direction 19: [-0.18477591 -0.07653669]
Processing direction 20: [-0.16629392 -0.11111405]
Processing direction 21: [-0.14142136 -0.14142136]
Processing direction 22: [-0.11111405 -0.16629392]
Processing direction 23: [-0.07653669 -0.18477591]
Processing direction 24: [-0.03901806 -0.19615706]
Processing direction 25: [-3.6739404e-17 -2.0000000e-01]
Processing direction 26: [ 0.03901806 -0.19615706]
Processing direction 27: [ 0.07653669 -0.18477591]
Processing direction 28: [ 0.11111405 -0.16629392]
Processing direction 29: [ 0.14142136 -0.14142136]
Processing direction 30: [ 0.16629392 -0.11111405]
Processing direction 31: [ 0.18477591 -0.07653669]
Processing direction 32: [ 0.19615706 -0.03901806]

=== Step 35 ===
Current position: [1.3866281509399414, 2.297976493835449]
Processing direction 1: [0.2 0. ]
Processing direction 2: [0.19615706 0.03901806]
Processing direction 3: [0.18477591 0.07653669]
Processing direction 4: [0.16629392 0.11111405]
Processing direction 5: [0.14142136 0.14142136]
Processing direction 6: [0.11111405 0.16629392]
Processing direction 7: [0.07653669 0.18477591]
Processing direction 8: [0.03901806 0.19615706]
Processing direction 9: [1.2246468e-17 2.0000000e-01]
Processing direction 10: [-0.03901806  0.19615706]
Processing direction 11: [-0.07653669  0.18477591]
Processing direction 12: [-0.11111405  0.16629392]
Processing direction 13: [-0.14142136  0.14142136]
Processing direction 14: [-0.16629392  0.11111405]
Processing direction 15: [-0.18477591  0.07653669]
Processing direction 16: [-0.19615706  0.03901806]
Processing direction 17: [-2.0000000e-01  2.4492936e-17]
Processing direction 18: [-0.19615706 -0.03901806]
Processing direction 19: [-0.18477591 -0.07653669]
Processing direction 20: [-0.16629392 -0.11111405]
Processing direction 21: [-0.14142136 -0.14142136]
Processing direction 22: [-0.11111405 -0.16629392]
Processing direction 23: [-0.07653669 -0.18477591]
Processing direction 24: [-0.03901806 -0.19615706]
Processing direction 25: [-3.6739404e-17 -2.0000000e-01]
Processing direction 26: [ 0.03901806 -0.19615706]
Processing direction 27: [ 0.07653669 -0.18477591]
Processing direction 28: [ 0.11111405 -0.16629392]
Processing direction 29: [ 0.14142136 -0.14142136]
Processing direction 30: [ 0.16629392 -0.11111405]
Processing direction 31: [ 0.18477591 -0.07653669]
Processing direction 32: [ 0.19615706 -0.03901806]

=== Step 36 ===
Current position: [1.56658136844635, 2.1172425746917725]
Processing direction 1: [0.2 0. ]
Processing direction 2: [0.19615706 0.03901806]
Processing direction 3: [0.18477591 0.07653669]
Processing direction 4: [0.16629392 0.11111405]
Processing direction 5: [0.14142136 0.14142136]
Processing direction 6: [0.11111405 0.16629392]
Processing direction 7: [0.07653669 0.18477591]
Processing direction 8: [0.03901806 0.19615706]
Processing direction 9: [1.2246468e-17 2.0000000e-01]
Processing direction 10: [-0.03901806  0.19615706]
Processing direction 11: [-0.07653669  0.18477591]
Processing direction 12: [-0.11111405  0.16629392]
Processing direction 13: [-0.14142136  0.14142136]
Processing direction 14: [-0.16629392  0.11111405]
Processing direction 15: [-0.18477591  0.07653669]
Processing direction 16: [-0.19615706  0.03901806]
Processing direction 17: [-2.0000000e-01  2.4492936e-17]
Processing direction 18: [-0.19615706 -0.03901806]
Processing direction 19: [-0.18477591 -0.07653669]
Processing direction 20: [-0.16629392 -0.11111405]
Processing direction 21: [-0.14142136 -0.14142136]
Processing direction 22: [-0.11111405 -0.16629392]
Processing direction 23: [-0.07653669 -0.18477591]
Processing direction 24: [-0.03901806 -0.19615706]
Processing direction 25: [-3.6739404e-17 -2.0000000e-01]
Processing direction 26: [ 0.03901806 -0.19615706]
Processing direction 27: [ 0.07653669 -0.18477591]
Processing direction 28: [ 0.11111405 -0.16629392]
Processing direction 29: [ 0.14142136 -0.14142136]
Processing direction 30: [ 0.16629392 -0.11111405]
Processing direction 31: [ 0.18477591 -0.07653669]
Processing direction 32: [ 0.19615706 -0.03901806]

=== Step 37 ===
Current position: [1.7175201177597046, 1.9779168367385864]
Processing direction 1: [0.2 0. ]
Processing direction 2: [0.19615706 0.03901806]
Processing direction 3: [0.18477591 0.07653669]
Processing direction 4: [0.16629392 0.11111405]
Processing direction 5: [0.14142136 0.14142136]
Processing direction 6: [0.11111405 0.16629392]
Processing direction 7: [0.07653669 0.18477591]
Processing direction 8: [0.03901806 0.19615706]
Processing direction 9: [1.2246468e-17 2.0000000e-01]
Processing direction 10: [-0.03901806  0.19615706]
Processing direction 11: [-0.07653669  0.18477591]
Processing direction 12: [-0.11111405  0.16629392]
Processing direction 13: [-0.14142136  0.14142136]
Processing direction 14: [-0.16629392  0.11111405]
Processing direction 15: [-0.18477591  0.07653669]
Processing direction 16: [-0.19615706  0.03901806]
Processing direction 17: [-2.0000000e-01  2.4492936e-17]
Processing direction 18: [-0.19615706 -0.03901806]
Processing direction 19: [-0.18477591 -0.07653669]
Processing direction 20: [-0.16629392 -0.11111405]
Processing direction 21: [-0.14142136 -0.14142136]
Processing direction 22: [-0.11111405 -0.16629392]
Processing direction 23: [-0.07653669 -0.18477591]
Processing direction 24: [-0.03901806 -0.19615706]
Processing direction 25: [-3.6739404e-17 -2.0000000e-01]
Processing direction 26: [ 0.03901806 -0.19615706]
Processing direction 27: [ 0.07653669 -0.18477591]
Processing direction 28: [ 0.11111405 -0.16629392]
Processing direction 29: [ 0.14142136 -0.14142136]
Processing direction 30: [ 0.16629392 -0.11111405]
Processing direction 31: [ 0.18477591 -0.07653669]
Processing direction 32: [ 0.19615706 -0.03901806]

=== Step 38 ===
Current position: [1.8585797548294067, 1.8556255102157593]
Processing direction 1: [0.2 0. ]
Processing direction 2: [0.19615706 0.03901806]
Processing direction 3: [0.18477591 0.07653669]
Processing direction 4: [0.16629392 0.11111405]
Processing direction 5: [0.14142136 0.14142136]
Processing direction 6: [0.11111405 0.16629392]
Processing direction 7: [0.07653669 0.18477591]
Processing direction 8: [0.03901806 0.19615706]
Processing direction 9: [1.2246468e-17 2.0000000e-01]
Processing direction 10: [-0.03901806  0.19615706]
Processing direction 11: [-0.07653669  0.18477591]
Processing direction 12: [-0.11111405  0.16629392]
Processing direction 13: [-0.14142136  0.14142136]
Processing direction 14: [-0.16629392  0.11111405]
Processing direction 15: [-0.18477591  0.07653669]
Processing direction 16: [-0.19615706  0.03901806]
Processing direction 17: [-2.0000000e-01  2.4492936e-17]
Processing direction 18: [-0.19615706 -0.03901806]
Processing direction 19: [-0.18477591 -0.07653669]
Processing direction 20: [-0.16629392 -0.11111405]
Processing direction 21: [-0.14142136 -0.14142136]
Processing direction 22: [-0.11111405 -0.16629392]
Processing direction 23: [-0.07653669 -0.18477591]
Processing direction 24: [-0.03901806 -0.19615706]
Processing direction 25: [-3.6739404e-17 -2.0000000e-01]
Processing direction 26: [ 0.03901806 -0.19615706]
Processing direction 27: [ 0.07653669 -0.18477591]
Processing direction 28: [ 0.11111405 -0.16629392]
Processing direction 29: [ 0.14142136 -0.14142136]
Processing direction 30: [ 0.16629392 -0.11111405]
Processing direction 31: [ 0.18477591 -0.07653669]
Processing direction 32: [ 0.19615706 -0.03901806]

=== Step 39 ===
Current position: [2.1037909984588623, 1.7289499044418335]
Processing direction 1: [0.2 0. ]
Processing direction 2: [0.19615706 0.03901806]
Processing direction 3: [0.18477591 0.07653669]
Processing direction 4: [0.16629392 0.11111405]
Processing direction 5: [0.14142136 0.14142136]
Processing direction 6: [0.11111405 0.16629392]
Processing direction 7: [0.07653669 0.18477591]
Processing direction 8: [0.03901806 0.19615706]
Processing direction 9: [1.2246468e-17 2.0000000e-01]
Processing direction 10: [-0.03901806  0.19615706]
Processing direction 11: [-0.07653669  0.18477591]
Processing direction 12: [-0.11111405  0.16629392]
Processing direction 13: [-0.14142136  0.14142136]
Processing direction 14: [-0.16629392  0.11111405]
Processing direction 15: [-0.18477591  0.07653669]
Processing direction 16: [-0.19615706  0.03901806]
Processing direction 17: [-2.0000000e-01  2.4492936e-17]
Processing direction 18: [-0.19615706 -0.03901806]
Processing direction 19: [-0.18477591 -0.07653669]
Processing direction 20: [-0.16629392 -0.11111405]
Processing direction 21: [-0.14142136 -0.14142136]
Processing direction 22: [-0.11111405 -0.16629392]
Processing direction 23: [-0.07653669 -0.18477591]
Processing direction 24: [-0.03901806 -0.19615706]
Processing direction 25: [-3.6739404e-17 -2.0000000e-01]
Processing direction 26: [ 0.03901806 -0.19615706]
Processing direction 27: [ 0.07653669 -0.18477591]
Processing direction 28: [ 0.11111405 -0.16629392]
Processing direction 29: [ 0.14142136 -0.14142136]
Processing direction 30: [ 0.16629392 -0.11111405]
Processing direction 31: [ 0.18477591 -0.07653669]
Processing direction 32: [ 0.19615706 -0.03901806]

=== Step 40 ===
Current position: [2.007758378982544, 1.818175196647644]
Processing direction 1: [0.2 0. ]
Processing direction 2: [0.19615706 0.03901806]
Processing direction 3: [0.18477591 0.07653669]
Processing direction 4: [0.16629392 0.11111405]
Processing direction 5: [0.14142136 0.14142136]
Processing direction 6: [0.11111405 0.16629392]
Processing direction 7: [0.07653669 0.18477591]
Processing direction 8: [0.03901806 0.19615706]
Processing direction 9: [1.2246468e-17 2.0000000e-01]
Processing direction 10: [-0.03901806  0.19615706]
Processing direction 11: [-0.07653669  0.18477591]
Processing direction 12: [-0.11111405  0.16629392]
Processing direction 13: [-0.14142136  0.14142136]
Processing direction 14: [-0.16629392  0.11111405]
Processing direction 15: [-0.18477591  0.07653669]
Processing direction 16: [-0.19615706  0.03901806]
Processing direction 17: [-2.0000000e-01  2.4492936e-17]
Processing direction 18: [-0.19615706 -0.03901806]
Processing direction 19: [-0.18477591 -0.07653669]
Processing direction 20: [-0.16629392 -0.11111405]
Processing direction 21: [-0.14142136 -0.14142136]
Processing direction 22: [-0.11111405 -0.16629392]
Processing direction 23: [-0.07653669 -0.18477591]
Processing direction 24: [-0.03901806 -0.19615706]
Processing direction 25: [-3.6739404e-17 -2.0000000e-01]
Processing direction 26: [ 0.03901806 -0.19615706]
Processing direction 27: [ 0.07653669 -0.18477591]
Processing direction 28: [ 0.11111405 -0.16629392]
Processing direction 29: [ 0.14142136 -0.14142136]
Processing direction 30: [ 0.16629392 -0.11111405]
Processing direction 31: [ 0.18477591 -0.07653669]
Processing direction 32: [ 0.19615706 -0.03901806]

=== Step 41 ===
Current position: [2.1760244369506836, 1.6898950338363647]
Processing direction 1: [0.2 0. ]
Processing direction 2: [0.19615706 0.03901806]
Processing direction 3: [0.18477591 0.07653669]
Processing direction 4: [0.16629392 0.11111405]
Processing direction 5: [0.14142136 0.14142136]
Processing direction 6: [0.11111405 0.16629392]
Processing direction 7: [0.07653669 0.18477591]
Processing direction 8: [0.03901806 0.19615706]
Processing direction 9: [1.2246468e-17 2.0000000e-01]
Processing direction 10: [-0.03901806  0.19615706]
Processing direction 11: [-0.07653669  0.18477591]
Processing direction 12: [-0.11111405  0.16629392]
Processing direction 13: [-0.14142136  0.14142136]
Processing direction 14: [-0.16629392  0.11111405]
Processing direction 15: [-0.18477591  0.07653669]
Processing direction 16: [-0.19615706  0.03901806]
Processing direction 17: [-2.0000000e-01  2.4492936e-17]
Processing direction 18: [-0.19615706 -0.03901806]
Processing direction 19: [-0.18477591 -0.07653669]
Processing direction 20: [-0.16629392 -0.11111405]
Processing direction 21: [-0.14142136 -0.14142136]
Processing direction 22: [-0.11111405 -0.16629392]
Processing direction 23: [-0.07653669 -0.18477591]
Processing direction 24: [-0.03901806 -0.19615706]
Processing direction 25: [-3.6739404e-17 -2.0000000e-01]
Processing direction 26: [ 0.03901806 -0.19615706]
Processing direction 27: [ 0.07653669 -0.18477591]
Processing direction 28: [ 0.11111405 -0.16629392]
Processing direction 29: [ 0.14142136 -0.14142136]
Processing direction 30: [ 0.16629392 -0.11111405]
Processing direction 31: [ 0.18477591 -0.07653669]
Processing direction 32: [ 0.19615706 -0.03901806]

=== Step 42 ===
Current position: [2.4168055057525635, 1.5430481433868408]
Processing direction 1: [0.2 0. ]
Processing direction 2: [0.19615706 0.03901806]
Processing direction 3: [0.18477591 0.07653669]
Processing direction 4: [0.16629392 0.11111405]
Processing direction 5: [0.14142136 0.14142136]
Processing direction 6: [0.11111405 0.16629392]
Processing direction 7: [0.07653669 0.18477591]
Processing direction 8: [0.03901806 0.19615706]
Processing direction 9: [1.2246468e-17 2.0000000e-01]
Processing direction 10: [-0.03901806  0.19615706]
Processing direction 11: [-0.07653669  0.18477591]
Processing direction 12: [-0.11111405  0.16629392]
Processing direction 13: [-0.14142136  0.14142136]
Processing direction 14: [-0.16629392  0.11111405]
Processing direction 15: [-0.18477591  0.07653669]
Processing direction 16: [-0.19615706  0.03901806]
Processing direction 17: [-2.0000000e-01  2.4492936e-17]
Processing direction 18: [-0.19615706 -0.03901806]
Processing direction 19: [-0.18477591 -0.07653669]
Processing direction 20: [-0.16629392 -0.11111405]
Processing direction 21: [-0.14142136 -0.14142136]
Processing direction 22: [-0.11111405 -0.16629392]
Processing direction 23: [-0.07653669 -0.18477591]
Processing direction 24: [-0.03901806 -0.19615706]
Processing direction 25: [-3.6739404e-17 -2.0000000e-01]
Processing direction 26: [ 0.03901806 -0.19615706]
Processing direction 27: [ 0.07653669 -0.18477591]
Processing direction 28: [ 0.11111405 -0.16629392]
Processing direction 29: [ 0.14142136 -0.14142136]
Processing direction 30: [ 0.16629392 -0.11111405]
Processing direction 31: [ 0.18477591 -0.07653669]
Processing direction 32: [ 0.19615706 -0.03901806]

=== Step 43 ===
Current position: [2.2855870723724365, 1.6453661918640137]
Processing direction 1: [0.2 0. ]
Processing direction 2: [0.19615706 0.03901806]
Processing direction 3: [0.18477591 0.07653669]
Processing direction 4: [0.16629392 0.11111405]
Processing direction 5: [0.14142136 0.14142136]
Processing direction 6: [0.11111405 0.16629392]
Processing direction 7: [0.07653669 0.18477591]
Processing direction 8: [0.03901806 0.19615706]
Processing direction 9: [1.2246468e-17 2.0000000e-01]
Processing direction 10: [-0.03901806  0.19615706]
Processing direction 11: [-0.07653669  0.18477591]
Processing direction 12: [-0.11111405  0.16629392]
Processing direction 13: [-0.14142136  0.14142136]
Processing direction 14: [-0.16629392  0.11111405]
Processing direction 15: [-0.18477591  0.07653669]
Processing direction 16: [-0.19615706  0.03901806]
Processing direction 17: [-2.0000000e-01  2.4492936e-17]
Processing direction 18: [-0.19615706 -0.03901806]
Processing direction 19: [-0.18477591 -0.07653669]
Processing direction 20: [-0.16629392 -0.11111405]
Processing direction 21: [-0.14142136 -0.14142136]
Processing direction 22: [-0.11111405 -0.16629392]
Processing direction 23: [-0.07653669 -0.18477591]
Processing direction 24: [-0.03901806 -0.19615706]
Processing direction 25: [-3.6739404e-17 -2.0000000e-01]
Processing direction 26: [ 0.03901806 -0.19615706]
Processing direction 27: [ 0.07653669 -0.18477591]
Processing direction 28: [ 0.11111405 -0.16629392]
Processing direction 29: [ 0.14142136 -0.14142136]
Processing direction 30: [ 0.16629392 -0.11111405]
Processing direction 31: [ 0.18477591 -0.07653669]
Processing direction 32: [ 0.19615706 -0.03901806]

=== Step 44 ===
Current position: [2.5296077728271484, 1.5017503499984741]
Processing direction 1: [0.2 0. ]
Processing direction 2: [0.19615706 0.03901806]
Processing direction 3: [0.18477591 0.07653669]
Processing direction 4: [0.16629392 0.11111405]
Processing direction 5: [0.14142136 0.14142136]
Processing direction 6: [0.11111405 0.16629392]
Processing direction 7: [0.07653669 0.18477591]
Processing direction 8: [0.03901806 0.19615706]
Processing direction 9: [1.2246468e-17 2.0000000e-01]
Processing direction 10: [-0.03901806  0.19615706]
Processing direction 11: [-0.07653669  0.18477591]
Processing direction 12: [-0.11111405  0.16629392]
Processing direction 13: [-0.14142136  0.14142136]
Processing direction 14: [-0.16629392  0.11111405]
Processing direction 15: [-0.18477591  0.07653669]
Processing direction 16: [-0.19615706  0.03901806]
Processing direction 17: [-2.0000000e-01  2.4492936e-17]
Processing direction 18: [-0.19615706 -0.03901806]
Processing direction 19: [-0.18477591 -0.07653669]
Processing direction 20: [-0.16629392 -0.11111405]
Processing direction 21: [-0.14142136 -0.14142136]
Processing direction 22: [-0.11111405 -0.16629392]
Processing direction 23: [-0.07653669 -0.18477591]
Processing direction 24: [-0.03901806 -0.19615706]
Processing direction 25: [-3.6739404e-17 -2.0000000e-01]
Processing direction 26: [ 0.03901806 -0.19615706]
Processing direction 27: [ 0.07653669 -0.18477591]
Processing direction 28: [ 0.11111405 -0.16629392]
Processing direction 29: [ 0.14142136 -0.14142136]
Processing direction 30: [ 0.16629392 -0.11111405]
Processing direction 31: [ 0.18477591 -0.07653669]
Processing direction 32: [ 0.19615706 -0.03901806]

=== Step 45 ===
Current position: [2.437237501144409, 1.5783195495605469]
Processing direction 1: [0.2 0. ]
Processing direction 2: [0.19615706 0.03901806]
Processing direction 3: [0.18477591 0.07653669]
Processing direction 4: [0.16629392 0.11111405]
Processing direction 5: [0.14142136 0.14142136]
Processing direction 6: [0.11111405 0.16629392]
Processing direction 7: [0.07653669 0.18477591]
Processing direction 8: [0.03901806 0.19615706]
Processing direction 9: [1.2246468e-17 2.0000000e-01]
Processing direction 10: [-0.03901806  0.19615706]
Processing direction 11: [-0.07653669  0.18477591]
Processing direction 12: [-0.11111405  0.16629392]
Processing direction 13: [-0.14142136  0.14142136]
Processing direction 14: [-0.16629392  0.11111405]
Processing direction 15: [-0.18477591  0.07653669]
Processing direction 16: [-0.19615706  0.03901806]
Processing direction 17: [-2.0000000e-01  2.4492936e-17]
Processing direction 18: [-0.19615706 -0.03901806]
Processing direction 19: [-0.18477591 -0.07653669]
Processing direction 20: [-0.16629392 -0.11111405]
Processing direction 21: [-0.14142136 -0.14142136]
Processing direction 22: [-0.11111405 -0.16629392]
Processing direction 23: [-0.07653669 -0.18477591]
Processing direction 24: [-0.03901806 -0.19615706]
Processing direction 25: [-3.6739404e-17 -2.0000000e-01]
Processing direction 26: [ 0.03901806 -0.19615706]
Processing direction 27: [ 0.07653669 -0.18477591]
Processing direction 28: [ 0.11111405 -0.16629392]
Processing direction 29: [ 0.14142136 -0.14142136]
Processing direction 30: [ 0.16629392 -0.11111405]
Processing direction 31: [ 0.18477591 -0.07653669]
Processing direction 32: [ 0.19615706 -0.03901806]

=== Step 46 ===
Current position: [2.5881502628326416, 1.4837539196014404]
Processing direction 1: [0.2 0. ]
Processing direction 2: [0.19615706 0.03901806]
Processing direction 3: [0.18477591 0.07653669]
Processing direction 4: [0.16629392 0.11111405]
Processing direction 5: [0.14142136 0.14142136]
Processing direction 6: [0.11111405 0.16629392]
Processing direction 7: [0.07653669 0.18477591]
Processing direction 8: [0.03901806 0.19615706]
Processing direction 9: [1.2246468e-17 2.0000000e-01]
Processing direction 10: [-0.03901806  0.19615706]
Processing direction 11: [-0.07653669  0.18477591]
Processing direction 12: [-0.11111405  0.16629392]
Processing direction 13: [-0.14142136  0.14142136]
Processing direction 14: [-0.16629392  0.11111405]
Processing direction 15: [-0.18477591  0.07653669]
Processing direction 16: [-0.19615706  0.03901806]
Processing direction 17: [-2.0000000e-01  2.4492936e-17]
Processing direction 18: [-0.19615706 -0.03901806]
Processing direction 19: [-0.18477591 -0.07653669]
Processing direction 20: [-0.16629392 -0.11111405]
Processing direction 21: [-0.14142136 -0.14142136]
Processing direction 22: [-0.11111405 -0.16629392]
Processing direction 23: [-0.07653669 -0.18477591]
Processing direction 24: [-0.03901806 -0.19615706]
Processing direction 25: [-3.6739404e-17 -2.0000000e-01]
Processing direction 26: [ 0.03901806 -0.19615706]
Processing direction 27: [ 0.07653669 -0.18477591]
Processing direction 28: [ 0.11111405 -0.16629392]
Processing direction 29: [ 0.14142136 -0.14142136]
Processing direction 30: [ 0.16629392 -0.11111405]
Processing direction 31: [ 0.18477591 -0.07653669]
Processing direction 32: [ 0.19615706 -0.03901806]

=== Step 47 ===
Current position: [2.8321449756622314, 1.3548614978790283]
Processing direction 1: [0.2 0. ]
Processing direction 2: [0.19615706 0.03901806]
Processing direction 3: [0.18477591 0.07653669]
Processing direction 4: [0.16629392 0.11111405]
Processing direction 5: [0.14142136 0.14142136]
Processing direction 6: [0.11111405 0.16629392]
Processing direction 7: [0.07653669 0.18477591]
Processing direction 8: [0.03901806 0.19615706]
Processing direction 9: [1.2246468e-17 2.0000000e-01]
Processing direction 10: [-0.03901806  0.19615706]
Processing direction 11: [-0.07653669  0.18477591]
Processing direction 12: [-0.11111405  0.16629392]
Processing direction 13: [-0.14142136  0.14142136]
Processing direction 14: [-0.16629392  0.11111405]
Processing direction 15: [-0.18477591  0.07653669]
Processing direction 16: [-0.19615706  0.03901806]
Processing direction 17: [-2.0000000e-01  2.4492936e-17]
Processing direction 18: [-0.19615706 -0.03901806]
Processing direction 19: [-0.18477591 -0.07653669]
Processing direction 20: [-0.16629392 -0.11111405]
Processing direction 21: [-0.14142136 -0.14142136]
Processing direction 22: [-0.11111405 -0.16629392]
Processing direction 23: [-0.07653669 -0.18477591]
Processing direction 24: [-0.03901806 -0.19615706]
Processing direction 25: [-3.6739404e-17 -2.0000000e-01]
Processing direction 26: [ 0.03901806 -0.19615706]
Processing direction 27: [ 0.07653669 -0.18477591]
Processing direction 28: [ 0.11111405 -0.16629392]
Processing direction 29: [ 0.14142136 -0.14142136]
Processing direction 30: [ 0.16629392 -0.11111405]
Processing direction 31: [ 0.18477591 -0.07653669]
Processing direction 32: [ 0.19615706 -0.03901806]

=== Step 48 ===
Current position: [2.6118967533111572, 1.52228581905365]
Processing direction 1: [0.2 0. ]
Processing direction 2: [0.19615706 0.03901806]
Processing direction 3: [0.18477591 0.07653669]
Processing direction 4: [0.16629392 0.11111405]
Processing direction 5: [0.14142136 0.14142136]
Processing direction 6: [0.11111405 0.16629392]
Processing direction 7: [0.07653669 0.18477591]
Processing direction 8: [0.03901806 0.19615706]
Processing direction 9: [1.2246468e-17 2.0000000e-01]
Processing direction 10: [-0.03901806  0.19615706]
Processing direction 11: [-0.07653669  0.18477591]
Processing direction 12: [-0.11111405  0.16629392]
Processing direction 13: [-0.14142136  0.14142136]
Processing direction 14: [-0.16629392  0.11111405]
Processing direction 15: [-0.18477591  0.07653669]
Processing direction 16: [-0.19615706  0.03901806]
Processing direction 17: [-2.0000000e-01  2.4492936e-17]
Processing direction 18: [-0.19615706 -0.03901806]
Processing direction 19: [-0.18477591 -0.07653669]
Processing direction 20: [-0.16629392 -0.11111405]
Processing direction 21: [-0.14142136 -0.14142136]
Processing direction 22: [-0.11111405 -0.16629392]
Processing direction 23: [-0.07653669 -0.18477591]
Processing direction 24: [-0.03901806 -0.19615706]
Processing direction 25: [-3.6739404e-17 -2.0000000e-01]
Processing direction 26: [ 0.03901806 -0.19615706]
Processing direction 27: [ 0.07653669 -0.18477591]
Processing direction 28: [ 0.11111405 -0.16629392]
Processing direction 29: [ 0.14142136 -0.14142136]
Processing direction 30: [ 0.16629392 -0.11111405]
Processing direction 31: [ 0.18477591 -0.07653669]
Processing direction 32: [ 0.19615706 -0.03901806]

=== Step 49 ===
Current position: [2.4485692977905273, 1.6328213214874268]
Processing direction 1: [0.2 0. ]
Processing direction 2: [0.19615706 0.03901806]
Processing direction 3: [0.18477591 0.07653669]
Processing direction 4: [0.16629392 0.11111405]
Processing direction 5: [0.14142136 0.14142136]
Processing direction 6: [0.11111405 0.16629392]
Processing direction 7: [0.07653669 0.18477591]
Processing direction 8: [0.03901806 0.19615706]
Processing direction 9: [1.2246468e-17 2.0000000e-01]
Processing direction 10: [-0.03901806  0.19615706]
Processing direction 11: [-0.07653669  0.18477591]
Processing direction 12: [-0.11111405  0.16629392]
Processing direction 13: [-0.14142136  0.14142136]
Processing direction 14: [-0.16629392  0.11111405]
Processing direction 15: [-0.18477591  0.07653669]
Processing direction 16: [-0.19615706  0.03901806]
Processing direction 17: [-2.0000000e-01  2.4492936e-17]
Processing direction 18: [-0.19615706 -0.03901806]
Processing direction 19: [-0.18477591 -0.07653669]
Processing direction 20: [-0.16629392 -0.11111405]
Processing direction 21: [-0.14142136 -0.14142136]
Processing direction 22: [-0.11111405 -0.16629392]
Processing direction 23: [-0.07653669 -0.18477591]
Processing direction 24: [-0.03901806 -0.19615706]
Processing direction 25: [-3.6739404e-17 -2.0000000e-01]
Processing direction 26: [ 0.03901806 -0.19615706]
Processing direction 27: [ 0.07653669 -0.18477591]
Processing direction 28: [ 0.11111405 -0.16629392]
Processing direction 29: [ 0.14142136 -0.14142136]
Processing direction 30: [ 0.16629392 -0.11111405]
Processing direction 31: [ 0.18477591 -0.07653669]
Processing direction 32: [ 0.19615706 -0.03901806]

=== Step 50 ===
Current position: [2.6104133129119873, 1.5456417798995972]
Processing direction 1: [0.2 0. ]
Processing direction 2: [0.19615706 0.03901806]
Processing direction 3: [0.18477591 0.07653669]
Processing direction 4: [0.16629392 0.11111405]
Processing direction 5: [0.14142136 0.14142136]
Processing direction 6: [0.11111405 0.16629392]
Processing direction 7: [0.07653669 0.18477591]
Processing direction 8: [0.03901806 0.19615706]
Processing direction 9: [1.2246468e-17 2.0000000e-01]
Processing direction 10: [-0.03901806  0.19615706]
Processing direction 11: [-0.07653669  0.18477591]
Processing direction 12: [-0.11111405  0.16629392]
Processing direction 13: [-0.14142136  0.14142136]
Processing direction 14: [-0.16629392  0.11111405]
Processing direction 15: [-0.18477591  0.07653669]
Processing direction 16: [-0.19615706  0.03901806]
Processing direction 17: [-2.0000000e-01  2.4492936e-17]
Processing direction 18: [-0.19615706 -0.03901806]
Processing direction 19: [-0.18477591 -0.07653669]
Processing direction 20: [-0.16629392 -0.11111405]
Processing direction 21: [-0.14142136 -0.14142136]
Processing direction 22: [-0.11111405 -0.16629392]
Processing direction 23: [-0.07653669 -0.18477591]
Processing direction 24: [-0.03901806 -0.19615706]
Processing direction 25: [-3.6739404e-17 -2.0000000e-01]
Processing direction 26: [ 0.03901806 -0.19615706]
Processing direction 27: [ 0.07653669 -0.18477591]
Processing direction 28: [ 0.11111405 -0.16629392]
Processing direction 29: [ 0.14142136 -0.14142136]
Processing direction 30: [ 0.16629392 -0.11111405]
Processing direction 31: [ 0.18477591 -0.07653669]
Processing direction 32: [ 0.19615706 -0.03901806]

=== Step 51 ===
Current position: [2.441793441772461, 1.665778636932373]
Processing direction 1: [0.2 0. ]
Processing direction 2: [0.19615706 0.03901806]
Processing direction 3: [0.18477591 0.07653669]
Processing direction 4: [0.16629392 0.11111405]
Processing direction 5: [0.14142136 0.14142136]
Processing direction 6: [0.11111405 0.16629392]
Processing direction 7: [0.07653669 0.18477591]
Processing direction 8: [0.03901806 0.19615706]
Processing direction 9: [1.2246468e-17 2.0000000e-01]
Processing direction 10: [-0.03901806  0.19615706]
Processing direction 11: [-0.07653669  0.18477591]
Processing direction 12: [-0.11111405  0.16629392]
Processing direction 13: [-0.14142136  0.14142136]
Processing direction 14: [-0.16629392  0.11111405]
Processing direction 15: [-0.18477591  0.07653669]
Processing direction 16: [-0.19615706  0.03901806]
Processing direction 17: [-2.0000000e-01  2.4492936e-17]
Processing direction 18: [-0.19615706 -0.03901806]
Processing direction 19: [-0.18477591 -0.07653669]
Processing direction 20: [-0.16629392 -0.11111405]
Processing direction 21: [-0.14142136 -0.14142136]
Processing direction 22: [-0.11111405 -0.16629392]
Processing direction 23: [-0.07653669 -0.18477591]
Processing direction 24: [-0.03901806 -0.19615706]
Processing direction 25: [-3.6739404e-17 -2.0000000e-01]
Processing direction 26: [ 0.03901806 -0.19615706]
Processing direction 27: [ 0.07653669 -0.18477591]
Processing direction 28: [ 0.11111405 -0.16629392]
Processing direction 29: [ 0.14142136 -0.14142136]
Processing direction 30: [ 0.16629392 -0.11111405]
Processing direction 31: [ 0.18477591 -0.07653669]
Processing direction 32: [ 0.19615706 -0.03901806]

=== Step 52 ===
Current position: [2.677548885345459, 1.5399800539016724]
Processing direction 1: [0.2 0. ]
Processing direction 2: [0.19615706 0.03901806]
Processing direction 3: [0.18477591 0.07653669]
Processing direction 4: [0.16629392 0.11111405]
Processing direction 5: [0.14142136 0.14142136]
Processing direction 6: [0.11111405 0.16629392]
Processing direction 7: [0.07653669 0.18477591]
Processing direction 8: [0.03901806 0.19615706]
Processing direction 9: [1.2246468e-17 2.0000000e-01]
Processing direction 10: [-0.03901806  0.19615706]
Processing direction 11: [-0.07653669  0.18477591]
Processing direction 12: [-0.11111405  0.16629392]
Processing direction 13: [-0.14142136  0.14142136]
Processing direction 14: [-0.16629392  0.11111405]
Processing direction 15: [-0.18477591  0.07653669]
Processing direction 16: [-0.19615706  0.03901806]
Processing direction 17: [-2.0000000e-01  2.4492936e-17]
Processing direction 18: [-0.19615706 -0.03901806]
Processing direction 19: [-0.18477591 -0.07653669]
Processing direction 20: [-0.16629392 -0.11111405]
Processing direction 21: [-0.14142136 -0.14142136]
Processing direction 22: [-0.11111405 -0.16629392]
Processing direction 23: [-0.07653669 -0.18477591]
Processing direction 24: [-0.03901806 -0.19615706]
Processing direction 25: [-3.6739404e-17 -2.0000000e-01]
Processing direction 26: [ 0.03901806 -0.19615706]
Processing direction 27: [ 0.07653669 -0.18477591]
Processing direction 28: [ 0.11111405 -0.16629392]
Processing direction 29: [ 0.14142136 -0.14142136]
Processing direction 30: [ 0.16629392 -0.11111405]
Processing direction 31: [ 0.18477591 -0.07653669]
Processing direction 32: [ 0.19615706 -0.03901806]

=== Step 53 ===
Current position: [2.5407750606536865, 1.6511688232421875]
Processing direction 1: [0.2 0. ]
Processing direction 2: [0.19615706 0.03901806]
Processing direction 3: [0.18477591 0.07653669]
Processing direction 4: [0.16629392 0.11111405]
Processing direction 5: [0.14142136 0.14142136]
Processing direction 6: [0.11111405 0.16629392]
Processing direction 7: [0.07653669 0.18477591]
Processing direction 8: [0.03901806 0.19615706]
Processing direction 9: [1.2246468e-17 2.0000000e-01]
Processing direction 10: [-0.03901806  0.19615706]
Processing direction 11: [-0.07653669  0.18477591]
Processing direction 12: [-0.11111405  0.16629392]
Processing direction 13: [-0.14142136  0.14142136]
Processing direction 14: [-0.16629392  0.11111405]
Processing direction 15: [-0.18477591  0.07653669]
Processing direction 16: [-0.19615706  0.03901806]
Processing direction 17: [-2.0000000e-01  2.4492936e-17]
Processing direction 18: [-0.19615706 -0.03901806]
Processing direction 19: [-0.18477591 -0.07653669]
Processing direction 20: [-0.16629392 -0.11111405]
Processing direction 21: [-0.14142136 -0.14142136]
Processing direction 22: [-0.11111405 -0.16629392]
Processing direction 23: [-0.07653669 -0.18477591]
Processing direction 24: [-0.03901806 -0.19615706]
Processing direction 25: [-3.6739404e-17 -2.0000000e-01]
Processing direction 26: [ 0.03901806 -0.19615706]
Processing direction 27: [ 0.07653669 -0.18477591]
Processing direction 28: [ 0.11111405 -0.16629392]
Processing direction 29: [ 0.14142136 -0.14142136]
Processing direction 30: [ 0.16629392 -0.11111405]
Processing direction 31: [ 0.18477591 -0.07653669]
Processing direction 32: [ 0.19615706 -0.03901806]

=== Step 54 ===
Current position: [2.403186082839966, 1.7458668947219849]
Processing direction 1: [0.2 0. ]
Processing direction 2: [0.19615706 0.03901806]
Processing direction 3: [0.18477591 0.07653669]
Processing direction 4: [0.16629392 0.11111405]
Processing direction 5: [0.14142136 0.14142136]
Processing direction 6: [0.11111405 0.16629392]
Processing direction 7: [0.07653669 0.18477591]
Processing direction 8: [0.03901806 0.19615706]
Processing direction 9: [1.2246468e-17 2.0000000e-01]
Processing direction 10: [-0.03901806  0.19615706]
Processing direction 11: [-0.07653669  0.18477591]
Processing direction 12: [-0.11111405  0.16629392]
Processing direction 13: [-0.14142136  0.14142136]
Processing direction 14: [-0.16629392  0.11111405]
Processing direction 15: [-0.18477591  0.07653669]
Processing direction 16: [-0.19615706  0.03901806]
Processing direction 17: [-2.0000000e-01  2.4492936e-17]
Processing direction 18: [-0.19615706 -0.03901806]
Processing direction 19: [-0.18477591 -0.07653669]
Processing direction 20: [-0.16629392 -0.11111405]
Processing direction 21: [-0.14142136 -0.14142136]
Processing direction 22: [-0.11111405 -0.16629392]
Processing direction 23: [-0.07653669 -0.18477591]
Processing direction 24: [-0.03901806 -0.19615706]
Processing direction 25: [-3.6739404e-17 -2.0000000e-01]
Processing direction 26: [ 0.03901806 -0.19615706]
Processing direction 27: [ 0.07653669 -0.18477591]
Processing direction 28: [ 0.11111405 -0.16629392]
Processing direction 29: [ 0.14142136 -0.14142136]
Processing direction 30: [ 0.16629392 -0.11111405]
Processing direction 31: [ 0.18477591 -0.07653669]
Processing direction 32: [ 0.19615706 -0.03901806]

=== Step 55 ===
Current position: [2.5605108737945557, 1.666853427886963]
Processing direction 1: [0.2 0. ]
Processing direction 2: [0.19615706 0.03901806]
Processing direction 3: [0.18477591 0.07653669]
Processing direction 4: [0.16629392 0.11111405]
Processing direction 5: [0.14142136 0.14142136]
Processing direction 6: [0.11111405 0.16629392]
Processing direction 7: [0.07653669 0.18477591]
Processing direction 8: [0.03901806 0.19615706]
Processing direction 9: [1.2246468e-17 2.0000000e-01]
Processing direction 10: [-0.03901806  0.19615706]
Processing direction 11: [-0.07653669  0.18477591]
Processing direction 12: [-0.11111405  0.16629392]
Processing direction 13: [-0.14142136  0.14142136]
Processing direction 14: [-0.16629392  0.11111405]
Processing direction 15: [-0.18477591  0.07653669]
Processing direction 16: [-0.19615706  0.03901806]
Processing direction 17: [-2.0000000e-01  2.4492936e-17]
Processing direction 18: [-0.19615706 -0.03901806]
Processing direction 19: [-0.18477591 -0.07653669]
Processing direction 20: [-0.16629392 -0.11111405]
Processing direction 21: [-0.14142136 -0.14142136]
Processing direction 22: [-0.11111405 -0.16629392]
Processing direction 23: [-0.07653669 -0.18477591]
Processing direction 24: [-0.03901806 -0.19615706]
Processing direction 25: [-3.6739404e-17 -2.0000000e-01]
Processing direction 26: [ 0.03901806 -0.19615706]
Processing direction 27: [ 0.07653669 -0.18477591]
Processing direction 28: [ 0.11111405 -0.16629392]
Processing direction 29: [ 0.14142136 -0.14142136]
Processing direction 30: [ 0.16629392 -0.11111405]
Processing direction 31: [ 0.18477591 -0.07653669]
Processing direction 32: [ 0.19615706 -0.03901806]

=== Step 56 ===
Current position: [2.7947139739990234, 1.531814455986023]
Processing direction 1: [0.2 0. ]
Processing direction 2: [0.19615706 0.03901806]
Processing direction 3: [0.18477591 0.07653669]
Processing direction 4: [0.16629392 0.11111405]
Processing direction 5: [0.14142136 0.14142136]
Processing direction 6: [0.11111405 0.16629392]
Processing direction 7: [0.07653669 0.18477591]
Processing direction 8: [0.03901806 0.19615706]
Processing direction 9: [1.2246468e-17 2.0000000e-01]
Processing direction 10: [-0.03901806  0.19615706]
Processing direction 11: [-0.07653669  0.18477591]
Processing direction 12: [-0.11111405  0.16629392]
Processing direction 13: [-0.14142136  0.14142136]
Processing direction 14: [-0.16629392  0.11111405]
Processing direction 15: [-0.18477591  0.07653669]
Processing direction 16: [-0.19615706  0.03901806]
Processing direction 17: [-2.0000000e-01  2.4492936e-17]
Processing direction 18: [-0.19615706 -0.03901806]
Processing direction 19: [-0.18477591 -0.07653669]
Processing direction 20: [-0.16629392 -0.11111405]
Processing direction 21: [-0.14142136 -0.14142136]
Processing direction 22: [-0.11111405 -0.16629392]
Processing direction 23: [-0.07653669 -0.18477591]
Processing direction 24: [-0.03901806 -0.19615706]
Processing direction 25: [-3.6739404e-17 -2.0000000e-01]
Processing direction 26: [ 0.03901806 -0.19615706]
Processing direction 27: [ 0.07653669 -0.18477591]
Processing direction 28: [ 0.11111405 -0.16629392]
Processing direction 29: [ 0.14142136 -0.14142136]
Processing direction 30: [ 0.16629392 -0.11111405]
Processing direction 31: [ 0.18477591 -0.07653669]
Processing direction 32: [ 0.19615706 -0.03901806]

=== Step 57 ===
Current position: [2.643577814102173, 1.6198573112487793]
Processing direction 1: [0.2 0. ]
Processing direction 2: [0.19615706 0.03901806]
Processing direction 3: [0.18477591 0.07653669]
Processing direction 4: [0.16629392 0.11111405]
Processing direction 5: [0.14142136 0.14142136]
Processing direction 6: [0.11111405 0.16629392]
Processing direction 7: [0.07653669 0.18477591]
Processing direction 8: [0.03901806 0.19615706]
Processing direction 9: [1.2246468e-17 2.0000000e-01]
Processing direction 10: [-0.03901806  0.19615706]
Processing direction 11: [-0.07653669  0.18477591]
Processing direction 12: [-0.11111405  0.16629392]
Processing direction 13: [-0.14142136  0.14142136]
Processing direction 14: [-0.16629392  0.11111405]
Processing direction 15: [-0.18477591  0.07653669]
Processing direction 16: [-0.19615706  0.03901806]
Processing direction 17: [-2.0000000e-01  2.4492936e-17]
Processing direction 18: [-0.19615706 -0.03901806]
Processing direction 19: [-0.18477591 -0.07653669]
Processing direction 20: [-0.16629392 -0.11111405]
Processing direction 21: [-0.14142136 -0.14142136]
Processing direction 22: [-0.11111405 -0.16629392]
Processing direction 23: [-0.07653669 -0.18477591]
Processing direction 24: [-0.03901806 -0.19615706]
Processing direction 25: [-3.6739404e-17 -2.0000000e-01]
Processing direction 26: [ 0.03901806 -0.19615706]
Processing direction 27: [ 0.07653669 -0.18477591]
Processing direction 28: [ 0.11111405 -0.16629392]
Processing direction 29: [ 0.14142136 -0.14142136]
Processing direction 30: [ 0.16629392 -0.11111405]
Processing direction 31: [ 0.18477591 -0.07653669]
Processing direction 32: [ 0.19615706 -0.03901806]

=== Step 58 ===
Current position: [2.9086246490478516, 1.5446983575820923]
Processing direction 1: [0.2 0. ]
Processing direction 2: [0.19615706 0.03901806]
Processing direction 3: [0.18477591 0.07653669]
Processing direction 4: [0.16629392 0.11111405]
Processing direction 5: [0.14142136 0.14142136]
Processing direction 6: [0.11111405 0.16629392]
Processing direction 7: [0.07653669 0.18477591]
Processing direction 8: [0.03901806 0.19615706]
Processing direction 9: [1.2246468e-17 2.0000000e-01]
Processing direction 10: [-0.03901806  0.19615706]
Processing direction 11: [-0.07653669  0.18477591]
Processing direction 12: [-0.11111405  0.16629392]
Processing direction 13: [-0.14142136  0.14142136]
Processing direction 14: [-0.16629392  0.11111405]
Processing direction 15: [-0.18477591  0.07653669]
Processing direction 16: [-0.19615706  0.03901806]
Processing direction 17: [-2.0000000e-01  2.4492936e-17]
Processing direction 18: [-0.19615706 -0.03901806]
Processing direction 19: [-0.18477591 -0.07653669]
Processing direction 20: [-0.16629392 -0.11111405]
Processing direction 21: [-0.14142136 -0.14142136]
Processing direction 22: [-0.11111405 -0.16629392]
Processing direction 23: [-0.07653669 -0.18477591]
Processing direction 24: [-0.03901806 -0.19615706]
Processing direction 25: [-3.6739404e-17 -2.0000000e-01]
Processing direction 26: [ 0.03901806 -0.19615706]
Processing direction 27: [ 0.07653669 -0.18477591]
Processing direction 28: [ 0.11111405 -0.16629392]
Processing direction 29: [ 0.14142136 -0.14142136]
Processing direction 30: [ 0.16629392 -0.11111405]
Processing direction 31: [ 0.18477591 -0.07653669]
Processing direction 32: [ 0.19615706 -0.03901806]

=== Step 59 ===
Current position: [2.721669912338257, 1.6742379665374756]
Processing direction 1: [0.2 0. ]
Processing direction 2: [0.19615706 0.03901806]
Processing direction 3: [0.18477591 0.07653669]
Processing direction 4: [0.16629392 0.11111405]
Processing direction 5: [0.14142136 0.14142136]
Processing direction 6: [0.11111405 0.16629392]
Processing direction 7: [0.07653669 0.18477591]
Processing direction 8: [0.03901806 0.19615706]
Processing direction 9: [1.2246468e-17 2.0000000e-01]
Processing direction 10: [-0.03901806  0.19615706]
Processing direction 11: [-0.07653669  0.18477591]
Processing direction 12: [-0.11111405  0.16629392]
Processing direction 13: [-0.14142136  0.14142136]
Processing direction 14: [-0.16629392  0.11111405]
Processing direction 15: [-0.18477591  0.07653669]
Processing direction 16: [-0.19615706  0.03901806]
Processing direction 17: [-2.0000000e-01  2.4492936e-17]
Processing direction 18: [-0.19615706 -0.03901806]
Processing direction 19: [-0.18477591 -0.07653669]
Processing direction 20: [-0.16629392 -0.11111405]
Processing direction 21: [-0.14142136 -0.14142136]
Processing direction 22: [-0.11111405 -0.16629392]
Processing direction 23: [-0.07653669 -0.18477591]
Processing direction 24: [-0.03901806 -0.19615706]
Processing direction 25: [-3.6739404e-17 -2.0000000e-01]
Processing direction 26: [ 0.03901806 -0.19615706]
Processing direction 27: [ 0.07653669 -0.18477591]
Processing direction 28: [ 0.11111405 -0.16629392]
Processing direction 29: [ 0.14142136 -0.14142136]
Processing direction 30: [ 0.16629392 -0.11111405]
Processing direction 31: [ 0.18477591 -0.07653669]
Processing direction 32: [ 0.19615706 -0.03901806]

=== Step 60 ===
Current position: [2.576981782913208, 1.7959164381027222]
Processing direction 1: [0.2 0. ]
Processing direction 2: [0.19615706 0.03901806]
Processing direction 3: [0.18477591 0.07653669]
Processing direction 4: [0.16629392 0.11111405]
Processing direction 5: [0.14142136 0.14142136]
Processing direction 6: [0.11111405 0.16629392]
Processing direction 7: [0.07653669 0.18477591]
Processing direction 8: [0.03901806 0.19615706]
Processing direction 9: [1.2246468e-17 2.0000000e-01]
Processing direction 10: [-0.03901806  0.19615706]
Processing direction 11: [-0.07653669  0.18477591]
Processing direction 12: [-0.11111405  0.16629392]
Processing direction 13: [-0.14142136  0.14142136]
Processing direction 14: [-0.16629392  0.11111405]
Processing direction 15: [-0.18477591  0.07653669]
Processing direction 16: [-0.19615706  0.03901806]
Processing direction 17: [-2.0000000e-01  2.4492936e-17]
Processing direction 18: [-0.19615706 -0.03901806]
Processing direction 19: [-0.18477591 -0.07653669]
Processing direction 20: [-0.16629392 -0.11111405]
Processing direction 21: [-0.14142136 -0.14142136]
Processing direction 22: [-0.11111405 -0.16629392]
Processing direction 23: [-0.07653669 -0.18477591]
Processing direction 24: [-0.03901806 -0.19615706]
Processing direction 25: [-3.6739404e-17 -2.0000000e-01]
Processing direction 26: [ 0.03901806 -0.19615706]
Processing direction 27: [ 0.07653669 -0.18477591]
Processing direction 28: [ 0.11111405 -0.16629392]
Processing direction 29: [ 0.14142136 -0.14142136]
Processing direction 30: [ 0.16629392 -0.11111405]
Processing direction 31: [ 0.18477591 -0.07653669]
Processing direction 32: [ 0.19615706 -0.03901806]

=== Step 61 ===
Current position: [2.7855212688446045, 1.7419953346252441]
Processing direction 1: [0.2 0. ]
Processing direction 2: [0.19615706 0.03901806]
Processing direction 3: [0.18477591 0.07653669]
Processing direction 4: [0.16629392 0.11111405]
Processing direction 5: [0.14142136 0.14142136]
Processing direction 6: [0.11111405 0.16629392]
Processing direction 7: [0.07653669 0.18477591]
Processing direction 8: [0.03901806 0.19615706]
Processing direction 9: [1.2246468e-17 2.0000000e-01]
Processing direction 10: [-0.03901806  0.19615706]
Processing direction 11: [-0.07653669  0.18477591]
Processing direction 12: [-0.11111405  0.16629392]
Processing direction 13: [-0.14142136  0.14142136]
Processing direction 14: [-0.16629392  0.11111405]
Processing direction 15: [-0.18477591  0.07653669]
Processing direction 16: [-0.19615706  0.03901806]
Processing direction 17: [-2.0000000e-01  2.4492936e-17]
Processing direction 18: [-0.19615706 -0.03901806]
Processing direction 19: [-0.18477591 -0.07653669]
Processing direction 20: [-0.16629392 -0.11111405]
Processing direction 21: [-0.14142136 -0.14142136]
Processing direction 22: [-0.11111405 -0.16629392]
Processing direction 23: [-0.07653669 -0.18477591]
Processing direction 24: [-0.03901806 -0.19615706]
Processing direction 25: [-3.6739404e-17 -2.0000000e-01]
Processing direction 26: [ 0.03901806 -0.19615706]
Processing direction 27: [ 0.07653669 -0.18477591]
Processing direction 28: [ 0.11111405 -0.16629392]
Processing direction 29: [ 0.14142136 -0.14142136]
Processing direction 30: [ 0.16629392 -0.11111405]
Processing direction 31: [ 0.18477591 -0.07653669]
Processing direction 32: [ 0.19615706 -0.03901806]

=== Step 62 ===
Current position: [2.587169885635376, 1.8700463771820068]
Processing direction 1: [0.2 0. ]
Processing direction 2: [0.19615706 0.03901806]
Processing direction 3: [0.18477591 0.07653669]
Processing direction 4: [0.16629392 0.11111405]
Processing direction 5: [0.14142136 0.14142136]
Processing direction 6: [0.11111405 0.16629392]
Processing direction 7: [0.07653669 0.18477591]
Processing direction 8: [0.03901806 0.19615706]
Processing direction 9: [1.2246468e-17 2.0000000e-01]
Processing direction 10: [-0.03901806  0.19615706]
Processing direction 11: [-0.07653669  0.18477591]
Processing direction 12: [-0.11111405  0.16629392]
Processing direction 13: [-0.14142136  0.14142136]
Processing direction 14: [-0.16629392  0.11111405]
Processing direction 15: [-0.18477591  0.07653669]
Processing direction 16: [-0.19615706  0.03901806]
Processing direction 17: [-2.0000000e-01  2.4492936e-17]
Processing direction 18: [-0.19615706 -0.03901806]
Processing direction 19: [-0.18477591 -0.07653669]
Processing direction 20: [-0.16629392 -0.11111405]
Processing direction 21: [-0.14142136 -0.14142136]
Processing direction 22: [-0.11111405 -0.16629392]
Processing direction 23: [-0.07653669 -0.18477591]
Processing direction 24: [-0.03901806 -0.19615706]
Processing direction 25: [-3.6739404e-17 -2.0000000e-01]
Processing direction 26: [ 0.03901806 -0.19615706]
Processing direction 27: [ 0.07653669 -0.18477591]
Processing direction 28: [ 0.11111405 -0.16629392]
Processing direction 29: [ 0.14142136 -0.14142136]
Processing direction 30: [ 0.16629392 -0.11111405]
Processing direction 31: [ 0.18477591 -0.07653669]
Processing direction 32: [ 0.19615706 -0.03901806]

=== Step 63 ===
Current position: [2.7457141876220703, 1.7893364429473877]
Processing direction 1: [0.2 0. ]
Processing direction 2: [0.19615706 0.03901806]
Processing direction 3: [0.18477591 0.07653669]
Processing direction 4: [0.16629392 0.11111405]
Processing direction 5: [0.14142136 0.14142136]
Processing direction 6: [0.11111405 0.16629392]
Processing direction 7: [0.07653669 0.18477591]
Processing direction 8: [0.03901806 0.19615706]
Processing direction 9: [1.2246468e-17 2.0000000e-01]
Processing direction 10: [-0.03901806  0.19615706]
Processing direction 11: [-0.07653669  0.18477591]
Processing direction 12: [-0.11111405  0.16629392]
Processing direction 13: [-0.14142136  0.14142136]
Processing direction 14: [-0.16629392  0.11111405]
Processing direction 15: [-0.18477591  0.07653669]
Processing direction 16: [-0.19615706  0.03901806]
Processing direction 17: [-2.0000000e-01  2.4492936e-17]
Processing direction 18: [-0.19615706 -0.03901806]
Processing direction 19: [-0.18477591 -0.07653669]
Processing direction 20: [-0.16629392 -0.11111405]
Processing direction 21: [-0.14142136 -0.14142136]
Processing direction 22: [-0.11111405 -0.16629392]
Processing direction 23: [-0.07653669 -0.18477591]
Processing direction 24: [-0.03901806 -0.19615706]
Processing direction 25: [-3.6739404e-17 -2.0000000e-01]
Processing direction 26: [ 0.03901806 -0.19615706]
Processing direction 27: [ 0.07653669 -0.18477591]
Processing direction 28: [ 0.11111405 -0.16629392]
Processing direction 29: [ 0.14142136 -0.14142136]
Processing direction 30: [ 0.16629392 -0.11111405]
Processing direction 31: [ 0.18477591 -0.07653669]
Processing direction 32: [ 0.19615706 -0.03901806]

=== Step 64 ===
Current position: [2.6292247772216797, 1.9201979637145996]
Processing direction 1: [0.2 0. ]
Processing direction 2: [0.19615706 0.03901806]
Processing direction 3: [0.18477591 0.07653669]
Processing direction 4: [0.16629392 0.11111405]
Processing direction 5: [0.14142136 0.14142136]
Processing direction 6: [0.11111405 0.16629392]
Processing direction 7: [0.07653669 0.18477591]
Processing direction 8: [0.03901806 0.19615706]
Processing direction 9: [1.2246468e-17 2.0000000e-01]
Processing direction 10: [-0.03901806  0.19615706]
Processing direction 11: [-0.07653669  0.18477591]
Processing direction 12: [-0.11111405  0.16629392]
Processing direction 13: [-0.14142136  0.14142136]
Processing direction 14: [-0.16629392  0.11111405]
Processing direction 15: [-0.18477591  0.07653669]
Processing direction 16: [-0.19615706  0.03901806]
Processing direction 17: [-2.0000000e-01  2.4492936e-17]
Processing direction 18: [-0.19615706 -0.03901806]
Processing direction 19: [-0.18477591 -0.07653669]
Processing direction 20: [-0.16629392 -0.11111405]
Processing direction 21: [-0.14142136 -0.14142136]
Processing direction 22: [-0.11111405 -0.16629392]
Processing direction 23: [-0.07653669 -0.18477591]
Processing direction 24: [-0.03901806 -0.19615706]
Processing direction 25: [-3.6739404e-17 -2.0000000e-01]
Processing direction 26: [ 0.03901806 -0.19615706]
Processing direction 27: [ 0.07653669 -0.18477591]
Processing direction 28: [ 0.11111405 -0.16629392]
Processing direction 29: [ 0.14142136 -0.14142136]
Processing direction 30: [ 0.16629392 -0.11111405]
Processing direction 31: [ 0.18477591 -0.07653669]
Processing direction 32: [ 0.19615706 -0.03901806]

=== Step 65 ===
Current position: [2.8464367389678955, 1.8356305360794067]
Processing direction 1: [0.2 0. ]
Processing direction 2: [0.19615706 0.03901806]
Processing direction 3: [0.18477591 0.07653669]
Processing direction 4: [0.16629392 0.11111405]
Processing direction 5: [0.14142136 0.14142136]
Processing direction 6: [0.11111405 0.16629392]
Processing direction 7: [0.07653669 0.18477591]
Processing direction 8: [0.03901806 0.19615706]
Processing direction 9: [1.2246468e-17 2.0000000e-01]
Processing direction 10: [-0.03901806  0.19615706]
Processing direction 11: [-0.07653669  0.18477591]
Processing direction 12: [-0.11111405  0.16629392]
Processing direction 13: [-0.14142136  0.14142136]
Processing direction 14: [-0.16629392  0.11111405]
Processing direction 15: [-0.18477591  0.07653669]
Processing direction 16: [-0.19615706  0.03901806]
Processing direction 17: [-2.0000000e-01  2.4492936e-17]
Processing direction 18: [-0.19615706 -0.03901806]
Processing direction 19: [-0.18477591 -0.07653669]
Processing direction 20: [-0.16629392 -0.11111405]
Processing direction 21: [-0.14142136 -0.14142136]
Processing direction 22: [-0.11111405 -0.16629392]
Processing direction 23: [-0.07653669 -0.18477591]
Processing direction 24: [-0.03901806 -0.19615706]
Processing direction 25: [-3.6739404e-17 -2.0000000e-01]
Processing direction 26: [ 0.03901806 -0.19615706]
Processing direction 27: [ 0.07653669 -0.18477591]
Processing direction 28: [ 0.11111405 -0.16629392]
Processing direction 29: [ 0.14142136 -0.14142136]
Processing direction 30: [ 0.16629392 -0.11111405]
Processing direction 31: [ 0.18477591 -0.07653669]
Processing direction 32: [ 0.19615706 -0.03901806]

=== Step 66 ===
Current position: [2.7213265895843506, 1.9644432067871094]
Processing direction 1: [0.2 0. ]
Processing direction 2: [0.19615706 0.03901806]
Processing direction 3: [0.18477591 0.07653669]
Processing direction 4: [0.16629392 0.11111405]
Processing direction 5: [0.14142136 0.14142136]
Processing direction 6: [0.11111405 0.16629392]
Processing direction 7: [0.07653669 0.18477591]
Processing direction 8: [0.03901806 0.19615706]
Processing direction 9: [1.2246468e-17 2.0000000e-01]
Processing direction 10: [-0.03901806  0.19615706]
Processing direction 11: [-0.07653669  0.18477591]
Processing direction 12: [-0.11111405  0.16629392]
Processing direction 13: [-0.14142136  0.14142136]
Processing direction 14: [-0.16629392  0.11111405]
Processing direction 15: [-0.18477591  0.07653669]
Processing direction 16: [-0.19615706  0.03901806]
Processing direction 17: [-2.0000000e-01  2.4492936e-17]
Processing direction 18: [-0.19615706 -0.03901806]
Processing direction 19: [-0.18477591 -0.07653669]
Processing direction 20: [-0.16629392 -0.11111405]
Processing direction 21: [-0.14142136 -0.14142136]
Processing direction 22: [-0.11111405 -0.16629392]
Processing direction 23: [-0.07653669 -0.18477591]
Processing direction 24: [-0.03901806 -0.19615706]
Processing direction 25: [-3.6739404e-17 -2.0000000e-01]
Processing direction 26: [ 0.03901806 -0.19615706]
Processing direction 27: [ 0.07653669 -0.18477591]
Processing direction 28: [ 0.11111405 -0.16629392]
Processing direction 29: [ 0.14142136 -0.14142136]
Processing direction 30: [ 0.16629392 -0.11111405]
Processing direction 31: [ 0.18477591 -0.07653669]
Processing direction 32: [ 0.19615706 -0.03901806]

=== Step 67 ===
Current position: [2.9442644119262695, 1.8321102857589722]
Processing direction 1: [0.2 0. ]
Processing direction 2: [0.19615706 0.03901806]
Processing direction 3: [0.18477591 0.07653669]
Processing direction 4: [0.16629392 0.11111405]
Processing direction 5: [0.14142136 0.14142136]
Processing direction 6: [0.11111405 0.16629392]
Processing direction 7: [0.07653669 0.18477591]
Processing direction 8: [0.03901806 0.19615706]
Processing direction 9: [1.2246468e-17 2.0000000e-01]
Processing direction 10: [-0.03901806  0.19615706]
Processing direction 11: [-0.07653669  0.18477591]
Processing direction 12: [-0.11111405  0.16629392]
Processing direction 13: [-0.14142136  0.14142136]
Processing direction 14: [-0.16629392  0.11111405]
Processing direction 15: [-0.18477591  0.07653669]
Processing direction 16: [-0.19615706  0.03901806]
Processing direction 17: [-2.0000000e-01  2.4492936e-17]
Processing direction 18: [-0.19615706 -0.03901806]
Processing direction 19: [-0.18477591 -0.07653669]
Processing direction 20: [-0.16629392 -0.11111405]
Processing direction 21: [-0.14142136 -0.14142136]
Processing direction 22: [-0.11111405 -0.16629392]
Processing direction 23: [-0.07653669 -0.18477591]
Processing direction 24: [-0.03901806 -0.19615706]
Processing direction 25: [-3.6739404e-17 -2.0000000e-01]
Processing direction 26: [ 0.03901806 -0.19615706]
Processing direction 27: [ 0.07653669 -0.18477591]
Processing direction 28: [ 0.11111405 -0.16629392]
Processing direction 29: [ 0.14142136 -0.14142136]
Processing direction 30: [ 0.16629392 -0.11111405]
Processing direction 31: [ 0.18477591 -0.07653669]
Processing direction 32: [ 0.19615706 -0.03901806]

=== Step 68 ===
Current position: [2.8026785850524902, 1.927548885345459]
Processing direction 1: [0.2 0. ]
Processing direction 2: [0.19615706 0.03901806]
Processing direction 3: [0.18477591 0.07653669]
Processing direction 4: [0.16629392 0.11111405]
Processing direction 5: [0.14142136 0.14142136]
Processing direction 6: [0.11111405 0.16629392]
Processing direction 7: [0.07653669 0.18477591]
Processing direction 8: [0.03901806 0.19615706]
Processing direction 9: [1.2246468e-17 2.0000000e-01]
Processing direction 10: [-0.03901806  0.19615706]
Processing direction 11: [-0.07653669  0.18477591]
Processing direction 12: [-0.11111405  0.16629392]
Processing direction 13: [-0.14142136  0.14142136]
Processing direction 14: [-0.16629392  0.11111405]
Processing direction 15: [-0.18477591  0.07653669]
Processing direction 16: [-0.19615706  0.03901806]
Processing direction 17: [-2.0000000e-01  2.4492936e-17]
Processing direction 18: [-0.19615706 -0.03901806]
Processing direction 19: [-0.18477591 -0.07653669]
Processing direction 20: [-0.16629392 -0.11111405]
Processing direction 21: [-0.14142136 -0.14142136]
Processing direction 22: [-0.11111405 -0.16629392]
Processing direction 23: [-0.07653669 -0.18477591]
Processing direction 24: [-0.03901806 -0.19615706]
Processing direction 25: [-3.6739404e-17 -2.0000000e-01]
Processing direction 26: [ 0.03901806 -0.19615706]
Processing direction 27: [ 0.07653669 -0.18477591]
Processing direction 28: [ 0.11111405 -0.16629392]
Processing direction 29: [ 0.14142136 -0.14142136]
Processing direction 30: [ 0.16629392 -0.11111405]
Processing direction 31: [ 0.18477591 -0.07653669]
Processing direction 32: [ 0.19615706 -0.03901806]

=== Step 69 ===
Current position: [3.0227410793304443, 1.8235946893692017]
Processing direction 1: [0.2 0. ]
Processing direction 2: [0.19615706 0.03901806]
Processing direction 3: [0.18477591 0.07653669]
Processing direction 4: [0.16629392 0.11111405]
Processing direction 5: [0.14142136 0.14142136]
Processing direction 6: [0.11111405 0.16629392]
Processing direction 7: [0.07653669 0.18477591]
Processing direction 8: [0.03901806 0.19615706]
Processing direction 9: [1.2246468e-17 2.0000000e-01]
Processing direction 10: [-0.03901806  0.19615706]
Processing direction 11: [-0.07653669  0.18477591]
Processing direction 12: [-0.11111405  0.16629392]
Processing direction 13: [-0.14142136  0.14142136]
Processing direction 14: [-0.16629392  0.11111405]
Processing direction 15: [-0.18477591  0.07653669]
Processing direction 16: [-0.19615706  0.03901806]
Processing direction 17: [-2.0000000e-01  2.4492936e-17]
Processing direction 18: [-0.19615706 -0.03901806]
Processing direction 19: [-0.18477591 -0.07653669]
Processing direction 20: [-0.16629392 -0.11111405]
Processing direction 21: [-0.14142136 -0.14142136]
Processing direction 22: [-0.11111405 -0.16629392]
Processing direction 23: [-0.07653669 -0.18477591]
Processing direction 24: [-0.03901806 -0.19615706]
Processing direction 25: [-3.6739404e-17 -2.0000000e-01]
Processing direction 26: [ 0.03901806 -0.19615706]
Processing direction 27: [ 0.07653669 -0.18477591]
Processing direction 28: [ 0.11111405 -0.16629392]
Processing direction 29: [ 0.14142136 -0.14142136]
Processing direction 30: [ 0.16629392 -0.11111405]
Processing direction 31: [ 0.18477591 -0.07653669]
Processing direction 32: [ 0.19615706 -0.03901806]

=== Step 70 ===
Current position: [2.8830461502075195, 1.939926266670227]
Processing direction 1: [0.2 0. ]
Processing direction 2: [0.19615706 0.03901806]
Processing direction 3: [0.18477591 0.07653669]
Processing direction 4: [0.16629392 0.11111405]
Processing direction 5: [0.14142136 0.14142136]
Processing direction 6: [0.11111405 0.16629392]
Processing direction 7: [0.07653669 0.18477591]
Processing direction 8: [0.03901806 0.19615706]
Processing direction 9: [1.2246468e-17 2.0000000e-01]
Processing direction 10: [-0.03901806  0.19615706]
Processing direction 11: [-0.07653669  0.18477591]
Processing direction 12: [-0.11111405  0.16629392]
Processing direction 13: [-0.14142136  0.14142136]
Processing direction 14: [-0.16629392  0.11111405]
Processing direction 15: [-0.18477591  0.07653669]
Processing direction 16: [-0.19615706  0.03901806]
Processing direction 17: [-2.0000000e-01  2.4492936e-17]
Processing direction 18: [-0.19615706 -0.03901806]
Processing direction 19: [-0.18477591 -0.07653669]
Processing direction 20: [-0.16629392 -0.11111405]
Processing direction 21: [-0.14142136 -0.14142136]
Processing direction 22: [-0.11111405 -0.16629392]
Processing direction 23: [-0.07653669 -0.18477591]
Processing direction 24: [-0.03901806 -0.19615706]
Processing direction 25: [-3.6739404e-17 -2.0000000e-01]
Processing direction 26: [ 0.03901806 -0.19615706]
Processing direction 27: [ 0.07653669 -0.18477591]
Processing direction 28: [ 0.11111405 -0.16629392]
Processing direction 29: [ 0.14142136 -0.14142136]
Processing direction 30: [ 0.16629392 -0.11111405]
Processing direction 31: [ 0.18477591 -0.07653669]
Processing direction 32: [ 0.19615706 -0.03901806]

=== Step 71 ===
Current position: [2.8121259212493896, 2.011754035949707]
Processing direction 1: [0.2 0. ]
Processing direction 2: [0.19615706 0.03901806]
Processing direction 3: [0.18477591 0.07653669]
Processing direction 4: [0.16629392 0.11111405]
Processing direction 5: [0.14142136 0.14142136]
Processing direction 6: [0.11111405 0.16629392]
Processing direction 7: [0.07653669 0.18477591]
Processing direction 8: [0.03901806 0.19615706]
Processing direction 9: [1.2246468e-17 2.0000000e-01]
Processing direction 10: [-0.03901806  0.19615706]
Processing direction 11: [-0.07653669  0.18477591]
Processing direction 12: [-0.11111405  0.16629392]
Processing direction 13: [-0.14142136  0.14142136]
Processing direction 14: [-0.16629392  0.11111405]
Processing direction 15: [-0.18477591  0.07653669]
Processing direction 16: [-0.19615706  0.03901806]
Processing direction 17: [-2.0000000e-01  2.4492936e-17]
Processing direction 18: [-0.19615706 -0.03901806]
Processing direction 19: [-0.18477591 -0.07653669]
Processing direction 20: [-0.16629392 -0.11111405]
Processing direction 21: [-0.14142136 -0.14142136]
Processing direction 22: [-0.11111405 -0.16629392]
Processing direction 23: [-0.07653669 -0.18477591]
Processing direction 24: [-0.03901806 -0.19615706]
Processing direction 25: [-3.6739404e-17 -2.0000000e-01]
Processing direction 26: [ 0.03901806 -0.19615706]
Processing direction 27: [ 0.07653669 -0.18477591]
Processing direction 28: [ 0.11111405 -0.16629392]
Processing direction 29: [ 0.14142136 -0.14142136]
Processing direction 30: [ 0.16629392 -0.11111405]
Processing direction 31: [ 0.18477591 -0.07653669]
Processing direction 32: [ 0.19615706 -0.03901806]

=== Step 72 ===
Current position: [3.0647330284118652, 1.9277467727661133]
Processing direction 1: [0.2 0. ]
Processing direction 2: [0.19615706 0.03901806]
Processing direction 3: [0.18477591 0.07653669]
Processing direction 4: [0.16629392 0.11111405]
Processing direction 5: [0.14142136 0.14142136]
Processing direction 6: [0.11111405 0.16629392]
Processing direction 7: [0.07653669 0.18477591]
Processing direction 8: [0.03901806 0.19615706]
Processing direction 9: [1.2246468e-17 2.0000000e-01]
Processing direction 10: [-0.03901806  0.19615706]
Processing direction 11: [-0.07653669  0.18477591]
Processing direction 12: [-0.11111405  0.16629392]
Processing direction 13: [-0.14142136  0.14142136]
Processing direction 14: [-0.16629392  0.11111405]
Processing direction 15: [-0.18477591  0.07653669]
Processing direction 16: [-0.19615706  0.03901806]
Processing direction 17: [-2.0000000e-01  2.4492936e-17]
Processing direction 18: [-0.19615706 -0.03901806]
Processing direction 19: [-0.18477591 -0.07653669]
Processing direction 20: [-0.16629392 -0.11111405]
Processing direction 21: [-0.14142136 -0.14142136]
Processing direction 22: [-0.11111405 -0.16629392]
Processing direction 23: [-0.07653669 -0.18477591]
Processing direction 24: [-0.03901806 -0.19615706]
Processing direction 25: [-3.6739404e-17 -2.0000000e-01]
Processing direction 26: [ 0.03901806 -0.19615706]
Processing direction 27: [ 0.07653669 -0.18477591]
Processing direction 28: [ 0.11111405 -0.16629392]
Processing direction 29: [ 0.14142136 -0.14142136]
Processing direction 30: [ 0.16629392 -0.11111405]
Processing direction 31: [ 0.18477591 -0.07653669]
Processing direction 32: [ 0.19615706 -0.03901806]

=== Step 73 ===
Current position: [2.9044625759124756, 2.0331244468688965]
Processing direction 1: [0.2 0. ]
Processing direction 2: [0.19615706 0.03901806]
Processing direction 3: [0.18477591 0.07653669]
Processing direction 4: [0.16629392 0.11111405]
Processing direction 5: [0.14142136 0.14142136]
Processing direction 6: [0.11111405 0.16629392]
Processing direction 7: [0.07653669 0.18477591]
Processing direction 8: [0.03901806 0.19615706]
Processing direction 9: [1.2246468e-17 2.0000000e-01]
Processing direction 10: [-0.03901806  0.19615706]
Processing direction 11: [-0.07653669  0.18477591]
Processing direction 12: [-0.11111405  0.16629392]
Processing direction 13: [-0.14142136  0.14142136]
Processing direction 14: [-0.16629392  0.11111405]
Processing direction 15: [-0.18477591  0.07653669]
Processing direction 16: [-0.19615706  0.03901806]
Processing direction 17: [-2.0000000e-01  2.4492936e-17]
Processing direction 18: [-0.19615706 -0.03901806]
Processing direction 19: [-0.18477591 -0.07653669]
Processing direction 20: [-0.16629392 -0.11111405]
Processing direction 21: [-0.14142136 -0.14142136]
Processing direction 22: [-0.11111405 -0.16629392]
Processing direction 23: [-0.07653669 -0.18477591]
Processing direction 24: [-0.03901806 -0.19615706]
Processing direction 25: [-3.6739404e-17 -2.0000000e-01]
Processing direction 26: [ 0.03901806 -0.19615706]
Processing direction 27: [ 0.07653669 -0.18477591]
Processing direction 28: [ 0.11111405 -0.16629392]
Processing direction 29: [ 0.14142136 -0.14142136]
Processing direction 30: [ 0.16629392 -0.11111405]
Processing direction 31: [ 0.18477591 -0.07653669]
Processing direction 32: [ 0.19615706 -0.03901806]

=== Step 74 ===
Current position: [2.818636178970337, 2.0925819873809814]
Processing direction 1: [0.2 0. ]
Processing direction 2: [0.19615706 0.03901806]
Processing direction 3: [0.18477591 0.07653669]
Processing direction 4: [0.16629392 0.11111405]
Processing direction 5: [0.14142136 0.14142136]
Processing direction 6: [0.11111405 0.16629392]
Processing direction 7: [0.07653669 0.18477591]
Processing direction 8: [0.03901806 0.19615706]
Processing direction 9: [1.2246468e-17 2.0000000e-01]
Processing direction 10: [-0.03901806  0.19615706]
Processing direction 11: [-0.07653669  0.18477591]
Processing direction 12: [-0.11111405  0.16629392]
Processing direction 13: [-0.14142136  0.14142136]
Processing direction 14: [-0.16629392  0.11111405]
Processing direction 15: [-0.18477591  0.07653669]
Processing direction 16: [-0.19615706  0.03901806]
Processing direction 17: [-2.0000000e-01  2.4492936e-17]
Processing direction 18: [-0.19615706 -0.03901806]
Processing direction 19: [-0.18477591 -0.07653669]
Processing direction 20: [-0.16629392 -0.11111405]
Processing direction 21: [-0.14142136 -0.14142136]
Processing direction 22: [-0.11111405 -0.16629392]
Processing direction 23: [-0.07653669 -0.18477591]
Processing direction 24: [-0.03901806 -0.19615706]
Processing direction 25: [-3.6739404e-17 -2.0000000e-01]
Processing direction 26: [ 0.03901806 -0.19615706]
Processing direction 27: [ 0.07653669 -0.18477591]
Processing direction 28: [ 0.11111405 -0.16629392]
Processing direction 29: [ 0.14142136 -0.14142136]
Processing direction 30: [ 0.16629392 -0.11111405]
Processing direction 31: [ 0.18477591 -0.07653669]
Processing direction 32: [ 0.19615706 -0.03901806]

=== Step 75 ===
Current position: [3.118706464767456, 1.965437650680542]
Processing direction 1: [0.2 0. ]
Processing direction 2: [0.19615706 0.03901806]
Processing direction 3: [0.18477591 0.07653669]
Processing direction 4: [0.16629392 0.11111405]
Processing direction 5: [0.14142136 0.14142136]
Processing direction 6: [0.11111405 0.16629392]
Processing direction 7: [0.07653669 0.18477591]
Processing direction 8: [0.03901806 0.19615706]
Processing direction 9: [1.2246468e-17 2.0000000e-01]
Processing direction 10: [-0.03901806  0.19615706]
Processing direction 11: [-0.07653669  0.18477591]
Processing direction 12: [-0.11111405  0.16629392]
Processing direction 13: [-0.14142136  0.14142136]
Processing direction 14: [-0.16629392  0.11111405]
Processing direction 15: [-0.18477591  0.07653669]
Processing direction 16: [-0.19615706  0.03901806]
Processing direction 17: [-2.0000000e-01  2.4492936e-17]
Processing direction 18: [-0.19615706 -0.03901806]
Processing direction 19: [-0.18477591 -0.07653669]
Processing direction 20: [-0.16629392 -0.11111405]
Processing direction 21: [-0.14142136 -0.14142136]
Processing direction 22: [-0.11111405 -0.16629392]
Processing direction 23: [-0.07653669 -0.18477591]
Processing direction 24: [-0.03901806 -0.19615706]
Processing direction 25: [-3.6739404e-17 -2.0000000e-01]
Processing direction 26: [ 0.03901806 -0.19615706]
Processing direction 27: [ 0.07653669 -0.18477591]
Processing direction 28: [ 0.11111405 -0.16629392]
Processing direction 29: [ 0.14142136 -0.14142136]
Processing direction 30: [ 0.16629392 -0.11111405]
Processing direction 31: [ 0.18477591 -0.07653669]
Processing direction 32: [ 0.19615706 -0.03901806]

=== Step 76 ===
Current position: [3.0341556072235107, 2.0296409130096436]
Processing direction 1: [0.2 0. ]
Processing direction 2: [0.19615706 0.03901806]
Processing direction 3: [0.18477591 0.07653669]
Processing direction 4: [0.16629392 0.11111405]
Processing direction 5: [0.14142136 0.14142136]
Processing direction 6: [0.11111405 0.16629392]
Processing direction 7: [0.07653669 0.18477591]
Processing direction 8: [0.03901806 0.19615706]
Processing direction 9: [1.2246468e-17 2.0000000e-01]
Processing direction 10: [-0.03901806  0.19615706]
Processing direction 11: [-0.07653669  0.18477591]
Processing direction 12: [-0.11111405  0.16629392]
Processing direction 13: [-0.14142136  0.14142136]
Processing direction 14: [-0.16629392  0.11111405]
Processing direction 15: [-0.18477591  0.07653669]
Processing direction 16: [-0.19615706  0.03901806]
Processing direction 17: [-2.0000000e-01  2.4492936e-17]
Processing direction 18: [-0.19615706 -0.03901806]
Processing direction 19: [-0.18477591 -0.07653669]
Processing direction 20: [-0.16629392 -0.11111405]
Processing direction 21: [-0.14142136 -0.14142136]
Processing direction 22: [-0.11111405 -0.16629392]
Processing direction 23: [-0.07653669 -0.18477591]
Processing direction 24: [-0.03901806 -0.19615706]
Processing direction 25: [-3.6739404e-17 -2.0000000e-01]
Processing direction 26: [ 0.03901806 -0.19615706]
Processing direction 27: [ 0.07653669 -0.18477591]
Processing direction 28: [ 0.11111405 -0.16629392]
Processing direction 29: [ 0.14142136 -0.14142136]
Processing direction 30: [ 0.16629392 -0.11111405]
Processing direction 31: [ 0.18477591 -0.07653669]
Processing direction 32: [ 0.19615706 -0.03901806]

=== Step 77 ===
Current position: [2.9171743392944336, 2.100330352783203]
Processing direction 1: [0.2 0. ]
Processing direction 2: [0.19615706 0.03901806]
Processing direction 3: [0.18477591 0.07653669]
Processing direction 4: [0.16629392 0.11111405]
Processing direction 5: [0.14142136 0.14142136]
Processing direction 6: [0.11111405 0.16629392]
Processing direction 7: [0.07653669 0.18477591]
Processing direction 8: [0.03901806 0.19615706]
Processing direction 9: [1.2246468e-17 2.0000000e-01]
Processing direction 10: [-0.03901806  0.19615706]
Processing direction 11: [-0.07653669  0.18477591]
Processing direction 12: [-0.11111405  0.16629392]
Processing direction 13: [-0.14142136  0.14142136]
Processing direction 14: [-0.16629392  0.11111405]
Processing direction 15: [-0.18477591  0.07653669]
Processing direction 16: [-0.19615706  0.03901806]
Processing direction 17: [-2.0000000e-01  2.4492936e-17]
Processing direction 18: [-0.19615706 -0.03901806]
Processing direction 19: [-0.18477591 -0.07653669]
Processing direction 20: [-0.16629392 -0.11111405]
Processing direction 21: [-0.14142136 -0.14142136]
Processing direction 22: [-0.11111405 -0.16629392]
Processing direction 23: [-0.07653669 -0.18477591]
Processing direction 24: [-0.03901806 -0.19615706]
Processing direction 25: [-3.6739404e-17 -2.0000000e-01]
Processing direction 26: [ 0.03901806 -0.19615706]
Processing direction 27: [ 0.07653669 -0.18477591]
Processing direction 28: [ 0.11111405 -0.16629392]
Processing direction 29: [ 0.14142136 -0.14142136]
Processing direction 30: [ 0.16629392 -0.11111405]
Processing direction 31: [ 0.18477591 -0.07653669]
Processing direction 32: [ 0.19615706 -0.03901806]

=== Step 78 ===
Current position: [2.799987554550171, 2.1936116218566895]
Processing direction 1: [0.2 0. ]
Processing direction 2: [0.19615706 0.03901806]
Processing direction 3: [0.18477591 0.07653669]
Processing direction 4: [0.16629392 0.11111405]
Processing direction 5: [0.14142136 0.14142136]
Processing direction 6: [0.11111405 0.16629392]
Processing direction 7: [0.07653669 0.18477591]
Processing direction 8: [0.03901806 0.19615706]
Processing direction 9: [1.2246468e-17 2.0000000e-01]
Processing direction 10: [-0.03901806  0.19615706]
Processing direction 11: [-0.07653669  0.18477591]
Processing direction 12: [-0.11111405  0.16629392]
Processing direction 13: [-0.14142136  0.14142136]
Processing direction 14: [-0.16629392  0.11111405]
Processing direction 15: [-0.18477591  0.07653669]
Processing direction 16: [-0.19615706  0.03901806]
Processing direction 17: [-2.0000000e-01  2.4492936e-17]
Processing direction 18: [-0.19615706 -0.03901806]
Processing direction 19: [-0.18477591 -0.07653669]
Processing direction 20: [-0.16629392 -0.11111405]
Processing direction 21: [-0.14142136 -0.14142136]
Processing direction 22: [-0.11111405 -0.16629392]
Processing direction 23: [-0.07653669 -0.18477591]
Processing direction 24: [-0.03901806 -0.19615706]
Processing direction 25: [-3.6739404e-17 -2.0000000e-01]
Processing direction 26: [ 0.03901806 -0.19615706]
Processing direction 27: [ 0.07653669 -0.18477591]
Processing direction 28: [ 0.11111405 -0.16629392]
Processing direction 29: [ 0.14142136 -0.14142136]
Processing direction 30: [ 0.16629392 -0.11111405]
Processing direction 31: [ 0.18477591 -0.07653669]
Processing direction 32: [ 0.19615706 -0.03901806]

=== Step 79 ===
Current position: [2.9808077812194824, 2.1205976009368896]
Processing direction 1: [0.2 0. ]
Processing direction 2: [0.19615706 0.03901806]
Processing direction 3: [0.18477591 0.07653669]
Processing direction 4: [0.16629392 0.11111405]
Processing direction 5: [0.14142136 0.14142136]
Processing direction 6: [0.11111405 0.16629392]
Processing direction 7: [0.07653669 0.18477591]
Processing direction 8: [0.03901806 0.19615706]
Processing direction 9: [1.2246468e-17 2.0000000e-01]
Processing direction 10: [-0.03901806  0.19615706]
Processing direction 11: [-0.07653669  0.18477591]
Processing direction 12: [-0.11111405  0.16629392]
Processing direction 13: [-0.14142136  0.14142136]
Processing direction 14: [-0.16629392  0.11111405]
Processing direction 15: [-0.18477591  0.07653669]
Processing direction 16: [-0.19615706  0.03901806]
Processing direction 17: [-2.0000000e-01  2.4492936e-17]
Processing direction 18: [-0.19615706 -0.03901806]
Processing direction 19: [-0.18477591 -0.07653669]
Processing direction 20: [-0.16629392 -0.11111405]
Processing direction 21: [-0.14142136 -0.14142136]
Processing direction 22: [-0.11111405 -0.16629392]
Processing direction 23: [-0.07653669 -0.18477591]
Processing direction 24: [-0.03901806 -0.19615706]
Processing direction 25: [-3.6739404e-17 -2.0000000e-01]
Processing direction 26: [ 0.03901806 -0.19615706]
Processing direction 27: [ 0.07653669 -0.18477591]
Processing direction 28: [ 0.11111405 -0.16629392]
Processing direction 29: [ 0.14142136 -0.14142136]
Processing direction 30: [ 0.16629392 -0.11111405]
Processing direction 31: [ 0.18477591 -0.07653669]
Processing direction 32: [ 0.19615706 -0.03901806]

=== Step 80 ===
Current position: [2.8629884719848633, 2.2506792545318604]
Processing direction 1: [0.2 0. ]
Processing direction 2: [0.19615706 0.03901806]
Processing direction 3: [0.18477591 0.07653669]
Processing direction 4: [0.16629392 0.11111405]
Processing direction 5: [0.14142136 0.14142136]
Processing direction 6: [0.11111405 0.16629392]
Processing direction 7: [0.07653669 0.18477591]
Processing direction 8: [0.03901806 0.19615706]
Processing direction 9: [1.2246468e-17 2.0000000e-01]
Processing direction 10: [-0.03901806  0.19615706]
Processing direction 11: [-0.07653669  0.18477591]
Processing direction 12: [-0.11111405  0.16629392]
Processing direction 13: [-0.14142136  0.14142136]
Processing direction 14: [-0.16629392  0.11111405]
Processing direction 15: [-0.18477591  0.07653669]
Processing direction 16: [-0.19615706  0.03901806]
Processing direction 17: [-2.0000000e-01  2.4492936e-17]
Processing direction 18: [-0.19615706 -0.03901806]
Processing direction 19: [-0.18477591 -0.07653669]
Processing direction 20: [-0.16629392 -0.11111405]
Processing direction 21: [-0.14142136 -0.14142136]
Processing direction 22: [-0.11111405 -0.16629392]
Processing direction 23: [-0.07653669 -0.18477591]
Processing direction 24: [-0.03901806 -0.19615706]
Processing direction 25: [-3.6739404e-17 -2.0000000e-01]
Processing direction 26: [ 0.03901806 -0.19615706]
Processing direction 27: [ 0.07653669 -0.18477591]
Processing direction 28: [ 0.11111405 -0.16629392]
Processing direction 29: [ 0.14142136 -0.14142136]
Processing direction 30: [ 0.16629392 -0.11111405]
Processing direction 31: [ 0.18477591 -0.07653669]
Processing direction 32: [ 0.19615706 -0.03901806]

=== Step 81 ===
Current position: [3.087251663208008, 2.1316652297973633]
Processing direction 1: [0.2 0. ]
Processing direction 2: [0.19615706 0.03901806]
Processing direction 3: [0.18477591 0.07653669]
Processing direction 4: [0.16629392 0.11111405]
Processing direction 5: [0.14142136 0.14142136]
Processing direction 6: [0.11111405 0.16629392]
Processing direction 7: [0.07653669 0.18477591]
Processing direction 8: [0.03901806 0.19615706]
Processing direction 9: [1.2246468e-17 2.0000000e-01]
Processing direction 10: [-0.03901806  0.19615706]
Processing direction 11: [-0.07653669  0.18477591]
Processing direction 12: [-0.11111405  0.16629392]
Processing direction 13: [-0.14142136  0.14142136]
Processing direction 14: [-0.16629392  0.11111405]
Processing direction 15: [-0.18477591  0.07653669]
Processing direction 16: [-0.19615706  0.03901806]
Processing direction 17: [-2.0000000e-01  2.4492936e-17]
Processing direction 18: [-0.19615706 -0.03901806]
Processing direction 19: [-0.18477591 -0.07653669]
Processing direction 20: [-0.16629392 -0.11111405]
Processing direction 21: [-0.14142136 -0.14142136]
Processing direction 22: [-0.11111405 -0.16629392]
Processing direction 23: [-0.07653669 -0.18477591]
Processing direction 24: [-0.03901806 -0.19615706]
Processing direction 25: [-3.6739404e-17 -2.0000000e-01]
Processing direction 26: [ 0.03901806 -0.19615706]
Processing direction 27: [ 0.07653669 -0.18477591]
Processing direction 28: [ 0.11111405 -0.16629392]
Processing direction 29: [ 0.14142136 -0.14142136]
Processing direction 30: [ 0.16629392 -0.11111405]
Processing direction 31: [ 0.18477591 -0.07653669]
Processing direction 32: [ 0.19615706 -0.03901806]

=== Step 82 ===
Current position: [2.957024335861206, 2.219376802444458]
Processing direction 1: [0.2 0. ]
Processing direction 2: [0.19615706 0.03901806]
Processing direction 3: [0.18477591 0.07653669]
Processing direction 4: [0.16629392 0.11111405]
Processing direction 5: [0.14142136 0.14142136]
Processing direction 6: [0.11111405 0.16629392]
Processing direction 7: [0.07653669 0.18477591]
Processing direction 8: [0.03901806 0.19615706]
Processing direction 9: [1.2246468e-17 2.0000000e-01]
Processing direction 10: [-0.03901806  0.19615706]
Processing direction 11: [-0.07653669  0.18477591]
Processing direction 12: [-0.11111405  0.16629392]
Processing direction 13: [-0.14142136  0.14142136]
Processing direction 14: [-0.16629392  0.11111405]
Processing direction 15: [-0.18477591  0.07653669]
Processing direction 16: [-0.19615706  0.03901806]
Processing direction 17: [-2.0000000e-01  2.4492936e-17]
Processing direction 18: [-0.19615706 -0.03901806]
Processing direction 19: [-0.18477591 -0.07653669]
Processing direction 20: [-0.16629392 -0.11111405]
Processing direction 21: [-0.14142136 -0.14142136]
Processing direction 22: [-0.11111405 -0.16629392]
Processing direction 23: [-0.07653669 -0.18477591]
Processing direction 24: [-0.03901806 -0.19615706]
Processing direction 25: [-3.6739404e-17 -2.0000000e-01]
Processing direction 26: [ 0.03901806 -0.19615706]
Processing direction 27: [ 0.07653669 -0.18477591]
Processing direction 28: [ 0.11111405 -0.16629392]
Processing direction 29: [ 0.14142136 -0.14142136]
Processing direction 30: [ 0.16629392 -0.11111405]
Processing direction 31: [ 0.18477591 -0.07653669]
Processing direction 32: [ 0.19615706 -0.03901806]

=== Step 83 ===
Current position: [2.8223745822906494, 2.317227363586426]
Processing direction 1: [0.2 0. ]
Processing direction 2: [0.19615706 0.03901806]
Processing direction 3: [0.18477591 0.07653669]
Processing direction 4: [0.16629392 0.11111405]
Processing direction 5: [0.14142136 0.14142136]
Processing direction 6: [0.11111405 0.16629392]
Processing direction 7: [0.07653669 0.18477591]
Processing direction 8: [0.03901806 0.19615706]
Processing direction 9: [1.2246468e-17 2.0000000e-01]
Processing direction 10: [-0.03901806  0.19615706]
Processing direction 11: [-0.07653669  0.18477591]
Processing direction 12: [-0.11111405  0.16629392]
Processing direction 13: [-0.14142136  0.14142136]
Processing direction 14: [-0.16629392  0.11111405]
Processing direction 15: [-0.18477591  0.07653669]
Processing direction 16: [-0.19615706  0.03901806]
Processing direction 17: [-2.0000000e-01  2.4492936e-17]
Processing direction 18: [-0.19615706 -0.03901806]
Processing direction 19: [-0.18477591 -0.07653669]
Processing direction 20: [-0.16629392 -0.11111405]
Processing direction 21: [-0.14142136 -0.14142136]
Processing direction 22: [-0.11111405 -0.16629392]
Processing direction 23: [-0.07653669 -0.18477591]
Processing direction 24: [-0.03901806 -0.19615706]
Processing direction 25: [-3.6739404e-17 -2.0000000e-01]
Processing direction 26: [ 0.03901806 -0.19615706]
Processing direction 27: [ 0.07653669 -0.18477591]
Processing direction 28: [ 0.11111405 -0.16629392]
Processing direction 29: [ 0.14142136 -0.14142136]
Processing direction 30: [ 0.16629392 -0.11111405]
Processing direction 31: [ 0.18477591 -0.07653669]
Processing direction 32: [ 0.19615706 -0.03901806]

=== Step 84 ===
Current position: [3.0706000328063965, 2.1903417110443115]
Processing direction 1: [0.2 0. ]
Processing direction 2: [0.19615706 0.03901806]
Processing direction 3: [0.18477591 0.07653669]
Processing direction 4: [0.16629392 0.11111405]
Processing direction 5: [0.14142136 0.14142136]
Processing direction 6: [0.11111405 0.16629392]
Processing direction 7: [0.07653669 0.18477591]
Processing direction 8: [0.03901806 0.19615706]
Processing direction 9: [1.2246468e-17 2.0000000e-01]
Processing direction 10: [-0.03901806  0.19615706]
Processing direction 11: [-0.07653669  0.18477591]
Processing direction 12: [-0.11111405  0.16629392]
Processing direction 13: [-0.14142136  0.14142136]
Processing direction 14: [-0.16629392  0.11111405]
Processing direction 15: [-0.18477591  0.07653669]
Processing direction 16: [-0.19615706  0.03901806]
Processing direction 17: [-2.0000000e-01  2.4492936e-17]
Processing direction 18: [-0.19615706 -0.03901806]
Processing direction 19: [-0.18477591 -0.07653669]
Processing direction 20: [-0.16629392 -0.11111405]
Processing direction 21: [-0.14142136 -0.14142136]
Processing direction 22: [-0.11111405 -0.16629392]
Processing direction 23: [-0.07653669 -0.18477591]
Processing direction 24: [-0.03901806 -0.19615706]
Processing direction 25: [-3.6739404e-17 -2.0000000e-01]
Processing direction 26: [ 0.03901806 -0.19615706]
Processing direction 27: [ 0.07653669 -0.18477591]
Processing direction 28: [ 0.11111405 -0.16629392]
Processing direction 29: [ 0.14142136 -0.14142136]
Processing direction 30: [ 0.16629392 -0.11111405]
Processing direction 31: [ 0.18477591 -0.07653669]
Processing direction 32: [ 0.19615706 -0.03901806]

=== Step 85 ===
Current position: [3.005481243133545, 2.3780364990234375]
Processing direction 1: [0.2 0. ]
Processing direction 2: [0.19615706 0.03901806]
Processing direction 3: [0.18477591 0.07653669]
Processing direction 4: [0.16629392 0.11111405]
Processing direction 5: [0.14142136 0.14142136]
Processing direction 6: [0.11111405 0.16629392]
Processing direction 7: [0.07653669 0.18477591]
Processing direction 8: [0.03901806 0.19615706]
Processing direction 9: [1.2246468e-17 2.0000000e-01]
Processing direction 10: [-0.03901806  0.19615706]
Processing direction 11: [-0.07653669  0.18477591]
Processing direction 12: [-0.11111405  0.16629392]
Processing direction 13: [-0.14142136  0.14142136]
Processing direction 14: [-0.16629392  0.11111405]
Processing direction 15: [-0.18477591  0.07653669]
Processing direction 16: [-0.19615706  0.03901806]
Processing direction 17: [-2.0000000e-01  2.4492936e-17]
Processing direction 18: [-0.19615706 -0.03901806]
Processing direction 19: [-0.18477591 -0.07653669]
Processing direction 20: [-0.16629392 -0.11111405]
Processing direction 21: [-0.14142136 -0.14142136]
Processing direction 22: [-0.11111405 -0.16629392]
Processing direction 23: [-0.07653669 -0.18477591]
Processing direction 24: [-0.03901806 -0.19615706]
Processing direction 25: [-3.6739404e-17 -2.0000000e-01]
Processing direction 26: [ 0.03901806 -0.19615706]
Processing direction 27: [ 0.07653669 -0.18477591]
Processing direction 28: [ 0.11111405 -0.16629392]
Processing direction 29: [ 0.14142136 -0.14142136]
Processing direction 30: [ 0.16629392 -0.11111405]
Processing direction 31: [ 0.18477591 -0.07653669]
Processing direction 32: [ 0.19615706 -0.03901806]

=== Step 86 ===
Current position: [3.1804275512695312, 2.580209255218506]
Processing direction 1: [0.2 0. ]
Processing direction 2: [0.19615706 0.03901806]
Processing direction 3: [0.18477591 0.07653669]
Processing direction 4: [0.16629392 0.11111405]
Processing direction 5: [0.14142136 0.14142136]
Processing direction 6: [0.11111405 0.16629392]
Processing direction 7: [0.07653669 0.18477591]
Processing direction 8: [0.03901806 0.19615706]
Processing direction 9: [1.2246468e-17 2.0000000e-01]
Processing direction 10: [-0.03901806  0.19615706]
Processing direction 11: [-0.07653669  0.18477591]
Processing direction 12: [-0.11111405  0.16629392]
Processing direction 13: [-0.14142136  0.14142136]
Processing direction 14: [-0.16629392  0.11111405]
Processing direction 15: [-0.18477591  0.07653669]
Processing direction 16: [-0.19615706  0.03901806]
Processing direction 17: [-2.0000000e-01  2.4492936e-17]
Processing direction 18: [-0.19615706 -0.03901806]
Processing direction 19: [-0.18477591 -0.07653669]
Processing direction 20: [-0.16629392 -0.11111405]
Processing direction 21: [-0.14142136 -0.14142136]
Processing direction 22: [-0.11111405 -0.16629392]
Processing direction 23: [-0.07653669 -0.18477591]
Processing direction 24: [-0.03901806 -0.19615706]
Processing direction 25: [-3.6739404e-17 -2.0000000e-01]
Processing direction 26: [ 0.03901806 -0.19615706]
Processing direction 27: [ 0.07653669 -0.18477591]
Processing direction 28: [ 0.11111405 -0.16629392]
Processing direction 29: [ 0.14142136 -0.14142136]
Processing direction 30: [ 0.16629392 -0.11111405]
Processing direction 31: [ 0.18477591 -0.07653669]
Processing direction 32: [ 0.19615706 -0.03901806]

=== Step 87 ===
Current position: [3.3022003173828125, 2.715454339981079]
Processing direction 1: [0.2 0. ]
Processing direction 2: [0.19615706 0.03901806]
Processing direction 3: [0.18477591 0.07653669]
Processing direction 4: [0.16629392 0.11111405]
Processing direction 5: [0.14142136 0.14142136]
Processing direction 6: [0.11111405 0.16629392]
Processing direction 7: [0.07653669 0.18477591]
Processing direction 8: [0.03901806 0.19615706]
Processing direction 9: [1.2246468e-17 2.0000000e-01]
Processing direction 10: [-0.03901806  0.19615706]
Processing direction 11: [-0.07653669  0.18477591]
Processing direction 12: [-0.11111405  0.16629392]
Processing direction 13: [-0.14142136  0.14142136]
Processing direction 14: [-0.16629392  0.11111405]
Processing direction 15: [-0.18477591  0.07653669]
Processing direction 16: [-0.19615706  0.03901806]
Processing direction 17: [-2.0000000e-01  2.4492936e-17]
Processing direction 18: [-0.19615706 -0.03901806]
Processing direction 19: [-0.18477591 -0.07653669]
Processing direction 20: [-0.16629392 -0.11111405]
Processing direction 21: [-0.14142136 -0.14142136]
Processing direction 22: [-0.11111405 -0.16629392]
Processing direction 23: [-0.07653669 -0.18477591]
Processing direction 24: [-0.03901806 -0.19615706]
Processing direction 25: [-3.6739404e-17 -2.0000000e-01]
Processing direction 26: [ 0.03901806 -0.19615706]
Processing direction 27: [ 0.07653669 -0.18477591]
Processing direction 28: [ 0.11111405 -0.16629392]
Processing direction 29: [ 0.14142136 -0.14142136]
Processing direction 30: [ 0.16629392 -0.11111405]
Processing direction 31: [ 0.18477591 -0.07653669]
Processing direction 32: [ 0.19615706 -0.03901806]

=== Step 88 ===
Current position: [3.4180045127868652, 2.8042235374450684]
Processing direction 1: [0.2 0. ]
Processing direction 2: [0.19615706 0.03901806]
Processing direction 3: [0.18477591 0.07653669]
Processing direction 4: [0.16629392 0.11111405]
Processing direction 5: [0.14142136 0.14142136]
Processing direction 6: [0.11111405 0.16629392]
Processing direction 7: [0.07653669 0.18477591]
Processing direction 8: [0.03901806 0.19615706]
Processing direction 9: [1.2246468e-17 2.0000000e-01]
Processing direction 10: [-0.03901806  0.19615706]
Processing direction 11: [-0.07653669  0.18477591]
Processing direction 12: [-0.11111405  0.16629392]
Processing direction 13: [-0.14142136  0.14142136]
Processing direction 14: [-0.16629392  0.11111405]
Processing direction 15: [-0.18477591  0.07653669]
Processing direction 16: [-0.19615706  0.03901806]
Processing direction 17: [-2.0000000e-01  2.4492936e-17]
Processing direction 18: [-0.19615706 -0.03901806]
Processing direction 19: [-0.18477591 -0.07653669]
Processing direction 20: [-0.16629392 -0.11111405]
Processing direction 21: [-0.14142136 -0.14142136]
Processing direction 22: [-0.11111405 -0.16629392]
Processing direction 23: [-0.07653669 -0.18477591]
Processing direction 24: [-0.03901806 -0.19615706]
Processing direction 25: [-3.6739404e-17 -2.0000000e-01]
Processing direction 26: [ 0.03901806 -0.19615706]
Processing direction 27: [ 0.07653669 -0.18477591]
Processing direction 28: [ 0.11111405 -0.16629392]
Processing direction 29: [ 0.14142136 -0.14142136]
Processing direction 30: [ 0.16629392 -0.11111405]
Processing direction 31: [ 0.18477591 -0.07653669]
Processing direction 32: [ 0.19615706 -0.03901806]

=== Step 89 ===
Current position: [3.4968011379241943, 2.900092363357544]
Processing direction 1: [0.2 0. ]
Processing direction 2: [0.19615706 0.03901806]
Processing direction 3: [0.18477591 0.07653669]
Processing direction 4: [0.16629392 0.11111405]
Processing direction 5: [0.14142136 0.14142136]
Processing direction 6: [0.11111405 0.16629392]
Processing direction 7: [0.07653669 0.18477591]
Processing direction 8: [0.03901806 0.19615706]
Processing direction 9: [1.2246468e-17 2.0000000e-01]
Processing direction 10: [-0.03901806  0.19615706]
Processing direction 11: [-0.07653669  0.18477591]
Processing direction 12: [-0.11111405  0.16629392]
Processing direction 13: [-0.14142136  0.14142136]
Processing direction 14: [-0.16629392  0.11111405]
Processing direction 15: [-0.18477591  0.07653669]
Processing direction 16: [-0.19615706  0.03901806]
Processing direction 17: [-2.0000000e-01  2.4492936e-17]
Processing direction 18: [-0.19615706 -0.03901806]
Processing direction 19: [-0.18477591 -0.07653669]
Processing direction 20: [-0.16629392 -0.11111405]
Processing direction 21: [-0.14142136 -0.14142136]
Processing direction 22: [-0.11111405 -0.16629392]
Processing direction 23: [-0.07653669 -0.18477591]
Processing direction 24: [-0.03901806 -0.19615706]
Processing direction 25: [-3.6739404e-17 -2.0000000e-01]
Processing direction 26: [ 0.03901806 -0.19615706]
Processing direction 27: [ 0.07653669 -0.18477591]
Processing direction 28: [ 0.11111405 -0.16629392]
Processing direction 29: [ 0.14142136 -0.14142136]
Processing direction 30: [ 0.16629392 -0.11111405]
Processing direction 31: [ 0.18477591 -0.07653669]
Processing direction 32: [ 0.19615706 -0.03901806]

=== Step 90 ===
Current position: [3.6942832469940186, 3.016275405883789]
Processing direction 1: [0.2 0. ]
Processing direction 2: [0.19615706 0.03901806]
Processing direction 3: [0.18477591 0.07653669]
Processing direction 4: [0.16629392 0.11111405]
Processing direction 5: [0.14142136 0.14142136]
Processing direction 6: [0.11111405 0.16629392]
Processing direction 7: [0.07653669 0.18477591]
Processing direction 8: [0.03901806 0.19615706]
Processing direction 9: [1.2246468e-17 2.0000000e-01]
Processing direction 10: [-0.03901806  0.19615706]
Processing direction 11: [-0.07653669  0.18477591]
Processing direction 12: [-0.11111405  0.16629392]
Processing direction 13: [-0.14142136  0.14142136]
Processing direction 14: [-0.16629392  0.11111405]
Processing direction 15: [-0.18477591  0.07653669]
Processing direction 16: [-0.19615706  0.03901806]
Processing direction 17: [-2.0000000e-01  2.4492936e-17]
Processing direction 18: [-0.19615706 -0.03901806]
Processing direction 19: [-0.18477591 -0.07653669]
Processing direction 20: [-0.16629392 -0.11111405]
Processing direction 21: [-0.14142136 -0.14142136]
Processing direction 22: [-0.11111405 -0.16629392]
Processing direction 23: [-0.07653669 -0.18477591]
Processing direction 24: [-0.03901806 -0.19615706]
Processing direction 25: [-3.6739404e-17 -2.0000000e-01]
Processing direction 26: [ 0.03901806 -0.19615706]
Processing direction 27: [ 0.07653669 -0.18477591]
Processing direction 28: [ 0.11111405 -0.16629392]
Processing direction 29: [ 0.14142136 -0.14142136]
Processing direction 30: [ 0.16629392 -0.11111405]
Processing direction 31: [ 0.18477591 -0.07653669]
Processing direction 32: [ 0.19615706 -0.03901806]

=== Step 91 ===
Current position: [3.802135944366455, 3.1259829998016357]
Processing direction 1: [0.2 0. ]
Processing direction 2: [0.19615706 0.03901806]
Processing direction 3: [0.18477591 0.07653669]
Processing direction 4: [0.16629392 0.11111405]
Processing direction 5: [0.14142136 0.14142136]
Processing direction 6: [0.11111405 0.16629392]
Processing direction 7: [0.07653669 0.18477591]
Processing direction 8: [0.03901806 0.19615706]
Processing direction 9: [1.2246468e-17 2.0000000e-01]
Processing direction 10: [-0.03901806  0.19615706]
Processing direction 11: [-0.07653669  0.18477591]
Processing direction 12: [-0.11111405  0.16629392]
Processing direction 13: [-0.14142136  0.14142136]
Processing direction 14: [-0.16629392  0.11111405]
Processing direction 15: [-0.18477591  0.07653669]
Processing direction 16: [-0.19615706  0.03901806]
Processing direction 17: [-2.0000000e-01  2.4492936e-17]
Processing direction 18: [-0.19615706 -0.03901806]
Processing direction 19: [-0.18477591 -0.07653669]
Processing direction 20: [-0.16629392 -0.11111405]
Processing direction 21: [-0.14142136 -0.14142136]
Processing direction 22: [-0.11111405 -0.16629392]
Processing direction 23: [-0.07653669 -0.18477591]
Processing direction 24: [-0.03901806 -0.19615706]
Processing direction 25: [-3.6739404e-17 -2.0000000e-01]
Processing direction 26: [ 0.03901806 -0.19615706]
Processing direction 27: [ 0.07653669 -0.18477591]
Processing direction 28: [ 0.11111405 -0.16629392]
Processing direction 29: [ 0.14142136 -0.14142136]
Processing direction 30: [ 0.16629392 -0.11111405]
Processing direction 31: [ 0.18477591 -0.07653669]
Processing direction 32: [ 0.19615706 -0.03901806]

=== Step 92 ===
Current position: [3.9050917625427246, 3.271085500717163]
Processing direction 1: [0.2 0. ]
Processing direction 2: [0.19615706 0.03901806]
Processing direction 3: [0.18477591 0.07653669]
Processing direction 4: [0.16629392 0.11111405]
Processing direction 5: [0.14142136 0.14142136]
Processing direction 6: [0.11111405 0.16629392]
Processing direction 7: [0.07653669 0.18477591]
Processing direction 8: [0.03901806 0.19615706]
Processing direction 9: [1.2246468e-17 2.0000000e-01]
Processing direction 10: [-0.03901806  0.19615706]
Processing direction 11: [-0.07653669  0.18477591]
Processing direction 12: [-0.11111405  0.16629392]
Processing direction 13: [-0.14142136  0.14142136]
Processing direction 14: [-0.16629392  0.11111405]
Processing direction 15: [-0.18477591  0.07653669]
Processing direction 16: [-0.19615706  0.03901806]
Processing direction 17: [-2.0000000e-01  2.4492936e-17]
Processing direction 18: [-0.19615706 -0.03901806]
Processing direction 19: [-0.18477591 -0.07653669]
Processing direction 20: [-0.16629392 -0.11111405]
Processing direction 21: [-0.14142136 -0.14142136]
Processing direction 22: [-0.11111405 -0.16629392]
Processing direction 23: [-0.07653669 -0.18477591]
Processing direction 24: [-0.03901806 -0.19615706]
Processing direction 25: [-3.6739404e-17 -2.0000000e-01]
Processing direction 26: [ 0.03901806 -0.19615706]
Processing direction 27: [ 0.07653669 -0.18477591]
Processing direction 28: [ 0.11111405 -0.16629392]
Processing direction 29: [ 0.14142136 -0.14142136]
Processing direction 30: [ 0.16629392 -0.11111405]
Processing direction 31: [ 0.18477591 -0.07653669]
Processing direction 32: [ 0.19615706 -0.03901806]

=== Step 93 ===
Current position: [3.9869375228881836, 3.3280704021453857]
Processing direction 1: [0.2 0. ]
Processing direction 2: [0.19615706 0.03901806]
Processing direction 3: [0.18477591 0.07653669]
Processing direction 4: [0.16629392 0.11111405]
Processing direction 5: [0.14142136 0.14142136]
Processing direction 6: [0.11111405 0.16629392]
Processing direction 7: [0.07653669 0.18477591]
Processing direction 8: [0.03901806 0.19615706]
Processing direction 9: [1.2246468e-17 2.0000000e-01]
Processing direction 10: [-0.03901806  0.19615706]
Processing direction 11: [-0.07653669  0.18477591]
Processing direction 12: [-0.11111405  0.16629392]
Processing direction 13: [-0.14142136  0.14142136]
Processing direction 14: [-0.16629392  0.11111405]
Processing direction 15: [-0.18477591  0.07653669]
Processing direction 16: [-0.19615706  0.03901806]
Processing direction 17: [-2.0000000e-01  2.4492936e-17]
Processing direction 18: [-0.19615706 -0.03901806]
Processing direction 19: [-0.18477591 -0.07653669]
Processing direction 20: [-0.16629392 -0.11111405]
Processing direction 21: [-0.14142136 -0.14142136]
Processing direction 22: [-0.11111405 -0.16629392]
Processing direction 23: [-0.07653669 -0.18477591]
Processing direction 24: [-0.03901806 -0.19615706]
Processing direction 25: [-3.6739404e-17 -2.0000000e-01]
Processing direction 26: [ 0.03901806 -0.19615706]
Processing direction 27: [ 0.07653669 -0.18477591]
Processing direction 28: [ 0.11111405 -0.16629392]
Processing direction 29: [ 0.14142136 -0.14142136]
Processing direction 30: [ 0.16629392 -0.11111405]
Processing direction 31: [ 0.18477591 -0.07653669]
Processing direction 32: [ 0.19615706 -0.03901806]

=== Step 94 ===
Current position: [4.106566905975342, 3.3933610916137695]
Processing direction 1: [0.2 0. ]
Processing direction 2: [0.19615706 0.03901806]
Processing direction 3: [0.18477591 0.07653669]
Processing direction 4: [0.16629392 0.11111405]
Processing direction 5: [0.14142136 0.14142136]
Processing direction 6: [0.11111405 0.16629392]
Processing direction 7: [0.07653669 0.18477591]
Processing direction 8: [0.03901806 0.19615706]
Processing direction 9: [1.2246468e-17 2.0000000e-01]
Processing direction 10: [-0.03901806  0.19615706]
Processing direction 11: [-0.07653669  0.18477591]
Processing direction 12: [-0.11111405  0.16629392]
Processing direction 13: [-0.14142136  0.14142136]
Processing direction 14: [-0.16629392  0.11111405]
Processing direction 15: [-0.18477591  0.07653669]
Processing direction 16: [-0.19615706  0.03901806]
Processing direction 17: [-2.0000000e-01  2.4492936e-17]
Processing direction 18: [-0.19615706 -0.03901806]
Processing direction 19: [-0.18477591 -0.07653669]
Processing direction 20: [-0.16629392 -0.11111405]
Processing direction 21: [-0.14142136 -0.14142136]
Processing direction 22: [-0.11111405 -0.16629392]
Processing direction 23: [-0.07653669 -0.18477591]
Processing direction 24: [-0.03901806 -0.19615706]
Processing direction 25: [-3.6739404e-17 -2.0000000e-01]
Processing direction 26: [ 0.03901806 -0.19615706]
Processing direction 27: [ 0.07653669 -0.18477591]
Processing direction 28: [ 0.11111405 -0.16629392]
Processing direction 29: [ 0.14142136 -0.14142136]
Processing direction 30: [ 0.16629392 -0.11111405]
Processing direction 31: [ 0.18477591 -0.07653669]
Processing direction 32: [ 0.19615706 -0.03901806]

=== Step 95 ===
Current position: [4.149768829345703, 3.490809440612793]
Processing direction 1: [0.2 0. ]
Processing direction 2: [0.19615706 0.03901806]
Processing direction 3: [0.18477591 0.07653669]
Processing direction 4: [0.16629392 0.11111405]
Processing direction 5: [0.14142136 0.14142136]
Processing direction 6: [0.11111405 0.16629392]
Processing direction 7: [0.07653669 0.18477591]
Processing direction 8: [0.03901806 0.19615706]
Processing direction 9: [1.2246468e-17 2.0000000e-01]
Processing direction 10: [-0.03901806  0.19615706]
Processing direction 11: [-0.07653669  0.18477591]
Processing direction 12: [-0.11111405  0.16629392]
Processing direction 13: [-0.14142136  0.14142136]
Processing direction 14: [-0.16629392  0.11111405]
Processing direction 15: [-0.18477591  0.07653669]
Processing direction 16: [-0.19615706  0.03901806]
Processing direction 17: [-2.0000000e-01  2.4492936e-17]
Processing direction 18: [-0.19615706 -0.03901806]
Processing direction 19: [-0.18477591 -0.07653669]
Processing direction 20: [-0.16629392 -0.11111405]
Processing direction 21: [-0.14142136 -0.14142136]
Processing direction 22: [-0.11111405 -0.16629392]
Processing direction 23: [-0.07653669 -0.18477591]
Processing direction 24: [-0.03901806 -0.19615706]
Processing direction 25: [-3.6739404e-17 -2.0000000e-01]
Processing direction 26: [ 0.03901806 -0.19615706]
Processing direction 27: [ 0.07653669 -0.18477591]
Processing direction 28: [ 0.11111405 -0.16629392]
Processing direction 29: [ 0.14142136 -0.14142136]
Processing direction 30: [ 0.16629392 -0.11111405]
Processing direction 31: [ 0.18477591 -0.07653669]
Processing direction 32: [ 0.19615706 -0.03901806]

=== Step 96 ===
Current position: [4.16415548324585, 3.513345718383789]
Processing direction 1: [0.2 0. ]
Processing direction 2: [0.19615706 0.03901806]
Processing direction 3: [0.18477591 0.07653669]
Processing direction 4: [0.16629392 0.11111405]
Processing direction 5: [0.14142136 0.14142136]
Processing direction 6: [0.11111405 0.16629392]
Processing direction 7: [0.07653669 0.18477591]
Processing direction 8: [0.03901806 0.19615706]
Processing direction 9: [1.2246468e-17 2.0000000e-01]
Processing direction 10: [-0.03901806  0.19615706]
Processing direction 11: [-0.07653669  0.18477591]
Processing direction 12: [-0.11111405  0.16629392]
Processing direction 13: [-0.14142136  0.14142136]
Processing direction 14: [-0.16629392  0.11111405]
Processing direction 15: [-0.18477591  0.07653669]
Processing direction 16: [-0.19615706  0.03901806]
Processing direction 17: [-2.0000000e-01  2.4492936e-17]
Processing direction 18: [-0.19615706 -0.03901806]
Processing direction 19: [-0.18477591 -0.07653669]
Processing direction 20: [-0.16629392 -0.11111405]
Processing direction 21: [-0.14142136 -0.14142136]
Processing direction 22: [-0.11111405 -0.16629392]
Processing direction 23: [-0.07653669 -0.18477591]
Processing direction 24: [-0.03901806 -0.19615706]
Processing direction 25: [-3.6739404e-17 -2.0000000e-01]
Processing direction 26: [ 0.03901806 -0.19615706]
Processing direction 27: [ 0.07653669 -0.18477591]
Processing direction 28: [ 0.11111405 -0.16629392]
Processing direction 29: [ 0.14142136 -0.14142136]
Processing direction 30: [ 0.16629392 -0.11111405]
Processing direction 31: [ 0.18477591 -0.07653669]
Processing direction 32: [ 0.19615706 -0.03901806]

=== Step 97 ===
Current position: [4.241471767425537, 3.5821268558502197]
Processing direction 1: [0.2 0. ]
Processing direction 2: [0.19615706 0.03901806]
Processing direction 3: [0.18477591 0.07653669]
Processing direction 4: [0.16629392 0.11111405]
Processing direction 5: [0.14142136 0.14142136]
Processing direction 6: [0.11111405 0.16629392]
Processing direction 7: [0.07653669 0.18477591]
Processing direction 8: [0.03901806 0.19615706]
Processing direction 9: [1.2246468e-17 2.0000000e-01]
Processing direction 10: [-0.03901806  0.19615706]
Processing direction 11: [-0.07653669  0.18477591]
Processing direction 12: [-0.11111405  0.16629392]
Processing direction 13: [-0.14142136  0.14142136]
Processing direction 14: [-0.16629392  0.11111405]
Processing direction 15: [-0.18477591  0.07653669]
Processing direction 16: [-0.19615706  0.03901806]
Processing direction 17: [-2.0000000e-01  2.4492936e-17]
Processing direction 18: [-0.19615706 -0.03901806]
Processing direction 19: [-0.18477591 -0.07653669]
Processing direction 20: [-0.16629392 -0.11111405]
Processing direction 21: [-0.14142136 -0.14142136]
Processing direction 22: [-0.11111405 -0.16629392]
Processing direction 23: [-0.07653669 -0.18477591]
Processing direction 24: [-0.03901806 -0.19615706]
Processing direction 25: [-3.6739404e-17 -2.0000000e-01]
Processing direction 26: [ 0.03901806 -0.19615706]
Processing direction 27: [ 0.07653669 -0.18477591]
Processing direction 28: [ 0.11111405 -0.16629392]
Processing direction 29: [ 0.14142136 -0.14142136]
Processing direction 30: [ 0.16629392 -0.11111405]
Processing direction 31: [ 0.18477591 -0.07653669]
Processing direction 32: [ 0.19615706 -0.03901806]

=== Step 98 ===
Current position: [4.294084072113037, 3.652036190032959]
Processing direction 1: [0.2 0. ]
Processing direction 2: [0.19615706 0.03901806]
Processing direction 3: [0.18477591 0.07653669]
Processing direction 4: [0.16629392 0.11111405]
Processing direction 5: [0.14142136 0.14142136]
Processing direction 6: [0.11111405 0.16629392]
Processing direction 7: [0.07653669 0.18477591]
Processing direction 8: [0.03901806 0.19615706]
Processing direction 9: [1.2246468e-17 2.0000000e-01]
Processing direction 10: [-0.03901806  0.19615706]
Processing direction 11: [-0.07653669  0.18477591]
Processing direction 12: [-0.11111405  0.16629392]
Processing direction 13: [-0.14142136  0.14142136]
Processing direction 14: [-0.16629392  0.11111405]
Processing direction 15: [-0.18477591  0.07653669]
Processing direction 16: [-0.19615706  0.03901806]
Processing direction 17: [-2.0000000e-01  2.4492936e-17]
Processing direction 18: [-0.19615706 -0.03901806]
Processing direction 19: [-0.18477591 -0.07653669]
Processing direction 20: [-0.16629392 -0.11111405]
Processing direction 21: [-0.14142136 -0.14142136]
Processing direction 22: [-0.11111405 -0.16629392]
Processing direction 23: [-0.07653669 -0.18477591]
Processing direction 24: [-0.03901806 -0.19615706]
Processing direction 25: [-3.6739404e-17 -2.0000000e-01]
Processing direction 26: [ 0.03901806 -0.19615706]
Processing direction 27: [ 0.07653669 -0.18477591]
Processing direction 28: [ 0.11111405 -0.16629392]
Processing direction 29: [ 0.14142136 -0.14142136]
Processing direction 30: [ 0.16629392 -0.11111405]
Processing direction 31: [ 0.18477591 -0.07653669]
Processing direction 32: [ 0.19615706 -0.03901806]

=== Step 99 ===
Current position: [4.353579521179199, 3.660754442214966]
Processing direction 1: [0.2 0. ]
Processing direction 2: [0.19615706 0.03901806]
Processing direction 3: [0.18477591 0.07653669]
Processing direction 4: [0.16629392 0.11111405]
Processing direction 5: [0.14142136 0.14142136]
Processing direction 6: [0.11111405 0.16629392]
Processing direction 7: [0.07653669 0.18477591]
Processing direction 8: [0.03901806 0.19615706]
Processing direction 9: [1.2246468e-17 2.0000000e-01]
Processing direction 10: [-0.03901806  0.19615706]
Processing direction 11: [-0.07653669  0.18477591]
Processing direction 12: [-0.11111405  0.16629392]
Processing direction 13: [-0.14142136  0.14142136]
Processing direction 14: [-0.16629392  0.11111405]
Processing direction 15: [-0.18477591  0.07653669]
Processing direction 16: [-0.19615706  0.03901806]
Processing direction 17: [-2.0000000e-01  2.4492936e-17]
Processing direction 18: [-0.19615706 -0.03901806]
Processing direction 19: [-0.18477591 -0.07653669]
Processing direction 20: [-0.16629392 -0.11111405]
Processing direction 21: [-0.14142136 -0.14142136]
Processing direction 22: [-0.11111405 -0.16629392]
Processing direction 23: [-0.07653669 -0.18477591]
Processing direction 24: [-0.03901806 -0.19615706]
Processing direction 25: [-3.6739404e-17 -2.0000000e-01]
Processing direction 26: [ 0.03901806 -0.19615706]
Processing direction 27: [ 0.07653669 -0.18477591]
Processing direction 28: [ 0.11111405 -0.16629392]
Processing direction 29: [ 0.14142136 -0.14142136]
Processing direction 30: [ 0.16629392 -0.11111405]
Processing direction 31: [ 0.18477591 -0.07653669]
Processing direction 32: [ 0.19615706 -0.03901806]

=== Step 100 ===
Current position: [4.407157897949219, 3.6859970092773438]
Processing direction 1: [0.2 0. ]
Processing direction 2: [0.19615706 0.03901806]
Processing direction 3: [0.18477591 0.07653669]
Processing direction 4: [0.16629392 0.11111405]
Processing direction 5: [0.14142136 0.14142136]
Processing direction 6: [0.11111405 0.16629392]
Processing direction 7: [0.07653669 0.18477591]
Processing direction 8: [0.03901806 0.19615706]
Processing direction 9: [1.2246468e-17 2.0000000e-01]
Processing direction 10: [-0.03901806  0.19615706]
Processing direction 11: [-0.07653669  0.18477591]
Processing direction 12: [-0.11111405  0.16629392]
Processing direction 13: [-0.14142136  0.14142136]
Processing direction 14: [-0.16629392  0.11111405]
Processing direction 15: [-0.18477591  0.07653669]
Processing direction 16: [-0.19615706  0.03901806]
Processing direction 17: [-2.0000000e-01  2.4492936e-17]
Processing direction 18: [-0.19615706 -0.03901806]
Processing direction 19: [-0.18477591 -0.07653669]
Processing direction 20: [-0.16629392 -0.11111405]
Processing direction 21: [-0.14142136 -0.14142136]
Processing direction 22: [-0.11111405 -0.16629392]
Processing direction 23: [-0.07653669 -0.18477591]
Processing direction 24: [-0.03901806 -0.19615706]
Processing direction 25: [-3.6739404e-17 -2.0000000e-01]
Processing direction 26: [ 0.03901806 -0.19615706]
Processing direction 27: [ 0.07653669 -0.18477591]
Processing direction 28: [ 0.11111405 -0.16629392]
Processing direction 29: [ 0.14142136 -0.14142136]
Processing direction 30: [ 0.16629392 -0.11111405]
Processing direction 31: [ 0.18477591 -0.07653669]
Processing direction 32: [ 0.19615706 -0.03901806]

=== Step 101 ===
Current position: [4.408755779266357, 3.7650418281555176]
Processing direction 1: [0.2 0. ]
Processing direction 2: [0.19615706 0.03901806]
Processing direction 3: [0.18477591 0.07653669]
Processing direction 4: [0.16629392 0.11111405]
Processing direction 5: [0.14142136 0.14142136]
Processing direction 6: [0.11111405 0.16629392]
Processing direction 7: [0.07653669 0.18477591]
Processing direction 8: [0.03901806 0.19615706]
Processing direction 9: [1.2246468e-17 2.0000000e-01]
Processing direction 10: [-0.03901806  0.19615706]
Processing direction 11: [-0.07653669  0.18477591]
Processing direction 12: [-0.11111405  0.16629392]
Processing direction 13: [-0.14142136  0.14142136]
Processing direction 14: [-0.16629392  0.11111405]
Processing direction 15: [-0.18477591  0.07653669]
Processing direction 16: [-0.19615706  0.03901806]
Processing direction 17: [-2.0000000e-01  2.4492936e-17]
Processing direction 18: [-0.19615706 -0.03901806]
Processing direction 19: [-0.18477591 -0.07653669]
Processing direction 20: [-0.16629392 -0.11111405]
Processing direction 21: [-0.14142136 -0.14142136]
Processing direction 22: [-0.11111405 -0.16629392]
Processing direction 23: [-0.07653669 -0.18477591]
Processing direction 24: [-0.03901806 -0.19615706]
Processing direction 25: [-3.6739404e-17 -2.0000000e-01]
Processing direction 26: [ 0.03901806 -0.19615706]
Processing direction 27: [ 0.07653669 -0.18477591]
Processing direction 28: [ 0.11111405 -0.16629392]
Processing direction 29: [ 0.14142136 -0.14142136]
Processing direction 30: [ 0.16629392 -0.11111405]
Processing direction 31: [ 0.18477591 -0.07653669]
Processing direction 32: [ 0.19615706 -0.03901806]

=== Step 102 ===
Current position: [4.41029691696167, 3.9193618297576904]
Processing direction 1: [0.2 0. ]
Processing direction 2: [0.19615706 0.03901806]
Processing direction 3: [0.18477591 0.07653669]
Processing direction 4: [0.16629392 0.11111405]
Processing direction 5: [0.14142136 0.14142136]
Processing direction 6: [0.11111405 0.16629392]
Processing direction 7: [0.07653669 0.18477591]
Processing direction 8: [0.03901806 0.19615706]
Processing direction 9: [1.2246468e-17 2.0000000e-01]
Processing direction 10: [-0.03901806  0.19615706]
Processing direction 11: [-0.07653669  0.18477591]
Processing direction 12: [-0.11111405  0.16629392]
Processing direction 13: [-0.14142136  0.14142136]
Processing direction 14: [-0.16629392  0.11111405]
Processing direction 15: [-0.18477591  0.07653669]
Processing direction 16: [-0.19615706  0.03901806]
Processing direction 17: [-2.0000000e-01  2.4492936e-17]
Processing direction 18: [-0.19615706 -0.03901806]
Processing direction 19: [-0.18477591 -0.07653669]
Processing direction 20: [-0.16629392 -0.11111405]
Processing direction 21: [-0.14142136 -0.14142136]
Processing direction 22: [-0.11111405 -0.16629392]
Processing direction 23: [-0.07653669 -0.18477591]
Processing direction 24: [-0.03901806 -0.19615706]
Processing direction 25: [-3.6739404e-17 -2.0000000e-01]
Processing direction 26: [ 0.03901806 -0.19615706]
Processing direction 27: [ 0.07653669 -0.18477591]
Processing direction 28: [ 0.11111405 -0.16629392]
Processing direction 29: [ 0.14142136 -0.14142136]
Processing direction 30: [ 0.16629392 -0.11111405]
Processing direction 31: [ 0.18477591 -0.07653669]
Processing direction 32: [ 0.19615706 -0.03901806]

=== Step 103 ===
Current position: [4.451950550079346, 4.004088878631592]
Processing direction 1: [0.2 0. ]
Processing direction 2: [0.19615706 0.03901806]
Processing direction 3: [0.18477591 0.07653669]
Processing direction 4: [0.16629392 0.11111405]
Processing direction 5: [0.14142136 0.14142136]
Processing direction 6: [0.11111405 0.16629392]
Processing direction 7: [0.07653669 0.18477591]
Processing direction 8: [0.03901806 0.19615706]
Processing direction 9: [1.2246468e-17 2.0000000e-01]
Processing direction 10: [-0.03901806  0.19615706]
Processing direction 11: [-0.07653669  0.18477591]
Processing direction 12: [-0.11111405  0.16629392]
Processing direction 13: [-0.14142136  0.14142136]
Processing direction 14: [-0.16629392  0.11111405]
Processing direction 15: [-0.18477591  0.07653669]
Processing direction 16: [-0.19615706  0.03901806]
Processing direction 17: [-2.0000000e-01  2.4492936e-17]
Processing direction 18: [-0.19615706 -0.03901806]
Processing direction 19: [-0.18477591 -0.07653669]
Processing direction 20: [-0.16629392 -0.11111405]
Processing direction 21: [-0.14142136 -0.14142136]
Processing direction 22: [-0.11111405 -0.16629392]
Processing direction 23: [-0.07653669 -0.18477591]
Processing direction 24: [-0.03901806 -0.19615706]
Processing direction 25: [-3.6739404e-17 -2.0000000e-01]
Processing direction 26: [ 0.03901806 -0.19615706]
Processing direction 27: [ 0.07653669 -0.18477591]
Processing direction 28: [ 0.11111405 -0.16629392]
Processing direction 29: [ 0.14142136 -0.14142136]
Processing direction 30: [ 0.16629392 -0.11111405]
Processing direction 31: [ 0.18477591 -0.07653669]
Processing direction 32: [ 0.19615706 -0.03901806]

=== Step 104 ===
Current position: [4.517496109008789, 4.105073928833008]
Processing direction 1: [0.2 0. ]
Processing direction 2: [0.19615706 0.03901806]
Processing direction 3: [0.18477591 0.07653669]
Processing direction 4: [0.16629392 0.11111405]
Processing direction 5: [0.14142136 0.14142136]
Processing direction 6: [0.11111405 0.16629392]
Processing direction 7: [0.07653669 0.18477591]
Processing direction 8: [0.03901806 0.19615706]
Processing direction 9: [1.2246468e-17 2.0000000e-01]
Processing direction 10: [-0.03901806  0.19615706]
Processing direction 11: [-0.07653669  0.18477591]
Processing direction 12: [-0.11111405  0.16629392]
Processing direction 13: [-0.14142136  0.14142136]
Processing direction 14: [-0.16629392  0.11111405]
Processing direction 15: [-0.18477591  0.07653669]
Processing direction 16: [-0.19615706  0.03901806]
Processing direction 17: [-2.0000000e-01  2.4492936e-17]
Processing direction 18: [-0.19615706 -0.03901806]
Processing direction 19: [-0.18477591 -0.07653669]
Processing direction 20: [-0.16629392 -0.11111405]
Processing direction 21: [-0.14142136 -0.14142136]
Processing direction 22: [-0.11111405 -0.16629392]
Processing direction 23: [-0.07653669 -0.18477591]
Processing direction 24: [-0.03901806 -0.19615706]
Processing direction 25: [-3.6739404e-17 -2.0000000e-01]
Processing direction 26: [ 0.03901806 -0.19615706]
Processing direction 27: [ 0.07653669 -0.18477591]
Processing direction 28: [ 0.11111405 -0.16629392]
Processing direction 29: [ 0.14142136 -0.14142136]
Processing direction 30: [ 0.16629392 -0.11111405]
Processing direction 31: [ 0.18477591 -0.07653669]
Processing direction 32: [ 0.19615706 -0.03901806]

=== Step 105 ===
Current position: [4.541557312011719, 4.1422600746154785]
Processing direction 1: [0.2 0. ]
Processing direction 2: [0.19615706 0.03901806]
Processing direction 3: [0.18477591 0.07653669]
Processing direction 4: [0.16629392 0.11111405]
Processing direction 5: [0.14142136 0.14142136]
Processing direction 6: [0.11111405 0.16629392]
Processing direction 7: [0.07653669 0.18477591]
Processing direction 8: [0.03901806 0.19615706]
Processing direction 9: [1.2246468e-17 2.0000000e-01]
Processing direction 10: [-0.03901806  0.19615706]
Processing direction 11: [-0.07653669  0.18477591]
Processing direction 12: [-0.11111405  0.16629392]
Processing direction 13: [-0.14142136  0.14142136]
Processing direction 14: [-0.16629392  0.11111405]
Processing direction 15: [-0.18477591  0.07653669]
Processing direction 16: [-0.19615706  0.03901806]
Processing direction 17: [-2.0000000e-01  2.4492936e-17]
Processing direction 18: [-0.19615706 -0.03901806]
Processing direction 19: [-0.18477591 -0.07653669]
Processing direction 20: [-0.16629392 -0.11111405]
Processing direction 21: [-0.14142136 -0.14142136]
Processing direction 22: [-0.11111405 -0.16629392]
Processing direction 23: [-0.07653669 -0.18477591]
Processing direction 24: [-0.03901806 -0.19615706]
Processing direction 25: [-3.6739404e-17 -2.0000000e-01]
Processing direction 26: [ 0.03901806 -0.19615706]
Processing direction 27: [ 0.07653669 -0.18477591]
Processing direction 28: [ 0.11111405 -0.16629392]
Processing direction 29: [ 0.14142136 -0.14142136]
Processing direction 30: [ 0.16629392 -0.11111405]
Processing direction 31: [ 0.18477591 -0.07653669]
Processing direction 32: [ 0.19615706 -0.03901806]

=== Step 106 ===
Current position: [4.58073616027832, 4.200978755950928]
Processing direction 1: [0.2 0. ]
Processing direction 2: [0.19615706 0.03901806]
Processing direction 3: [0.18477591 0.07653669]
Processing direction 4: [0.16629392 0.11111405]
Processing direction 5: [0.14142136 0.14142136]
Processing direction 6: [0.11111405 0.16629392]
Processing direction 7: [0.07653669 0.18477591]
Processing direction 8: [0.03901806 0.19615706]
Processing direction 9: [1.2246468e-17 2.0000000e-01]
Processing direction 10: [-0.03901806  0.19615706]
Processing direction 11: [-0.07653669  0.18477591]
Processing direction 12: [-0.11111405  0.16629392]
Processing direction 13: [-0.14142136  0.14142136]
Processing direction 14: [-0.16629392  0.11111405]
Processing direction 15: [-0.18477591  0.07653669]
Processing direction 16: [-0.19615706  0.03901806]
Processing direction 17: [-2.0000000e-01  2.4492936e-17]
Processing direction 18: [-0.19615706 -0.03901806]
Processing direction 19: [-0.18477591 -0.07653669]
Processing direction 20: [-0.16629392 -0.11111405]
Processing direction 21: [-0.14142136 -0.14142136]
Processing direction 22: [-0.11111405 -0.16629392]
Processing direction 23: [-0.07653669 -0.18477591]
Processing direction 24: [-0.03901806 -0.19615706]
Processing direction 25: [-3.6739404e-17 -2.0000000e-01]
Processing direction 26: [ 0.03901806 -0.19615706]
Processing direction 27: [ 0.07653669 -0.18477591]
Processing direction 28: [ 0.11111405 -0.16629392]
Processing direction 29: [ 0.14142136 -0.14142136]
Processing direction 30: [ 0.16629392 -0.11111405]
Processing direction 31: [ 0.18477591 -0.07653669]
Processing direction 32: [ 0.19615706 -0.03901806]

=== Step 107 ===
Current position: [4.59138298034668, 4.256588935852051]
Processing direction 1: [0.2 0. ]
Processing direction 2: [0.19615706 0.03901806]
Processing direction 3: [0.18477591 0.07653669]
Processing direction 4: [0.16629392 0.11111405]
Processing direction 5: [0.14142136 0.14142136]
Processing direction 6: [0.11111405 0.16629392]
Processing direction 7: [0.07653669 0.18477591]
Processing direction 8: [0.03901806 0.19615706]
Processing direction 9: [1.2246468e-17 2.0000000e-01]
Processing direction 10: [-0.03901806  0.19615706]
Processing direction 11: [-0.07653669  0.18477591]
Processing direction 12: [-0.11111405  0.16629392]
Processing direction 13: [-0.14142136  0.14142136]
Processing direction 14: [-0.16629392  0.11111405]
Processing direction 15: [-0.18477591  0.07653669]
Processing direction 16: [-0.19615706  0.03901806]
Processing direction 17: [-2.0000000e-01  2.4492936e-17]
Processing direction 18: [-0.19615706 -0.03901806]
Processing direction 19: [-0.18477591 -0.07653669]
Processing direction 20: [-0.16629392 -0.11111405]
Processing direction 21: [-0.14142136 -0.14142136]
Processing direction 22: [-0.11111405 -0.16629392]
Processing direction 23: [-0.07653669 -0.18477591]
Processing direction 24: [-0.03901806 -0.19615706]
Processing direction 25: [-3.6739404e-17 -2.0000000e-01]
Processing direction 26: [ 0.03901806 -0.19615706]
Processing direction 27: [ 0.07653669 -0.18477591]
Processing direction 28: [ 0.11111405 -0.16629392]
Processing direction 29: [ 0.14142136 -0.14142136]
Processing direction 30: [ 0.16629392 -0.11111405]
Processing direction 31: [ 0.18477591 -0.07653669]
Processing direction 32: [ 0.19615706 -0.03901806]

=== Step 108 ===
Current position: [4.653651237487793, 4.370722770690918]
Processing direction 1: [0.2 0. ]
Processing direction 2: [0.19615706 0.03901806]
Processing direction 3: [0.18477591 0.07653669]
Processing direction 4: [0.16629392 0.11111405]
Processing direction 5: [0.14142136 0.14142136]
Processing direction 6: [0.11111405 0.16629392]
Processing direction 7: [0.07653669 0.18477591]
Processing direction 8: [0.03901806 0.19615706]
Processing direction 9: [1.2246468e-17 2.0000000e-01]
Processing direction 10: [-0.03901806  0.19615706]
Processing direction 11: [-0.07653669  0.18477591]
Processing direction 12: [-0.11111405  0.16629392]
Processing direction 13: [-0.14142136  0.14142136]
Processing direction 14: [-0.16629392  0.11111405]
Processing direction 15: [-0.18477591  0.07653669]
Processing direction 16: [-0.19615706  0.03901806]
Processing direction 17: [-2.0000000e-01  2.4492936e-17]
Processing direction 18: [-0.19615706 -0.03901806]
Processing direction 19: [-0.18477591 -0.07653669]
Processing direction 20: [-0.16629392 -0.11111405]
Processing direction 21: [-0.14142136 -0.14142136]
Processing direction 22: [-0.11111405 -0.16629392]
Processing direction 23: [-0.07653669 -0.18477591]
Processing direction 24: [-0.03901806 -0.19615706]
Processing direction 25: [-3.6739404e-17 -2.0000000e-01]
Processing direction 26: [ 0.03901806 -0.19615706]
Processing direction 27: [ 0.07653669 -0.18477591]
Processing direction 28: [ 0.11111405 -0.16629392]
Processing direction 29: [ 0.14142136 -0.14142136]
Processing direction 30: [ 0.16629392 -0.11111405]
Processing direction 31: [ 0.18477591 -0.07653669]
Processing direction 32: [ 0.19615706 -0.03901806]

=== Step 109 ===
Current position: [4.677516460418701, 4.421327114105225]
Processing direction 1: [0.2 0. ]
Processing direction 2: [0.19615706 0.03901806]
Processing direction 3: [0.18477591 0.07653669]
Processing direction 4: [0.16629392 0.11111405]
Processing direction 5: [0.14142136 0.14142136]
Processing direction 6: [0.11111405 0.16629392]
Processing direction 7: [0.07653669 0.18477591]
Processing direction 8: [0.03901806 0.19615706]
Processing direction 9: [1.2246468e-17 2.0000000e-01]
Processing direction 10: [-0.03901806  0.19615706]
Processing direction 11: [-0.07653669  0.18477591]
Processing direction 12: [-0.11111405  0.16629392]
Processing direction 13: [-0.14142136  0.14142136]
Processing direction 14: [-0.16629392  0.11111405]
Processing direction 15: [-0.18477591  0.07653669]
Processing direction 16: [-0.19615706  0.03901806]
Processing direction 17: [-2.0000000e-01  2.4492936e-17]
Processing direction 18: [-0.19615706 -0.03901806]
Processing direction 19: [-0.18477591 -0.07653669]
Processing direction 20: [-0.16629392 -0.11111405]
Processing direction 21: [-0.14142136 -0.14142136]
Processing direction 22: [-0.11111405 -0.16629392]
Processing direction 23: [-0.07653669 -0.18477591]
Processing direction 24: [-0.03901806 -0.19615706]
Processing direction 25: [-3.6739404e-17 -2.0000000e-01]
Processing direction 26: [ 0.03901806 -0.19615706]
Processing direction 27: [ 0.07653669 -0.18477591]
Processing direction 28: [ 0.11111405 -0.16629392]
Processing direction 29: [ 0.14142136 -0.14142136]
Processing direction 30: [ 0.16629392 -0.11111405]
Processing direction 31: [ 0.18477591 -0.07653669]
Processing direction 32: [ 0.19615706 -0.03901806]

Path Sampling Completed! Conditions of step size 0.2 and directions 32

=== Step 0 ===
Current position: [0.5, 2.0]
Processing direction 1: [0.4 0. ]
Processing direction 2: [0.  0.4]
Processing direction 3: [-0.4  0. ]
Processing direction 4: [ 0.  -0.4]

=== Step 1 ===
Current position: [0.9599089026451111, 1.9747260808944702]
Processing direction 1: [0.4 0. ]
Processing direction 2: [0.  0.4]
Processing direction 3: [-0.4  0. ]
Processing direction 4: [ 0.  -0.4]

=== Step 2 ===
Current position: [1.393058180809021, 1.999260425567627]
Processing direction 1: [0.4 0. ]
Processing direction 2: [0.  0.4]
Processing direction 3: [-0.4  0. ]
Processing direction 4: [ 0.  -0.4]

=== Step 3 ===
Current position: [1.828944444656372, 2.0342535972595215]
Processing direction 1: [0.4 0. ]
Processing direction 2: [0.  0.4]
Processing direction 3: [-0.4  0. ]
Processing direction 4: [ 0.  -0.4]

=== Step 4 ===
Current position: [2.3050436973571777, 2.018207311630249]
Processing direction 1: [0.4 0. ]
Processing direction 2: [0.  0.4]
Processing direction 3: [-0.4  0. ]
Processing direction 4: [ 0.  -0.4]

=== Step 5 ===
Current position: [2.8656344413757324, 1.9470688104629517]
Processing direction 1: [0.4 0. ]
Processing direction 2: [0.  0.4]
Processing direction 3: [-0.4  0. ]
Processing direction 4: [ 0.  -0.4]

=== Step 6 ===
Current position: [3.3202064037323, 1.931193232536316]
Processing direction 1: [0.4 0. ]
Processing direction 2: [0.  0.4]
Processing direction 3: [-0.4  0. ]
Processing direction 4: [ 0.  -0.4]

=== Step 7 ===
Current position: [3.4341442584991455, 2.295424699783325]
Processing direction 1: [0.4 0. ]
Processing direction 2: [0.  0.4]
Processing direction 3: [-0.4  0. ]
Processing direction 4: [ 0.  -0.4]

=== Step 8 ===
Current position: [3.477447748184204, 2.7120041847229004]
Processing direction 1: [0.4 0. ]
Processing direction 2: [0.  0.4]
Processing direction 3: [-0.4  0. ]
Processing direction 4: [ 0.  -0.4]

=== Step 9 ===
Current position: [3.5630054473876953, 2.9453210830688477]
Processing direction 1: [0.4 0. ]
Processing direction 2: [0.  0.4]
Processing direction 3: [-0.4  0. ]
Processing direction 4: [ 0.  -0.4]

=== Step 10 ===
Current position: [3.588580846786499, 3.2502593994140625]
Processing direction 1: [0.4 0. ]
Processing direction 2: [0.  0.4]
Processing direction 3: [-0.4  0. ]
Processing direction 4: [ 0.  -0.4]

=== Step 11 ===
Current position: [3.8674378395080566, 3.176974296569824]
Processing direction 1: [0.4 0. ]
Processing direction 2: [0.  0.4]
Processing direction 3: [-0.4  0. ]
Processing direction 4: [ 0.  -0.4]

=== Step 12 ===
Current position: [3.833188533782959, 3.4451239109039307]
Processing direction 1: [0.4 0. ]
Processing direction 2: [0.  0.4]
Processing direction 3: [-0.4  0. ]
Processing direction 4: [ 0.  -0.4]

=== Step 13 ===
Current position: [4.270990371704102, 3.408893346786499]
Processing direction 1: [0.4 0. ]
Processing direction 2: [0.  0.4]
Processing direction 3: [-0.4  0. ]
Processing direction 4: [ 0.  -0.4]

=== Step 14 ===
Current position: [4.201427459716797, 3.7170510292053223]
Processing direction 1: [0.4 0. ]
Processing direction 2: [0.  0.4]
Processing direction 3: [-0.4  0. ]
Processing direction 4: [ 0.  -0.4]

=== Step 15 ===
Current position: [4.160919666290283, 3.8849594593048096]
Processing direction 1: [0.4 0. ]
Processing direction 2: [0.  0.4]
Processing direction 3: [-0.4  0. ]
Processing direction 4: [ 0.  -0.4]

=== Step 16 ===
Current position: [4.131992340087891, 4.209372043609619]
Processing direction 1: [0.4 0. ]
Processing direction 2: [0.  0.4]
Processing direction 3: [-0.4  0. ]
Processing direction 4: [ 0.  -0.4]

=== Step 17 ===
Current position: [4.115688323974609, 4.523723602294922]
Processing direction 1: [0.4 0. ]
Processing direction 2: [0.  0.4]
Processing direction 3: [-0.4  0. ]
Processing direction 4: [ 0.  -0.4]

=== Step 18 ===
Current position: [4.523911952972412, 4.41748046875]
Processing direction 1: [0.4 0. ]
Processing direction 2: [0.  0.4]
Processing direction 3: [-0.4  0. ]
Processing direction 4: [ 0.  -0.4]

=== Step 19 ===
Current position: [4.558148384094238, 4.65093994140625]
Processing direction 1: [0.4 0. ]
Processing direction 2: [0.  0.4]
Processing direction 3: [-0.4  0. ]
Processing direction 4: [ 0.  -0.4]

=== Step 20 ===
Current position: [4.584207534790039, 4.924962043762207]
Processing direction 1: [0.4 0. ]
Processing direction 2: [0.  0.4]
Processing direction 3: [-0.4  0. ]
Processing direction 4: [ 0.  -0.4]

=== Step 21 ===
Current position: [5.062204360961914, 4.819530487060547]
Processing direction 1: [0.4 0. ]
Processing direction 2: [0.  0.4]
Processing direction 3: [-0.4  0. ]
Processing direction 4: [ 0.  -0.4]

=== Step 22 ===
Current position: [5.042595386505127, 5.023876667022705]
Processing direction 1: [0.4 0. ]
Processing direction 2: [0.  0.4]
Processing direction 3: [-0.4  0. ]
Processing direction 4: [ 0.  -0.4]

=== Step 23 ===
Current position: [5.106960296630859, 5.2996602058410645]
Processing direction 1: [0.4 0. ]
Processing direction 2: [0.  0.4]
Processing direction 3: [-0.4  0. ]
Processing direction 4: [ 0.  -0.4]

=== Step 24 ===
Current position: [5.174954891204834, 5.440900802612305]
Processing direction 1: [0.4 0. ]
Processing direction 2: [0.  0.4]
Processing direction 3: [-0.4  0. ]
Processing direction 4: [ 0.  -0.4]

=== Step 25 ===
Current position: [5.215702056884766, 5.5880045890808105]
Processing direction 1: [0.4 0. ]
Processing direction 2: [0.  0.4]
Processing direction 3: [-0.4  0. ]
Processing direction 4: [ 0.  -0.4]

=== Step 26 ===
Current position: [4.874425888061523, 5.427076816558838]
Processing direction 1: [0.4 0. ]
Processing direction 2: [0.  0.4]
Processing direction 3: [-0.4  0. ]
Processing direction 4: [ 0.  -0.4]

=== Step 27 ===
Current position: [4.973792552947998, 5.6174540519714355]
Processing direction 1: [0.4 0. ]
Processing direction 2: [0.  0.4]
Processing direction 3: [-0.4  0. ]
Processing direction 4: [ 0.  -0.4]

=== Step 28 ===
Current position: [5.0865607261657715, 5.77824592590332]
Processing direction 1: [0.4 0. ]
Processing direction 2: [0.  0.4]
Processing direction 3: [-0.4  0. ]
Processing direction 4: [ 0.  -0.4]

=== Step 29 ===
Current position: [4.80119514465332, 5.554210662841797]
Processing direction 1: [0.4 0. ]
Processing direction 2: [0.  0.4]
Processing direction 3: [-0.4  0. ]
Processing direction 4: [ 0.  -0.4]

Path Sampling Completed! Conditions of step size 0.4 and directions 4

=== Step 0 ===
Current position: [0.5, 2.0]
Processing direction 1: [0.4 0. ]
Processing direction 2: [0.28284271 0.28284271]
Processing direction 3: [0.  0.4]
Processing direction 4: [-0.28284271  0.28284271]
Processing direction 5: [-0.4  0. ]
Processing direction 6: [-0.28284271 -0.28284271]
Processing direction 7: [ 0.  -0.4]
Processing direction 8: [ 0.28284271 -0.28284271]

=== Step 1 ===
Current position: [0.8157804608345032, 2.0041043758392334]
Processing direction 1: [0.4 0. ]
Processing direction 2: [0.28284271 0.28284271]
Processing direction 3: [0.  0.4]
Processing direction 4: [-0.28284271  0.28284271]
Processing direction 5: [-0.4  0. ]
Processing direction 6: [-0.28284271 -0.28284271]
Processing direction 7: [ 0.  -0.4]
Processing direction 8: [ 0.28284271 -0.28284271]

=== Step 2 ===
Current position: [1.289655327796936, 1.9308336973190308]
Processing direction 1: [0.4 0. ]
Processing direction 2: [0.28284271 0.28284271]
Processing direction 3: [0.  0.4]
Processing direction 4: [-0.28284271  0.28284271]
Processing direction 5: [-0.4  0. ]
Processing direction 6: [-0.28284271 -0.28284271]
Processing direction 7: [ 0.  -0.4]
Processing direction 8: [ 0.28284271 -0.28284271]

=== Step 3 ===
Current position: [1.1033532619476318, 2.223564863204956]
Processing direction 1: [0.4 0. ]
Processing direction 2: [0.28284271 0.28284271]
Processing direction 3: [0.  0.4]
Processing direction 4: [-0.28284271  0.28284271]
Processing direction 5: [-0.4  0. ]
Processing direction 6: [-0.28284271 -0.28284271]
Processing direction 7: [ 0.  -0.4]
Processing direction 8: [ 0.28284271 -0.28284271]

=== Step 4 ===
Current position: [1.4483098983764648, 1.967546820640564]
Processing direction 1: [0.4 0. ]
Processing direction 2: [0.28284271 0.28284271]
Processing direction 3: [0.  0.4]
Processing direction 4: [-0.28284271  0.28284271]
Processing direction 5: [-0.4  0. ]
Processing direction 6: [-0.28284271 -0.28284271]
Processing direction 7: [ 0.  -0.4]
Processing direction 8: [ 0.28284271 -0.28284271]

=== Step 5 ===
Current position: [1.8537852764129639, 1.6231579780578613]
Processing direction 1: [0.4 0. ]
Processing direction 2: [0.28284271 0.28284271]
Processing direction 3: [0.  0.4]
Processing direction 4: [-0.28284271  0.28284271]
Processing direction 5: [-0.4  0. ]
Processing direction 6: [-0.28284271 -0.28284271]
Processing direction 7: [ 0.  -0.4]
Processing direction 8: [ 0.28284271 -0.28284271]

=== Step 6 ===
Current position: [1.6672089099884033, 1.9836182594299316]
Processing direction 1: [0.4 0. ]
Processing direction 2: [0.28284271 0.28284271]
Processing direction 3: [0.  0.4]
Processing direction 4: [-0.28284271  0.28284271]
Processing direction 5: [-0.4  0. ]
Processing direction 6: [-0.28284271 -0.28284271]
Processing direction 7: [ 0.  -0.4]
Processing direction 8: [ 0.28284271 -0.28284271]

=== Step 7 ===
Current position: [2.0546791553497314, 1.6867352724075317]
Processing direction 1: [0.4 0. ]
Processing direction 2: [0.28284271 0.28284271]
Processing direction 3: [0.  0.4]
Processing direction 4: [-0.28284271  0.28284271]
Processing direction 5: [-0.4  0. ]
Processing direction 6: [-0.28284271 -0.28284271]
Processing direction 7: [ 0.  -0.4]
Processing direction 8: [ 0.28284271 -0.28284271]

=== Step 8 ===
Current position: [1.8570258617401123, 2.00051212310791]
Processing direction 1: [0.4 0. ]
Processing direction 2: [0.28284271 0.28284271]
Processing direction 3: [0.  0.4]
Processing direction 4: [-0.28284271  0.28284271]
Processing direction 5: [-0.4  0. ]
Processing direction 6: [-0.28284271 -0.28284271]
Processing direction 7: [ 0.  -0.4]
Processing direction 8: [ 0.28284271 -0.28284271]

=== Step 9 ===
Current position: [2.276224136352539, 1.9081073999404907]
Processing direction 1: [0.4 0. ]
Processing direction 2: [0.28284271 0.28284271]
Processing direction 3: [0.  0.4]
Processing direction 4: [-0.28284271  0.28284271]
Processing direction 5: [-0.4  0. ]
Processing direction 6: [-0.28284271 -0.28284271]
Processing direction 7: [ 0.  -0.4]
Processing direction 8: [ 0.28284271 -0.28284271]

=== Step 10 ===
Current position: [2.7148730754852295, 1.8431681394577026]
Processing direction 1: [0.4 0. ]
Processing direction 2: [0.28284271 0.28284271]
Processing direction 3: [0.  0.4]
Processing direction 4: [-0.28284271  0.28284271]
Processing direction 5: [-0.4  0. ]
Processing direction 6: [-0.28284271 -0.28284271]
Processing direction 7: [ 0.  -0.4]
Processing direction 8: [ 0.28284271 -0.28284271]

=== Step 11 ===
Current position: [2.5308587551116943, 2.105433225631714]
Processing direction 1: [0.4 0. ]
Processing direction 2: [0.28284271 0.28284271]
Processing direction 3: [0.  0.4]
Processing direction 4: [-0.28284271  0.28284271]
Processing direction 5: [-0.4  0. ]
Processing direction 6: [-0.28284271 -0.28284271]
Processing direction 7: [ 0.  -0.4]
Processing direction 8: [ 0.28284271 -0.28284271]

=== Step 12 ===
Current position: [2.961632490158081, 2.1458470821380615]
Processing direction 1: [0.4 0. ]
Processing direction 2: [0.28284271 0.28284271]
Processing direction 3: [0.  0.4]
Processing direction 4: [-0.28284271  0.28284271]
Processing direction 5: [-0.4  0. ]
Processing direction 6: [-0.28284271 -0.28284271]
Processing direction 7: [ 0.  -0.4]
Processing direction 8: [ 0.28284271 -0.28284271]

=== Step 13 ===
Current position: [3.30159330368042, 2.404263973236084]
Processing direction 1: [0.4 0. ]
Processing direction 2: [0.28284271 0.28284271]
Processing direction 3: [0.  0.4]
Processing direction 4: [-0.28284271  0.28284271]
Processing direction 5: [-0.4  0. ]
Processing direction 6: [-0.28284271 -0.28284271]
Processing direction 7: [ 0.  -0.4]
Processing direction 8: [ 0.28284271 -0.28284271]

=== Step 14 ===
Current position: [3.328878164291382, 2.7155344486236572]
Processing direction 1: [0.4 0. ]
Processing direction 2: [0.28284271 0.28284271]
Processing direction 3: [0.  0.4]
Processing direction 4: [-0.28284271  0.28284271]
Processing direction 5: [-0.4  0. ]
Processing direction 6: [-0.28284271 -0.28284271]
Processing direction 7: [ 0.  -0.4]
Processing direction 8: [ 0.28284271 -0.28284271]

=== Step 15 ===
Current position: [3.7249982357025146, 2.9201571941375732]
Processing direction 1: [0.4 0. ]
Processing direction 2: [0.28284271 0.28284271]
Processing direction 3: [0.  0.4]
Processing direction 4: [-0.28284271  0.28284271]
Processing direction 5: [-0.4  0. ]
Processing direction 6: [-0.28284271 -0.28284271]
Processing direction 7: [ 0.  -0.4]
Processing direction 8: [ 0.28284271 -0.28284271]

=== Step 16 ===
Current position: [4.000035762786865, 3.1093404293060303]
Processing direction 1: [0.4 0. ]
Processing direction 2: [0.28284271 0.28284271]
Processing direction 3: [0.  0.4]
Processing direction 4: [-0.28284271  0.28284271]
Processing direction 5: [-0.4  0. ]
Processing direction 6: [-0.28284271 -0.28284271]
Processing direction 7: [ 0.  -0.4]
Processing direction 8: [ 0.28284271 -0.28284271]

=== Step 17 ===
Current position: [4.2237982749938965, 3.2820441722869873]
Processing direction 1: [0.4 0. ]
Processing direction 2: [0.28284271 0.28284271]
Processing direction 3: [0.  0.4]
Processing direction 4: [-0.28284271  0.28284271]
Processing direction 5: [-0.4  0. ]
Processing direction 6: [-0.28284271 -0.28284271]
Processing direction 7: [ 0.  -0.4]
Processing direction 8: [ 0.28284271 -0.28284271]

=== Step 18 ===
Current position: [4.198943614959717, 3.5452916622161865]
Processing direction 1: [0.4 0. ]
Processing direction 2: [0.28284271 0.28284271]
Processing direction 3: [0.  0.4]
Processing direction 4: [-0.28284271  0.28284271]
Processing direction 5: [-0.4  0. ]
Processing direction 6: [-0.28284271 -0.28284271]
Processing direction 7: [ 0.  -0.4]
Processing direction 8: [ 0.28284271 -0.28284271]

=== Step 19 ===
Current position: [4.470728874206543, 3.579197883605957]
Processing direction 1: [0.4 0. ]
Processing direction 2: [0.28284271 0.28284271]
Processing direction 3: [0.  0.4]
Processing direction 4: [-0.28284271  0.28284271]
Processing direction 5: [-0.4  0. ]
Processing direction 6: [-0.28284271 -0.28284271]
Processing direction 7: [ 0.  -0.4]
Processing direction 8: [ 0.28284271 -0.28284271]

=== Step 20 ===
Current position: [4.5131988525390625, 3.8559255599975586]
Processing direction 1: [0.4 0. ]
Processing direction 2: [0.28284271 0.28284271]
Processing direction 3: [0.  0.4]
Processing direction 4: [-0.28284271  0.28284271]
Processing direction 5: [-0.4  0. ]
Processing direction 6: [-0.28284271 -0.28284271]
Processing direction 7: [ 0.  -0.4]
Processing direction 8: [ 0.28284271 -0.28284271]

=== Step 21 ===
Current position: [4.529503345489502, 4.111309051513672]
Processing direction 1: [0.4 0. ]
Processing direction 2: [0.28284271 0.28284271]
Processing direction 3: [0.  0.4]
Processing direction 4: [-0.28284271  0.28284271]
Processing direction 5: [-0.4  0. ]
Processing direction 6: [-0.28284271 -0.28284271]
Processing direction 7: [ 0.  -0.4]
Processing direction 8: [ 0.28284271 -0.28284271]

=== Step 22 ===
Current position: [4.544121742248535, 4.416767120361328]
Processing direction 1: [0.4 0. ]
Processing direction 2: [0.28284271 0.28284271]
Processing direction 3: [0.  0.4]
Processing direction 4: [-0.28284271  0.28284271]
Processing direction 5: [-0.4  0. ]
Processing direction 6: [-0.28284271 -0.28284271]
Processing direction 7: [ 0.  -0.4]
Processing direction 8: [ 0.28284271 -0.28284271]

=== Step 23 ===
Current position: [4.611473083496094, 4.762142181396484]
Processing direction 1: [0.4 0. ]
Processing direction 2: [0.28284271 0.28284271]
Processing direction 3: [0.  0.4]
Processing direction 4: [-0.28284271  0.28284271]
Processing direction 5: [-0.4  0. ]
Processing direction 6: [-0.28284271 -0.28284271]
Processing direction 7: [ 0.  -0.4]
Processing direction 8: [ 0.28284271 -0.28284271]

=== Step 24 ===
Current position: [5.027173042297363, 4.884007453918457]
Processing direction 1: [0.4 0. ]
Processing direction 2: [0.28284271 0.28284271]
Processing direction 3: [0.  0.4]
Processing direction 4: [-0.28284271  0.28284271]
Processing direction 5: [-0.4  0. ]
Processing direction 6: [-0.28284271 -0.28284271]
Processing direction 7: [ 0.  -0.4]
Processing direction 8: [ 0.28284271 -0.28284271]

=== Step 25 ===
Current position: [4.874751091003418, 5.005068778991699]
Processing direction 1: [0.4 0. ]
Processing direction 2: [0.28284271 0.28284271]
Processing direction 3: [0.  0.4]
Processing direction 4: [-0.28284271  0.28284271]
Processing direction 5: [-0.4  0. ]
Processing direction 6: [-0.28284271 -0.28284271]
Processing direction 7: [ 0.  -0.4]
Processing direction 8: [ 0.28284271 -0.28284271]

=== Step 26 ===
Current position: [4.678923606872559, 5.14363956451416]
Processing direction 1: [0.4 0. ]
Processing direction 2: [0.28284271 0.28284271]
Processing direction 3: [0.  0.4]
Processing direction 4: [-0.28284271  0.28284271]
Processing direction 5: [-0.4  0. ]
Processing direction 6: [-0.28284271 -0.28284271]
Processing direction 7: [ 0.  -0.4]
Processing direction 8: [ 0.28284271 -0.28284271]

=== Step 27 ===
Current position: [5.092933654785156, 5.218984603881836]
Processing direction 1: [0.4 0. ]
Processing direction 2: [0.28284271 0.28284271]
Processing direction 3: [0.  0.4]
Processing direction 4: [-0.28284271  0.28284271]
Processing direction 5: [-0.4  0. ]
Processing direction 6: [-0.28284271 -0.28284271]
Processing direction 7: [ 0.  -0.4]
Processing direction 8: [ 0.28284271 -0.28284271]

=== Step 28 ===
Current position: [4.885312557220459, 5.342490196228027]
Processing direction 1: [0.4 0. ]
Processing direction 2: [0.28284271 0.28284271]
Processing direction 3: [0.  0.4]
Processing direction 4: [-0.28284271  0.28284271]
Processing direction 5: [-0.4  0. ]
Processing direction 6: [-0.28284271 -0.28284271]
Processing direction 7: [ 0.  -0.4]
Processing direction 8: [ 0.28284271 -0.28284271]

=== Step 29 ===
Current position: [4.95314359664917, 5.53574275970459]
Processing direction 1: [0.4 0. ]
Processing direction 2: [0.28284271 0.28284271]
Processing direction 3: [0.  0.4]
Processing direction 4: [-0.28284271  0.28284271]
Processing direction 5: [-0.4  0. ]
Processing direction 6: [-0.28284271 -0.28284271]
Processing direction 7: [ 0.  -0.4]
Processing direction 8: [ 0.28284271 -0.28284271]

=== Step 30 ===
Current position: [5.049774646759033, 5.705697059631348]
Processing direction 1: [0.4 0. ]
Processing direction 2: [0.28284271 0.28284271]
Processing direction 3: [0.  0.4]
Processing direction 4: [-0.28284271  0.28284271]
Processing direction 5: [-0.4  0. ]
Processing direction 6: [-0.28284271 -0.28284271]
Processing direction 7: [ 0.  -0.4]
Processing direction 8: [ 0.28284271 -0.28284271]

=== Step 31 ===
Current position: [4.824800491333008, 5.726588249206543]
Processing direction 1: [0.4 0. ]
Processing direction 2: [0.28284271 0.28284271]
Processing direction 3: [0.  0.4]
Processing direction 4: [-0.28284271  0.28284271]
Processing direction 5: [-0.4  0. ]
Processing direction 6: [-0.28284271 -0.28284271]
Processing direction 7: [ 0.  -0.4]
Processing direction 8: [ 0.28284271 -0.28284271]

=== Step 32 ===
Current position: [5.261527061462402, 5.54564094543457]
Processing direction 1: [0.4 0. ]
Processing direction 2: [0.28284271 0.28284271]
Processing direction 3: [0.  0.4]
Processing direction 4: [-0.28284271  0.28284271]
Processing direction 5: [-0.4  0. ]
Processing direction 6: [-0.28284271 -0.28284271]
Processing direction 7: [ 0.  -0.4]
Processing direction 8: [ 0.28284271 -0.28284271]

=== Step 33 ===
Current position: [5.00476598739624, 5.323413848876953]
Processing direction 1: [0.4 0. ]
Processing direction 2: [0.28284271 0.28284271]
Processing direction 3: [0.  0.4]
Processing direction 4: [-0.28284271  0.28284271]
Processing direction 5: [-0.4  0. ]
Processing direction 6: [-0.28284271 -0.28284271]
Processing direction 7: [ 0.  -0.4]
Processing direction 8: [ 0.28284271 -0.28284271]

=== Step 34 ===
Current position: [5.078984260559082, 5.525111198425293]
Processing direction 1: [0.4 0. ]
Processing direction 2: [0.28284271 0.28284271]
Processing direction 3: [0.  0.4]
Processing direction 4: [-0.28284271  0.28284271]
Processing direction 5: [-0.4  0. ]
Processing direction 6: [-0.28284271 -0.28284271]
Processing direction 7: [ 0.  -0.4]
Processing direction 8: [ 0.28284271 -0.28284271]

=== Step 35 ===
Current position: [5.113646030426025, 5.651651382446289]
Processing direction 1: [0.4 0. ]
Processing direction 2: [0.28284271 0.28284271]
Processing direction 3: [0.  0.4]
Processing direction 4: [-0.28284271  0.28284271]
Processing direction 5: [-0.4  0. ]
Processing direction 6: [-0.28284271 -0.28284271]
Processing direction 7: [ 0.  -0.4]
Processing direction 8: [ 0.28284271 -0.28284271]

=== Step 36 ===
Current position: [4.917968273162842, 5.670752048492432]
Processing direction 1: [0.4 0. ]
Processing direction 2: [0.28284271 0.28284271]
Processing direction 3: [0.  0.4]
Processing direction 4: [-0.28284271  0.28284271]
Processing direction 5: [-0.4  0. ]
Processing direction 6: [-0.28284271 -0.28284271]
Processing direction 7: [ 0.  -0.4]
Processing direction 8: [ 0.28284271 -0.28284271]

=== Step 37 ===
Current position: [4.964345455169678, 5.784046649932861]
Processing direction 1: [0.4 0. ]
Processing direction 2: [0.28284271 0.28284271]
Processing direction 3: [0.  0.4]
Processing direction 4: [-0.28284271  0.28284271]
Processing direction 5: [-0.4  0. ]
Processing direction 6: [-0.28284271 -0.28284271]
Processing direction 7: [ 0.  -0.4]
Processing direction 8: [ 0.28284271 -0.28284271]

=== Step 38 ===
Current position: [4.971563816070557, 5.763134002685547]
Processing direction 1: [0.4 0. ]
Processing direction 2: [0.28284271 0.28284271]
Processing direction 3: [0.  0.4]
Processing direction 4: [-0.28284271  0.28284271]
Processing direction 5: [-0.4  0. ]
Processing direction 6: [-0.28284271 -0.28284271]
Processing direction 7: [ 0.  -0.4]
Processing direction 8: [ 0.28284271 -0.28284271]

=== Step 39 ===
Current position: [4.805612564086914, 5.325220108032227]
Processing direction 1: [0.4 0. ]
Processing direction 2: [0.28284271 0.28284271]
Processing direction 3: [0.  0.4]
Processing direction 4: [-0.28284271  0.28284271]
Processing direction 5: [-0.4  0. ]
Processing direction 6: [-0.28284271 -0.28284271]
Processing direction 7: [ 0.  -0.4]
Processing direction 8: [ 0.28284271 -0.28284271]

Path Sampling Completed! Conditions of step size 0.4 and directions 8

=== Step 0 ===
Current position: [0.5, 2.0]
Processing direction 1: [0.4 0. ]
Processing direction 2: [0.36955181 0.15307337]
Processing direction 3: [0.28284271 0.28284271]
Processing direction 4: [0.15307337 0.36955181]
Processing direction 5: [0.  0.4]
Processing direction 6: [-0.15307337  0.36955181]
Processing direction 7: [-0.28284271  0.28284271]
Processing direction 8: [-0.36955181  0.15307337]
Processing direction 9: [-0.4  0. ]
Processing direction 10: [-0.36955181 -0.15307337]
Processing direction 11: [-0.28284271 -0.28284271]
Processing direction 12: [-0.15307337 -0.36955181]
Processing direction 13: [ 0.  -0.4]
Processing direction 14: [ 0.15307337 -0.36955181]
Processing direction 15: [ 0.28284271 -0.28284271]
Processing direction 16: [ 0.36955181 -0.15307337]

=== Step 1 ===
Current position: [0.9147164821624756, 1.769443154335022]
Processing direction 1: [0.4 0. ]
Processing direction 2: [0.36955181 0.15307337]
Processing direction 3: [0.28284271 0.28284271]
Processing direction 4: [0.15307337 0.36955181]
Processing direction 5: [0.  0.4]
Processing direction 6: [-0.15307337  0.36955181]
Processing direction 7: [-0.28284271  0.28284271]
Processing direction 8: [-0.36955181  0.15307337]
Processing direction 9: [-0.4  0. ]
Processing direction 10: [-0.36955181 -0.15307337]
Processing direction 11: [-0.28284271 -0.28284271]
Processing direction 12: [-0.15307337 -0.36955181]
Processing direction 13: [ 0.  -0.4]
Processing direction 14: [ 0.15307337 -0.36955181]
Processing direction 15: [ 0.28284271 -0.28284271]
Processing direction 16: [ 0.36955181 -0.15307337]

=== Step 2 ===
Current position: [0.6812477111816406, 2.0696463584899902]
Processing direction 1: [0.4 0. ]
Processing direction 2: [0.36955181 0.15307337]
Processing direction 3: [0.28284271 0.28284271]
Processing direction 4: [0.15307337 0.36955181]
Processing direction 5: [0.  0.4]
Processing direction 6: [-0.15307337  0.36955181]
Processing direction 7: [-0.28284271  0.28284271]
Processing direction 8: [-0.36955181  0.15307337]
Processing direction 9: [-0.4  0. ]
Processing direction 10: [-0.36955181 -0.15307337]
Processing direction 11: [-0.28284271 -0.28284271]
Processing direction 12: [-0.15307337 -0.36955181]
Processing direction 13: [ 0.  -0.4]
Processing direction 14: [ 0.15307337 -0.36955181]
Processing direction 15: [ 0.28284271 -0.28284271]
Processing direction 16: [ 0.36955181 -0.15307337]

=== Step 3 ===
Current position: [1.0347706079483032, 1.7464346885681152]
Processing direction 1: [0.4 0. ]
Processing direction 2: [0.36955181 0.15307337]
Processing direction 3: [0.28284271 0.28284271]
Processing direction 4: [0.15307337 0.36955181]
Processing direction 5: [0.  0.4]
Processing direction 6: [-0.15307337  0.36955181]
Processing direction 7: [-0.28284271  0.28284271]
Processing direction 8: [-0.36955181  0.15307337]
Processing direction 9: [-0.4  0. ]
Processing direction 10: [-0.36955181 -0.15307337]
Processing direction 11: [-0.28284271 -0.28284271]
Processing direction 12: [-0.15307337 -0.36955181]
Processing direction 13: [ 0.  -0.4]
Processing direction 14: [ 0.15307337 -0.36955181]
Processing direction 15: [ 0.28284271 -0.28284271]
Processing direction 16: [ 0.36955181 -0.15307337]

=== Step 4 ===
Current position: [0.9665530920028687, 2.046157121658325]
Processing direction 1: [0.4 0. ]
Processing direction 2: [0.36955181 0.15307337]
Processing direction 3: [0.28284271 0.28284271]
Processing direction 4: [0.15307337 0.36955181]
Processing direction 5: [0.  0.4]
Processing direction 6: [-0.15307337  0.36955181]
Processing direction 7: [-0.28284271  0.28284271]
Processing direction 8: [-0.36955181  0.15307337]
Processing direction 9: [-0.4  0. ]
Processing direction 10: [-0.36955181 -0.15307337]
Processing direction 11: [-0.28284271 -0.28284271]
Processing direction 12: [-0.15307337 -0.36955181]
Processing direction 13: [ 0.  -0.4]
Processing direction 14: [ 0.15307337 -0.36955181]
Processing direction 15: [ 0.28284271 -0.28284271]
Processing direction 16: [ 0.36955181 -0.15307337]

=== Step 5 ===
Current position: [0.7365682125091553, 2.348803758621216]
Processing direction 1: [0.4 0. ]
Processing direction 2: [0.36955181 0.15307337]
Processing direction 3: [0.28284271 0.28284271]
Processing direction 4: [0.15307337 0.36955181]
Processing direction 5: [0.  0.4]
Processing direction 6: [-0.15307337  0.36955181]
Processing direction 7: [-0.28284271  0.28284271]
Processing direction 8: [-0.36955181  0.15307337]
Processing direction 9: [-0.4  0. ]
Processing direction 10: [-0.36955181 -0.15307337]
Processing direction 11: [-0.28284271 -0.28284271]
Processing direction 12: [-0.15307337 -0.36955181]
Processing direction 13: [ 0.  -0.4]
Processing direction 14: [ 0.15307337 -0.36955181]
Processing direction 15: [ 0.28284271 -0.28284271]
Processing direction 16: [ 0.36955181 -0.15307337]

=== Step 6 ===
Current position: [1.051393985748291, 2.0516295433044434]
Processing direction 1: [0.4 0. ]
Processing direction 2: [0.36955181 0.15307337]
Processing direction 3: [0.28284271 0.28284271]
Processing direction 4: [0.15307337 0.36955181]
Processing direction 5: [0.  0.4]
Processing direction 6: [-0.15307337  0.36955181]
Processing direction 7: [-0.28284271  0.28284271]
Processing direction 8: [-0.36955181  0.15307337]
Processing direction 9: [-0.4  0. ]
Processing direction 10: [-0.36955181 -0.15307337]
Processing direction 11: [-0.28284271 -0.28284271]
Processing direction 12: [-0.15307337 -0.36955181]
Processing direction 13: [ 0.  -0.4]
Processing direction 14: [ 0.15307337 -0.36955181]
Processing direction 15: [ 0.28284271 -0.28284271]
Processing direction 16: [ 0.36955181 -0.15307337]

=== Step 7 ===
Current position: [0.8273969888687134, 2.3588449954986572]
Processing direction 1: [0.4 0. ]
Processing direction 2: [0.36955181 0.15307337]
Processing direction 3: [0.28284271 0.28284271]
Processing direction 4: [0.15307337 0.36955181]
Processing direction 5: [0.  0.4]
Processing direction 6: [-0.15307337  0.36955181]
Processing direction 7: [-0.28284271  0.28284271]
Processing direction 8: [-0.36955181  0.15307337]
Processing direction 9: [-0.4  0. ]
Processing direction 10: [-0.36955181 -0.15307337]
Processing direction 11: [-0.28284271 -0.28284271]
Processing direction 12: [-0.15307337 -0.36955181]
Processing direction 13: [ 0.  -0.4]
Processing direction 14: [ 0.15307337 -0.36955181]
Processing direction 15: [ 0.28284271 -0.28284271]
Processing direction 16: [ 0.36955181 -0.15307337]

=== Step 8 ===
Current position: [1.2480672597885132, 2.1344363689422607]
Processing direction 1: [0.4 0. ]
Processing direction 2: [0.36955181 0.15307337]
Processing direction 3: [0.28284271 0.28284271]
Processing direction 4: [0.15307337 0.36955181]
Processing direction 5: [0.  0.4]
Processing direction 6: [-0.15307337  0.36955181]
Processing direction 7: [-0.28284271  0.28284271]
Processing direction 8: [-0.36955181  0.15307337]
Processing direction 9: [-0.4  0. ]
Processing direction 10: [-0.36955181 -0.15307337]
Processing direction 11: [-0.28284271 -0.28284271]
Processing direction 12: [-0.15307337 -0.36955181]
Processing direction 13: [ 0.  -0.4]
Processing direction 14: [ 0.15307337 -0.36955181]
Processing direction 15: [ 0.28284271 -0.28284271]
Processing direction 16: [ 0.36955181 -0.15307337]

=== Step 9 ===
Current position: [1.581437110900879, 1.8398727178573608]
Processing direction 1: [0.4 0. ]
Processing direction 2: [0.36955181 0.15307337]
Processing direction 3: [0.28284271 0.28284271]
Processing direction 4: [0.15307337 0.36955181]
Processing direction 5: [0.  0.4]
Processing direction 6: [-0.15307337  0.36955181]
Processing direction 7: [-0.28284271  0.28284271]
Processing direction 8: [-0.36955181  0.15307337]
Processing direction 9: [-0.4  0. ]
Processing direction 10: [-0.36955181 -0.15307337]
Processing direction 11: [-0.28284271 -0.28284271]
Processing direction 12: [-0.15307337 -0.36955181]
Processing direction 13: [ 0.  -0.4]
Processing direction 14: [ 0.15307337 -0.36955181]
Processing direction 15: [ 0.28284271 -0.28284271]
Processing direction 16: [ 0.36955181 -0.15307337]

=== Step 10 ===
Current position: [1.321083664894104, 2.1115992069244385]
Processing direction 1: [0.4 0. ]
Processing direction 2: [0.36955181 0.15307337]
Processing direction 3: [0.28284271 0.28284271]
Processing direction 4: [0.15307337 0.36955181]
Processing direction 5: [0.  0.4]
Processing direction 6: [-0.15307337  0.36955181]
Processing direction 7: [-0.28284271  0.28284271]
Processing direction 8: [-0.36955181  0.15307337]
Processing direction 9: [-0.4  0. ]
Processing direction 10: [-0.36955181 -0.15307337]
Processing direction 11: [-0.28284271 -0.28284271]
Processing direction 12: [-0.15307337 -0.36955181]
Processing direction 13: [ 0.  -0.4]
Processing direction 14: [ 0.15307337 -0.36955181]
Processing direction 15: [ 0.28284271 -0.28284271]
Processing direction 16: [ 0.36955181 -0.15307337]

=== Step 11 ===
Current position: [1.0365971326828003, 2.4700160026550293]
Processing direction 1: [0.4 0. ]
Processing direction 2: [0.36955181 0.15307337]
Processing direction 3: [0.28284271 0.28284271]
Processing direction 4: [0.15307337 0.36955181]
Processing direction 5: [0.  0.4]
Processing direction 6: [-0.15307337  0.36955181]
Processing direction 7: [-0.28284271  0.28284271]
Processing direction 8: [-0.36955181  0.15307337]
Processing direction 9: [-0.4  0. ]
Processing direction 10: [-0.36955181 -0.15307337]
Processing direction 11: [-0.28284271 -0.28284271]
Processing direction 12: [-0.15307337 -0.36955181]
Processing direction 13: [ 0.  -0.4]
Processing direction 14: [ 0.15307337 -0.36955181]
Processing direction 15: [ 0.28284271 -0.28284271]
Processing direction 16: [ 0.36955181 -0.15307337]

=== Step 12 ===
Current position: [1.4873216152191162, 2.1881260871887207]
Processing direction 1: [0.4 0. ]
Processing direction 2: [0.36955181 0.15307337]
Processing direction 3: [0.28284271 0.28284271]
Processing direction 4: [0.15307337 0.36955181]
Processing direction 5: [0.  0.4]
Processing direction 6: [-0.15307337  0.36955181]
Processing direction 7: [-0.28284271  0.28284271]
Processing direction 8: [-0.36955181  0.15307337]
Processing direction 9: [-0.4  0. ]
Processing direction 10: [-0.36955181 -0.15307337]
Processing direction 11: [-0.28284271 -0.28284271]
Processing direction 12: [-0.15307337 -0.36955181]
Processing direction 13: [ 0.  -0.4]
Processing direction 14: [ 0.15307337 -0.36955181]
Processing direction 15: [ 0.28284271 -0.28284271]
Processing direction 16: [ 0.36955181 -0.15307337]

=== Step 13 ===
Current position: [1.807937502861023, 1.9520492553710938]
Processing direction 1: [0.4 0. ]
Processing direction 2: [0.36955181 0.15307337]
Processing direction 3: [0.28284271 0.28284271]
Processing direction 4: [0.15307337 0.36955181]
Processing direction 5: [0.  0.4]
Processing direction 6: [-0.15307337  0.36955181]
Processing direction 7: [-0.28284271  0.28284271]
Processing direction 8: [-0.36955181  0.15307337]
Processing direction 9: [-0.4  0. ]
Processing direction 10: [-0.36955181 -0.15307337]
Processing direction 11: [-0.28284271 -0.28284271]
Processing direction 12: [-0.15307337 -0.36955181]
Processing direction 13: [ 0.  -0.4]
Processing direction 14: [ 0.15307337 -0.36955181]
Processing direction 15: [ 0.28284271 -0.28284271]
Processing direction 16: [ 0.36955181 -0.15307337]

=== Step 14 ===
Current position: [1.5483921766281128, 2.233668804168701]
Processing direction 1: [0.4 0. ]
Processing direction 2: [0.36955181 0.15307337]
Processing direction 3: [0.28284271 0.28284271]
Processing direction 4: [0.15307337 0.36955181]
Processing direction 5: [0.  0.4]
Processing direction 6: [-0.15307337  0.36955181]
Processing direction 7: [-0.28284271  0.28284271]
Processing direction 8: [-0.36955181  0.15307337]
Processing direction 9: [-0.4  0. ]
Processing direction 10: [-0.36955181 -0.15307337]
Processing direction 11: [-0.28284271 -0.28284271]
Processing direction 12: [-0.15307337 -0.36955181]
Processing direction 13: [ 0.  -0.4]
Processing direction 14: [ 0.15307337 -0.36955181]
Processing direction 15: [ 0.28284271 -0.28284271]
Processing direction 16: [ 0.36955181 -0.15307337]

=== Step 15 ===
Current position: [1.9612585306167603, 1.926282525062561]
Processing direction 1: [0.4 0. ]
Processing direction 2: [0.36955181 0.15307337]
Processing direction 3: [0.28284271 0.28284271]
Processing direction 4: [0.15307337 0.36955181]
Processing direction 5: [0.  0.4]
Processing direction 6: [-0.15307337  0.36955181]
Processing direction 7: [-0.28284271  0.28284271]
Processing direction 8: [-0.36955181  0.15307337]
Processing direction 9: [-0.4  0. ]
Processing direction 10: [-0.36955181 -0.15307337]
Processing direction 11: [-0.28284271 -0.28284271]
Processing direction 12: [-0.15307337 -0.36955181]
Processing direction 13: [ 0.  -0.4]
Processing direction 14: [ 0.15307337 -0.36955181]
Processing direction 15: [ 0.28284271 -0.28284271]
Processing direction 16: [ 0.36955181 -0.15307337]

=== Step 16 ===
Current position: [2.4023308753967285, 1.73396635055542]
Processing direction 1: [0.4 0. ]
Processing direction 2: [0.36955181 0.15307337]
Processing direction 3: [0.28284271 0.28284271]
Processing direction 4: [0.15307337 0.36955181]
Processing direction 5: [0.  0.4]
Processing direction 6: [-0.15307337  0.36955181]
Processing direction 7: [-0.28284271  0.28284271]
Processing direction 8: [-0.36955181  0.15307337]
Processing direction 9: [-0.4  0. ]
Processing direction 10: [-0.36955181 -0.15307337]
Processing direction 11: [-0.28284271 -0.28284271]
Processing direction 12: [-0.15307337 -0.36955181]
Processing direction 13: [ 0.  -0.4]
Processing direction 14: [ 0.15307337 -0.36955181]
Processing direction 15: [ 0.28284271 -0.28284271]
Processing direction 16: [ 0.36955181 -0.15307337]

=== Step 17 ===
Current position: [2.8123388290405273, 1.606360673904419]
Processing direction 1: [0.4 0. ]
Processing direction 2: [0.36955181 0.15307337]
Processing direction 3: [0.28284271 0.28284271]
Processing direction 4: [0.15307337 0.36955181]
Processing direction 5: [0.  0.4]
Processing direction 6: [-0.15307337  0.36955181]
Processing direction 7: [-0.28284271  0.28284271]
Processing direction 8: [-0.36955181  0.15307337]
Processing direction 9: [-0.4  0. ]
Processing direction 10: [-0.36955181 -0.15307337]
Processing direction 11: [-0.28284271 -0.28284271]
Processing direction 12: [-0.15307337 -0.36955181]
Processing direction 13: [ 0.  -0.4]
Processing direction 14: [ 0.15307337 -0.36955181]
Processing direction 15: [ 0.28284271 -0.28284271]
Processing direction 16: [ 0.36955181 -0.15307337]

=== Step 18 ===
Current position: [2.6294291019439697, 1.8211323022842407]
Processing direction 1: [0.4 0. ]
Processing direction 2: [0.36955181 0.15307337]
Processing direction 3: [0.28284271 0.28284271]
Processing direction 4: [0.15307337 0.36955181]
Processing direction 5: [0.  0.4]
Processing direction 6: [-0.15307337  0.36955181]
Processing direction 7: [-0.28284271  0.28284271]
Processing direction 8: [-0.36955181  0.15307337]
Processing direction 9: [-0.4  0. ]
Processing direction 10: [-0.36955181 -0.15307337]
Processing direction 11: [-0.28284271 -0.28284271]
Processing direction 12: [-0.15307337 -0.36955181]
Processing direction 13: [ 0.  -0.4]
Processing direction 14: [ 0.15307337 -0.36955181]
Processing direction 15: [ 0.28284271 -0.28284271]
Processing direction 16: [ 0.36955181 -0.15307337]

=== Step 19 ===
Current position: [3.0418221950531006, 1.6993576288223267]
Processing direction 1: [0.4 0. ]
Processing direction 2: [0.36955181 0.15307337]
Processing direction 3: [0.28284271 0.28284271]
Processing direction 4: [0.15307337 0.36955181]
Processing direction 5: [0.  0.4]
Processing direction 6: [-0.15307337  0.36955181]
Processing direction 7: [-0.28284271  0.28284271]
Processing direction 8: [-0.36955181  0.15307337]
Processing direction 9: [-0.4  0. ]
Processing direction 10: [-0.36955181 -0.15307337]
Processing direction 11: [-0.28284271 -0.28284271]
Processing direction 12: [-0.15307337 -0.36955181]
Processing direction 13: [ 0.  -0.4]
Processing direction 14: [ 0.15307337 -0.36955181]
Processing direction 15: [ 0.28284271 -0.28284271]
Processing direction 16: [ 0.36955181 -0.15307337]

=== Step 20 ===
Current position: [2.8285348415374756, 1.8419935703277588]
Processing direction 1: [0.4 0. ]
Processing direction 2: [0.36955181 0.15307337]
Processing direction 3: [0.28284271 0.28284271]
Processing direction 4: [0.15307337 0.36955181]
Processing direction 5: [0.  0.4]
Processing direction 6: [-0.15307337  0.36955181]
Processing direction 7: [-0.28284271  0.28284271]
Processing direction 8: [-0.36955181  0.15307337]
Processing direction 9: [-0.4  0. ]
Processing direction 10: [-0.36955181 -0.15307337]
Processing direction 11: [-0.28284271 -0.28284271]
Processing direction 12: [-0.15307337 -0.36955181]
Processing direction 13: [ 0.  -0.4]
Processing direction 14: [ 0.15307337 -0.36955181]
Processing direction 15: [ 0.28284271 -0.28284271]
Processing direction 16: [ 0.36955181 -0.15307337]

=== Step 21 ===
Current position: [2.6138079166412354, 2.1492013931274414]
Processing direction 1: [0.4 0. ]
Processing direction 2: [0.36955181 0.15307337]
Processing direction 3: [0.28284271 0.28284271]
Processing direction 4: [0.15307337 0.36955181]
Processing direction 5: [0.  0.4]
Processing direction 6: [-0.15307337  0.36955181]
Processing direction 7: [-0.28284271  0.28284271]
Processing direction 8: [-0.36955181  0.15307337]
Processing direction 9: [-0.4  0. ]
Processing direction 10: [-0.36955181 -0.15307337]
Processing direction 11: [-0.28284271 -0.28284271]
Processing direction 12: [-0.15307337 -0.36955181]
Processing direction 13: [ 0.  -0.4]
Processing direction 14: [ 0.15307337 -0.36955181]
Processing direction 15: [ 0.28284271 -0.28284271]
Processing direction 16: [ 0.36955181 -0.15307337]

=== Step 22 ===
Current position: [3.175025701522827, 1.9625766277313232]
Processing direction 1: [0.4 0. ]
Processing direction 2: [0.36955181 0.15307337]
Processing direction 3: [0.28284271 0.28284271]
Processing direction 4: [0.15307337 0.36955181]
Processing direction 5: [0.  0.4]
Processing direction 6: [-0.15307337  0.36955181]
Processing direction 7: [-0.28284271  0.28284271]
Processing direction 8: [-0.36955181  0.15307337]
Processing direction 9: [-0.4  0. ]
Processing direction 10: [-0.36955181 -0.15307337]
Processing direction 11: [-0.28284271 -0.28284271]
Processing direction 12: [-0.15307337 -0.36955181]
Processing direction 13: [ 0.  -0.4]
Processing direction 14: [ 0.15307337 -0.36955181]
Processing direction 15: [ 0.28284271 -0.28284271]
Processing direction 16: [ 0.36955181 -0.15307337]

=== Step 23 ===
Current position: [2.892807722091675, 2.2142858505249023]
Processing direction 1: [0.4 0. ]
Processing direction 2: [0.36955181 0.15307337]
Processing direction 3: [0.28284271 0.28284271]
Processing direction 4: [0.15307337 0.36955181]
Processing direction 5: [0.  0.4]
Processing direction 6: [-0.15307337  0.36955181]
Processing direction 7: [-0.28284271  0.28284271]
Processing direction 8: [-0.36955181  0.15307337]
Processing direction 9: [-0.4  0. ]
Processing direction 10: [-0.36955181 -0.15307337]
Processing direction 11: [-0.28284271 -0.28284271]
Processing direction 12: [-0.15307337 -0.36955181]
Processing direction 13: [ 0.  -0.4]
Processing direction 14: [ 0.15307337 -0.36955181]
Processing direction 15: [ 0.28284271 -0.28284271]
Processing direction 16: [ 0.36955181 -0.15307337]

=== Step 24 ===
Current position: [3.280346632003784, 2.533672571182251]
Processing direction 1: [0.4 0. ]
Processing direction 2: [0.36955181 0.15307337]
Processing direction 3: [0.28284271 0.28284271]
Processing direction 4: [0.15307337 0.36955181]
Processing direction 5: [0.  0.4]
Processing direction 6: [-0.15307337  0.36955181]
Processing direction 7: [-0.28284271  0.28284271]
Processing direction 8: [-0.36955181  0.15307337]
Processing direction 9: [-0.4  0. ]
Processing direction 10: [-0.36955181 -0.15307337]
Processing direction 11: [-0.28284271 -0.28284271]
Processing direction 12: [-0.15307337 -0.36955181]
Processing direction 13: [ 0.  -0.4]
Processing direction 14: [ 0.15307337 -0.36955181]
Processing direction 15: [ 0.28284271 -0.28284271]
Processing direction 16: [ 0.36955181 -0.15307337]

=== Step 25 ===
Current position: [3.5666110515594482, 2.839703321456909]
Processing direction 1: [0.4 0. ]
Processing direction 2: [0.36955181 0.15307337]
Processing direction 3: [0.28284271 0.28284271]
Processing direction 4: [0.15307337 0.36955181]
Processing direction 5: [0.  0.4]
Processing direction 6: [-0.15307337  0.36955181]
Processing direction 7: [-0.28284271  0.28284271]
Processing direction 8: [-0.36955181  0.15307337]
Processing direction 9: [-0.4  0. ]
Processing direction 10: [-0.36955181 -0.15307337]
Processing direction 11: [-0.28284271 -0.28284271]
Processing direction 12: [-0.15307337 -0.36955181]
Processing direction 13: [ 0.  -0.4]
Processing direction 14: [ 0.15307337 -0.36955181]
Processing direction 15: [ 0.28284271 -0.28284271]
Processing direction 16: [ 0.36955181 -0.15307337]

=== Step 26 ===
Current position: [3.766780138015747, 3.085507392883301]
Processing direction 1: [0.4 0. ]
Processing direction 2: [0.36955181 0.15307337]
Processing direction 3: [0.28284271 0.28284271]
Processing direction 4: [0.15307337 0.36955181]
Processing direction 5: [0.  0.4]
Processing direction 6: [-0.15307337  0.36955181]
Processing direction 7: [-0.28284271  0.28284271]
Processing direction 8: [-0.36955181  0.15307337]
Processing direction 9: [-0.4  0. ]
Processing direction 10: [-0.36955181 -0.15307337]
Processing direction 11: [-0.28284271 -0.28284271]
Processing direction 12: [-0.15307337 -0.36955181]
Processing direction 13: [ 0.  -0.4]
Processing direction 14: [ 0.15307337 -0.36955181]
Processing direction 15: [ 0.28284271 -0.28284271]
Processing direction 16: [ 0.36955181 -0.15307337]

=== Step 27 ===
Current position: [4.080231189727783, 3.317330837249756]
Processing direction 1: [0.4 0. ]
Processing direction 2: [0.36955181 0.15307337]
Processing direction 3: [0.28284271 0.28284271]
Processing direction 4: [0.15307337 0.36955181]
Processing direction 5: [0.  0.4]
Processing direction 6: [-0.15307337  0.36955181]
Processing direction 7: [-0.28284271  0.28284271]
Processing direction 8: [-0.36955181  0.15307337]
Processing direction 9: [-0.4  0. ]
Processing direction 10: [-0.36955181 -0.15307337]
Processing direction 11: [-0.28284271 -0.28284271]
Processing direction 12: [-0.15307337 -0.36955181]
Processing direction 13: [ 0.  -0.4]
Processing direction 14: [ 0.15307337 -0.36955181]
Processing direction 15: [ 0.28284271 -0.28284271]
Processing direction 16: [ 0.36955181 -0.15307337]

=== Step 28 ===
Current position: [4.163730144500732, 3.4817323684692383]
Processing direction 1: [0.4 0. ]
Processing direction 2: [0.36955181 0.15307337]
Processing direction 3: [0.28284271 0.28284271]
Processing direction 4: [0.15307337 0.36955181]
Processing direction 5: [0.  0.4]
Processing direction 6: [-0.15307337  0.36955181]
Processing direction 7: [-0.28284271  0.28284271]
Processing direction 8: [-0.36955181  0.15307337]
Processing direction 9: [-0.4  0. ]
Processing direction 10: [-0.36955181 -0.15307337]
Processing direction 11: [-0.28284271 -0.28284271]
Processing direction 12: [-0.15307337 -0.36955181]
Processing direction 13: [ 0.  -0.4]
Processing direction 14: [ 0.15307337 -0.36955181]
Processing direction 15: [ 0.28284271 -0.28284271]
Processing direction 16: [ 0.36955181 -0.15307337]

=== Step 29 ===
Current position: [4.336114883422852, 3.7102882862091064]
Processing direction 1: [0.4 0. ]
Processing direction 2: [0.36955181 0.15307337]
Processing direction 3: [0.28284271 0.28284271]
Processing direction 4: [0.15307337 0.36955181]
Processing direction 5: [0.  0.4]
Processing direction 6: [-0.15307337  0.36955181]
Processing direction 7: [-0.28284271  0.28284271]
Processing direction 8: [-0.36955181  0.15307337]
Processing direction 9: [-0.4  0. ]
Processing direction 10: [-0.36955181 -0.15307337]
Processing direction 11: [-0.28284271 -0.28284271]
Processing direction 12: [-0.15307337 -0.36955181]
Processing direction 13: [ 0.  -0.4]
Processing direction 14: [ 0.15307337 -0.36955181]
Processing direction 15: [ 0.28284271 -0.28284271]
Processing direction 16: [ 0.36955181 -0.15307337]

=== Step 30 ===
Current position: [4.496498107910156, 3.88691782951355]
Processing direction 1: [0.4 0. ]
Processing direction 2: [0.36955181 0.15307337]
Processing direction 3: [0.28284271 0.28284271]
Processing direction 4: [0.15307337 0.36955181]
Processing direction 5: [0.  0.4]
Processing direction 6: [-0.15307337  0.36955181]
Processing direction 7: [-0.28284271  0.28284271]
Processing direction 8: [-0.36955181  0.15307337]
Processing direction 9: [-0.4  0. ]
Processing direction 10: [-0.36955181 -0.15307337]
Processing direction 11: [-0.28284271 -0.28284271]
Processing direction 12: [-0.15307337 -0.36955181]
Processing direction 13: [ 0.  -0.4]
Processing direction 14: [ 0.15307337 -0.36955181]
Processing direction 15: [ 0.28284271 -0.28284271]
Processing direction 16: [ 0.36955181 -0.15307337]

=== Step 31 ===
Current position: [4.677399158477783, 4.08384895324707]
Processing direction 1: [0.4 0. ]
Processing direction 2: [0.36955181 0.15307337]
Processing direction 3: [0.28284271 0.28284271]
Processing direction 4: [0.15307337 0.36955181]
Processing direction 5: [0.  0.4]
Processing direction 6: [-0.15307337  0.36955181]
Processing direction 7: [-0.28284271  0.28284271]
Processing direction 8: [-0.36955181  0.15307337]
Processing direction 9: [-0.4  0. ]
Processing direction 10: [-0.36955181 -0.15307337]
Processing direction 11: [-0.28284271 -0.28284271]
Processing direction 12: [-0.15307337 -0.36955181]
Processing direction 13: [ 0.  -0.4]
Processing direction 14: [ 0.15307337 -0.36955181]
Processing direction 15: [ 0.28284271 -0.28284271]
Processing direction 16: [ 0.36955181 -0.15307337]

=== Step 32 ===
Current position: [4.746479034423828, 4.313294887542725]
Processing direction 1: [0.4 0. ]
Processing direction 2: [0.36955181 0.15307337]
Processing direction 3: [0.28284271 0.28284271]
Processing direction 4: [0.15307337 0.36955181]
Processing direction 5: [0.  0.4]
Processing direction 6: [-0.15307337  0.36955181]
Processing direction 7: [-0.28284271  0.28284271]
Processing direction 8: [-0.36955181  0.15307337]
Processing direction 9: [-0.4  0. ]
Processing direction 10: [-0.36955181 -0.15307337]
Processing direction 11: [-0.28284271 -0.28284271]
Processing direction 12: [-0.15307337 -0.36955181]
Processing direction 13: [ 0.  -0.4]
Processing direction 14: [ 0.15307337 -0.36955181]
Processing direction 15: [ 0.28284271 -0.28284271]
Processing direction 16: [ 0.36955181 -0.15307337]

=== Step 33 ===
Current position: [4.746973037719727, 4.605590343475342]
Processing direction 1: [0.4 0. ]
Processing direction 2: [0.36955181 0.15307337]
Processing direction 3: [0.28284271 0.28284271]
Processing direction 4: [0.15307337 0.36955181]
Processing direction 5: [0.  0.4]
Processing direction 6: [-0.15307337  0.36955181]
Processing direction 7: [-0.28284271  0.28284271]
Processing direction 8: [-0.36955181  0.15307337]
Processing direction 9: [-0.4  0. ]
Processing direction 10: [-0.36955181 -0.15307337]
Processing direction 11: [-0.28284271 -0.28284271]
Processing direction 12: [-0.15307337 -0.36955181]
Processing direction 13: [ 0.  -0.4]
Processing direction 14: [ 0.15307337 -0.36955181]
Processing direction 15: [ 0.28284271 -0.28284271]
Processing direction 16: [ 0.36955181 -0.15307337]

=== Step 34 ===
Current position: [4.49376916885376, 4.741299629211426]
Processing direction 1: [0.4 0. ]
Processing direction 2: [0.36955181 0.15307337]
Processing direction 3: [0.28284271 0.28284271]
Processing direction 4: [0.15307337 0.36955181]
Processing direction 5: [0.  0.4]
Processing direction 6: [-0.15307337  0.36955181]
Processing direction 7: [-0.28284271  0.28284271]
Processing direction 8: [-0.36955181  0.15307337]
Processing direction 9: [-0.4  0. ]
Processing direction 10: [-0.36955181 -0.15307337]
Processing direction 11: [-0.28284271 -0.28284271]
Processing direction 12: [-0.15307337 -0.36955181]
Processing direction 13: [ 0.  -0.4]
Processing direction 14: [ 0.15307337 -0.36955181]
Processing direction 15: [ 0.28284271 -0.28284271]
Processing direction 16: [ 0.36955181 -0.15307337]

=== Step 35 ===
Current position: [4.929268836975098, 4.729872226715088]
Processing direction 1: [0.4 0. ]
Processing direction 2: [0.36955181 0.15307337]
Processing direction 3: [0.28284271 0.28284271]
Processing direction 4: [0.15307337 0.36955181]
Processing direction 5: [0.  0.4]
Processing direction 6: [-0.15307337  0.36955181]
Processing direction 7: [-0.28284271  0.28284271]
Processing direction 8: [-0.36955181  0.15307337]
Processing direction 9: [-0.4  0. ]
Processing direction 10: [-0.36955181 -0.15307337]
Processing direction 11: [-0.28284271 -0.28284271]
Processing direction 12: [-0.15307337 -0.36955181]
Processing direction 13: [ 0.  -0.4]
Processing direction 14: [ 0.15307337 -0.36955181]
Processing direction 15: [ 0.28284271 -0.28284271]
Processing direction 16: [ 0.36955181 -0.15307337]

=== Step 36 ===
Current position: [4.717111587524414, 4.816769123077393]
Processing direction 1: [0.4 0. ]
Processing direction 2: [0.36955181 0.15307337]
Processing direction 3: [0.28284271 0.28284271]
Processing direction 4: [0.15307337 0.36955181]
Processing direction 5: [0.  0.4]
Processing direction 6: [-0.15307337  0.36955181]
Processing direction 7: [-0.28284271  0.28284271]
Processing direction 8: [-0.36955181  0.15307337]
Processing direction 9: [-0.4  0. ]
Processing direction 10: [-0.36955181 -0.15307337]
Processing direction 11: [-0.28284271 -0.28284271]
Processing direction 12: [-0.15307337 -0.36955181]
Processing direction 13: [ 0.  -0.4]
Processing direction 14: [ 0.15307337 -0.36955181]
Processing direction 15: [ 0.28284271 -0.28284271]
Processing direction 16: [ 0.36955181 -0.15307337]

=== Step 37 ===
Current position: [5.145726203918457, 4.8209099769592285]
Processing direction 1: [0.4 0. ]
Processing direction 2: [0.36955181 0.15307337]
Processing direction 3: [0.28284271 0.28284271]
Processing direction 4: [0.15307337 0.36955181]
Processing direction 5: [0.  0.4]
Processing direction 6: [-0.15307337  0.36955181]
Processing direction 7: [-0.28284271  0.28284271]
Processing direction 8: [-0.36955181  0.15307337]
Processing direction 9: [-0.4  0. ]
Processing direction 10: [-0.36955181 -0.15307337]
Processing direction 11: [-0.28284271 -0.28284271]
Processing direction 12: [-0.15307337 -0.36955181]
Processing direction 13: [ 0.  -0.4]
Processing direction 14: [ 0.15307337 -0.36955181]
Processing direction 15: [ 0.28284271 -0.28284271]
Processing direction 16: [ 0.36955181 -0.15307337]

=== Step 38 ===
Current position: [4.943254470825195, 4.8956732749938965]
Processing direction 1: [0.4 0. ]
Processing direction 2: [0.36955181 0.15307337]
Processing direction 3: [0.28284271 0.28284271]
Processing direction 4: [0.15307337 0.36955181]
Processing direction 5: [0.  0.4]
Processing direction 6: [-0.15307337  0.36955181]
Processing direction 7: [-0.28284271  0.28284271]
Processing direction 8: [-0.36955181  0.15307337]
Processing direction 9: [-0.4  0. ]
Processing direction 10: [-0.36955181 -0.15307337]
Processing direction 11: [-0.28284271 -0.28284271]
Processing direction 12: [-0.15307337 -0.36955181]
Processing direction 13: [ 0.  -0.4]
Processing direction 14: [ 0.15307337 -0.36955181]
Processing direction 15: [ 0.28284271 -0.28284271]
Processing direction 16: [ 0.36955181 -0.15307337]

=== Step 39 ===
Current position: [4.728663921356201, 4.9590044021606445]
Processing direction 1: [0.4 0. ]
Processing direction 2: [0.36955181 0.15307337]
Processing direction 3: [0.28284271 0.28284271]
Processing direction 4: [0.15307337 0.36955181]
Processing direction 5: [0.  0.4]
Processing direction 6: [-0.15307337  0.36955181]
Processing direction 7: [-0.28284271  0.28284271]
Processing direction 8: [-0.36955181  0.15307337]
Processing direction 9: [-0.4  0. ]
Processing direction 10: [-0.36955181 -0.15307337]
Processing direction 11: [-0.28284271 -0.28284271]
Processing direction 12: [-0.15307337 -0.36955181]
Processing direction 13: [ 0.  -0.4]
Processing direction 14: [ 0.15307337 -0.36955181]
Processing direction 15: [ 0.28284271 -0.28284271]
Processing direction 16: [ 0.36955181 -0.15307337]

Path Sampling Completed! Conditions of step size 0.4 and directions 16

=== Step 0 ===
Current position: [0.5, 2.0]
Processing direction 1: [0.4 0. ]
Processing direction 2: [0.39231411 0.07803613]
Processing direction 3: [0.36955181 0.15307337]
Processing direction 4: [0.33258784 0.22222809]
Processing direction 5: [0.28284271 0.28284271]
Processing direction 6: [0.22222809 0.33258784]
Processing direction 7: [0.15307337 0.36955181]
Processing direction 8: [0.07803613 0.39231411]
Processing direction 9: [2.4492936e-17 4.0000000e-01]
Processing direction 10: [-0.07803613  0.39231411]
Processing direction 11: [-0.15307337  0.36955181]
Processing direction 12: [-0.22222809  0.33258784]
Processing direction 13: [-0.28284271  0.28284271]
Processing direction 14: [-0.33258784  0.22222809]
Processing direction 15: [-0.36955181  0.15307337]
Processing direction 16: [-0.39231411  0.07803613]
Processing direction 17: [-4.0000000e-01  4.8985872e-17]
Processing direction 18: [-0.39231411 -0.07803613]
Processing direction 19: [-0.36955181 -0.15307337]
Processing direction 20: [-0.33258784 -0.22222809]
Processing direction 21: [-0.28284271 -0.28284271]
Processing direction 22: [-0.22222809 -0.33258784]
Processing direction 23: [-0.15307337 -0.36955181]
Processing direction 24: [-0.07803613 -0.39231411]
Processing direction 25: [-7.34788079e-17 -4.00000000e-01]
Processing direction 26: [ 0.07803613 -0.39231411]
Processing direction 27: [ 0.15307337 -0.36955181]
Processing direction 28: [ 0.22222809 -0.33258784]
Processing direction 29: [ 0.28284271 -0.28284271]
Processing direction 30: [ 0.33258784 -0.22222809]
Processing direction 31: [ 0.36955181 -0.15307337]
Processing direction 32: [ 0.39231411 -0.07803613]

=== Step 1 ===
Current position: [0.8351902961730957, 1.8173942565917969]
Processing direction 1: [0.4 0. ]
Processing direction 2: [0.39231411 0.07803613]
Processing direction 3: [0.36955181 0.15307337]
Processing direction 4: [0.33258784 0.22222809]
Processing direction 5: [0.28284271 0.28284271]
Processing direction 6: [0.22222809 0.33258784]
Processing direction 7: [0.15307337 0.36955181]
Processing direction 8: [0.07803613 0.39231411]
Processing direction 9: [2.4492936e-17 4.0000000e-01]
Processing direction 10: [-0.07803613  0.39231411]
Processing direction 11: [-0.15307337  0.36955181]
Processing direction 12: [-0.22222809  0.33258784]
Processing direction 13: [-0.28284271  0.28284271]
Processing direction 14: [-0.33258784  0.22222809]
Processing direction 15: [-0.36955181  0.15307337]
Processing direction 16: [-0.39231411  0.07803613]
Processing direction 17: [-4.0000000e-01  4.8985872e-17]
Processing direction 18: [-0.39231411 -0.07803613]
Processing direction 19: [-0.36955181 -0.15307337]
Processing direction 20: [-0.33258784 -0.22222809]
Processing direction 21: [-0.28284271 -0.28284271]
Processing direction 22: [-0.22222809 -0.33258784]
Processing direction 23: [-0.15307337 -0.36955181]
Processing direction 24: [-0.07803613 -0.39231411]
Processing direction 25: [-7.34788079e-17 -4.00000000e-01]
Processing direction 26: [ 0.07803613 -0.39231411]
Processing direction 27: [ 0.15307337 -0.36955181]
Processing direction 28: [ 0.22222809 -0.33258784]
Processing direction 29: [ 0.28284271 -0.28284271]
Processing direction 30: [ 0.33258784 -0.22222809]
Processing direction 31: [ 0.36955181 -0.15307337]
Processing direction 32: [ 0.39231411 -0.07803613]

=== Step 2 ===
Current position: [0.6820220947265625, 2.113569736480713]
Processing direction 1: [0.4 0. ]
Processing direction 2: [0.39231411 0.07803613]
Processing direction 3: [0.36955181 0.15307337]
Processing direction 4: [0.33258784 0.22222809]
Processing direction 5: [0.28284271 0.28284271]
Processing direction 6: [0.22222809 0.33258784]
Processing direction 7: [0.15307337 0.36955181]
Processing direction 8: [0.07803613 0.39231411]
Processing direction 9: [2.4492936e-17 4.0000000e-01]
Processing direction 10: [-0.07803613  0.39231411]
Processing direction 11: [-0.15307337  0.36955181]
Processing direction 12: [-0.22222809  0.33258784]
Processing direction 13: [-0.28284271  0.28284271]
Processing direction 14: [-0.33258784  0.22222809]
Processing direction 15: [-0.36955181  0.15307337]
Processing direction 16: [-0.39231411  0.07803613]
Processing direction 17: [-4.0000000e-01  4.8985872e-17]
Processing direction 18: [-0.39231411 -0.07803613]
Processing direction 19: [-0.36955181 -0.15307337]
Processing direction 20: [-0.33258784 -0.22222809]
Processing direction 21: [-0.28284271 -0.28284271]
Processing direction 22: [-0.22222809 -0.33258784]
Processing direction 23: [-0.15307337 -0.36955181]
Processing direction 24: [-0.07803613 -0.39231411]
Processing direction 25: [-7.34788079e-17 -4.00000000e-01]
Processing direction 26: [ 0.07803613 -0.39231411]
Processing direction 27: [ 0.15307337 -0.36955181]
Processing direction 28: [ 0.22222809 -0.33258784]
Processing direction 29: [ 0.28284271 -0.28284271]
Processing direction 30: [ 0.33258784 -0.22222809]
Processing direction 31: [ 0.36955181 -0.15307337]
Processing direction 32: [ 0.39231411 -0.07803613]

=== Step 3 ===
Current position: [0.9387333393096924, 1.9192612171173096]
Processing direction 1: [0.4 0. ]
Processing direction 2: [0.39231411 0.07803613]
Processing direction 3: [0.36955181 0.15307337]
Processing direction 4: [0.33258784 0.22222809]
Processing direction 5: [0.28284271 0.28284271]
Processing direction 6: [0.22222809 0.33258784]
Processing direction 7: [0.15307337 0.36955181]
Processing direction 8: [0.07803613 0.39231411]
Processing direction 9: [2.4492936e-17 4.0000000e-01]
Processing direction 10: [-0.07803613  0.39231411]
Processing direction 11: [-0.15307337  0.36955181]
Processing direction 12: [-0.22222809  0.33258784]
Processing direction 13: [-0.28284271  0.28284271]
Processing direction 14: [-0.33258784  0.22222809]
Processing direction 15: [-0.36955181  0.15307337]
Processing direction 16: [-0.39231411  0.07803613]
Processing direction 17: [-4.0000000e-01  4.8985872e-17]
Processing direction 18: [-0.39231411 -0.07803613]
Processing direction 19: [-0.36955181 -0.15307337]
Processing direction 20: [-0.33258784 -0.22222809]
Processing direction 21: [-0.28284271 -0.28284271]
Processing direction 22: [-0.22222809 -0.33258784]
Processing direction 23: [-0.15307337 -0.36955181]
Processing direction 24: [-0.07803613 -0.39231411]
Processing direction 25: [-7.34788079e-17 -4.00000000e-01]
Processing direction 26: [ 0.07803613 -0.39231411]
Processing direction 27: [ 0.15307337 -0.36955181]
Processing direction 28: [ 0.22222809 -0.33258784]
Processing direction 29: [ 0.28284271 -0.28284271]
Processing direction 30: [ 0.33258784 -0.22222809]
Processing direction 31: [ 0.36955181 -0.15307337]
Processing direction 32: [ 0.39231411 -0.07803613]

=== Step 4 ===
Current position: [0.7420178055763245, 2.1636621952056885]
Processing direction 1: [0.4 0. ]
Processing direction 2: [0.39231411 0.07803613]
Processing direction 3: [0.36955181 0.15307337]
Processing direction 4: [0.33258784 0.22222809]
Processing direction 5: [0.28284271 0.28284271]
Processing direction 6: [0.22222809 0.33258784]
Processing direction 7: [0.15307337 0.36955181]
Processing direction 8: [0.07803613 0.39231411]
Processing direction 9: [2.4492936e-17 4.0000000e-01]
Processing direction 10: [-0.07803613  0.39231411]
Processing direction 11: [-0.15307337  0.36955181]
Processing direction 12: [-0.22222809  0.33258784]
Processing direction 13: [-0.28284271  0.28284271]
Processing direction 14: [-0.33258784  0.22222809]
Processing direction 15: [-0.36955181  0.15307337]
Processing direction 16: [-0.39231411  0.07803613]
Processing direction 17: [-4.0000000e-01  4.8985872e-17]
Processing direction 18: [-0.39231411 -0.07803613]
Processing direction 19: [-0.36955181 -0.15307337]
Processing direction 20: [-0.33258784 -0.22222809]
Processing direction 21: [-0.28284271 -0.28284271]
Processing direction 22: [-0.22222809 -0.33258784]
Processing direction 23: [-0.15307337 -0.36955181]
Processing direction 24: [-0.07803613 -0.39231411]
Processing direction 25: [-7.34788079e-17 -4.00000000e-01]
Processing direction 26: [ 0.07803613 -0.39231411]
Processing direction 27: [ 0.15307337 -0.36955181]
Processing direction 28: [ 0.22222809 -0.33258784]
Processing direction 29: [ 0.28284271 -0.28284271]
Processing direction 30: [ 0.33258784 -0.22222809]
Processing direction 31: [ 0.36955181 -0.15307337]
Processing direction 32: [ 0.39231411 -0.07803613]

=== Step 5 ===
Current position: [1.0442988872528076, 1.864890456199646]
Processing direction 1: [0.4 0. ]
Processing direction 2: [0.39231411 0.07803613]
Processing direction 3: [0.36955181 0.15307337]
Processing direction 4: [0.33258784 0.22222809]
Processing direction 5: [0.28284271 0.28284271]
Processing direction 6: [0.22222809 0.33258784]
Processing direction 7: [0.15307337 0.36955181]
Processing direction 8: [0.07803613 0.39231411]
Processing direction 9: [2.4492936e-17 4.0000000e-01]
Processing direction 10: [-0.07803613  0.39231411]
Processing direction 11: [-0.15307337  0.36955181]
Processing direction 12: [-0.22222809  0.33258784]
Processing direction 13: [-0.28284271  0.28284271]
Processing direction 14: [-0.33258784  0.22222809]
Processing direction 15: [-0.36955181  0.15307337]
Processing direction 16: [-0.39231411  0.07803613]
Processing direction 17: [-4.0000000e-01  4.8985872e-17]
Processing direction 18: [-0.39231411 -0.07803613]
Processing direction 19: [-0.36955181 -0.15307337]
Processing direction 20: [-0.33258784 -0.22222809]
Processing direction 21: [-0.28284271 -0.28284271]
Processing direction 22: [-0.22222809 -0.33258784]
Processing direction 23: [-0.15307337 -0.36955181]
Processing direction 24: [-0.07803613 -0.39231411]
Processing direction 25: [-7.34788079e-17 -4.00000000e-01]
Processing direction 26: [ 0.07803613 -0.39231411]
Processing direction 27: [ 0.15307337 -0.36955181]
Processing direction 28: [ 0.22222809 -0.33258784]
Processing direction 29: [ 0.28284271 -0.28284271]
Processing direction 30: [ 0.33258784 -0.22222809]
Processing direction 31: [ 0.36955181 -0.15307337]
Processing direction 32: [ 0.39231411 -0.07803613]

=== Step 6 ===
Current position: [0.8129563927650452, 2.1930150985717773]
Processing direction 1: [0.4 0. ]
Processing direction 2: [0.39231411 0.07803613]
Processing direction 3: [0.36955181 0.15307337]
Processing direction 4: [0.33258784 0.22222809]
Processing direction 5: [0.28284271 0.28284271]
Processing direction 6: [0.22222809 0.33258784]
Processing direction 7: [0.15307337 0.36955181]
Processing direction 8: [0.07803613 0.39231411]
Processing direction 9: [2.4492936e-17 4.0000000e-01]
Processing direction 10: [-0.07803613  0.39231411]
Processing direction 11: [-0.15307337  0.36955181]
Processing direction 12: [-0.22222809  0.33258784]
Processing direction 13: [-0.28284271  0.28284271]
Processing direction 14: [-0.33258784  0.22222809]
Processing direction 15: [-0.36955181  0.15307337]
Processing direction 16: [-0.39231411  0.07803613]
Processing direction 17: [-4.0000000e-01  4.8985872e-17]
Processing direction 18: [-0.39231411 -0.07803613]
Processing direction 19: [-0.36955181 -0.15307337]
Processing direction 20: [-0.33258784 -0.22222809]
Processing direction 21: [-0.28284271 -0.28284271]
Processing direction 22: [-0.22222809 -0.33258784]
Processing direction 23: [-0.15307337 -0.36955181]
Processing direction 24: [-0.07803613 -0.39231411]
Processing direction 25: [-7.34788079e-17 -4.00000000e-01]
Processing direction 26: [ 0.07803613 -0.39231411]
Processing direction 27: [ 0.15307337 -0.36955181]
Processing direction 28: [ 0.22222809 -0.33258784]
Processing direction 29: [ 0.28284271 -0.28284271]
Processing direction 30: [ 0.33258784 -0.22222809]
Processing direction 31: [ 0.36955181 -0.15307337]
Processing direction 32: [ 0.39231411 -0.07803613]

=== Step 7 ===
Current position: [1.1047093868255615, 1.975399374961853]
Processing direction 1: [0.4 0. ]
Processing direction 2: [0.39231411 0.07803613]
Processing direction 3: [0.36955181 0.15307337]
Processing direction 4: [0.33258784 0.22222809]
Processing direction 5: [0.28284271 0.28284271]
Processing direction 6: [0.22222809 0.33258784]
Processing direction 7: [0.15307337 0.36955181]
Processing direction 8: [0.07803613 0.39231411]
Processing direction 9: [2.4492936e-17 4.0000000e-01]
Processing direction 10: [-0.07803613  0.39231411]
Processing direction 11: [-0.15307337  0.36955181]
Processing direction 12: [-0.22222809  0.33258784]
Processing direction 13: [-0.28284271  0.28284271]
Processing direction 14: [-0.33258784  0.22222809]
Processing direction 15: [-0.36955181  0.15307337]
Processing direction 16: [-0.39231411  0.07803613]
Processing direction 17: [-4.0000000e-01  4.8985872e-17]
Processing direction 18: [-0.39231411 -0.07803613]
Processing direction 19: [-0.36955181 -0.15307337]
Processing direction 20: [-0.33258784 -0.22222809]
Processing direction 21: [-0.28284271 -0.28284271]
Processing direction 22: [-0.22222809 -0.33258784]
Processing direction 23: [-0.15307337 -0.36955181]
Processing direction 24: [-0.07803613 -0.39231411]
Processing direction 25: [-7.34788079e-17 -4.00000000e-01]
Processing direction 26: [ 0.07803613 -0.39231411]
Processing direction 27: [ 0.15307337 -0.36955181]
Processing direction 28: [ 0.22222809 -0.33258784]
Processing direction 29: [ 0.28284271 -0.28284271]
Processing direction 30: [ 0.33258784 -0.22222809]
Processing direction 31: [ 0.36955181 -0.15307337]
Processing direction 32: [ 0.39231411 -0.07803613]

=== Step 8 ===
Current position: [0.895927906036377, 2.360724687576294]
Processing direction 1: [0.4 0. ]
Processing direction 2: [0.39231411 0.07803613]
Processing direction 3: [0.36955181 0.15307337]
Processing direction 4: [0.33258784 0.22222809]
Processing direction 5: [0.28284271 0.28284271]
Processing direction 6: [0.22222809 0.33258784]
Processing direction 7: [0.15307337 0.36955181]
Processing direction 8: [0.07803613 0.39231411]
Processing direction 9: [2.4492936e-17 4.0000000e-01]
Processing direction 10: [-0.07803613  0.39231411]
Processing direction 11: [-0.15307337  0.36955181]
Processing direction 12: [-0.22222809  0.33258784]
Processing direction 13: [-0.28284271  0.28284271]
Processing direction 14: [-0.33258784  0.22222809]
Processing direction 15: [-0.36955181  0.15307337]
Processing direction 16: [-0.39231411  0.07803613]
Processing direction 17: [-4.0000000e-01  4.8985872e-17]
Processing direction 18: [-0.39231411 -0.07803613]
Processing direction 19: [-0.36955181 -0.15307337]
Processing direction 20: [-0.33258784 -0.22222809]
Processing direction 21: [-0.28284271 -0.28284271]
Processing direction 22: [-0.22222809 -0.33258784]
Processing direction 23: [-0.15307337 -0.36955181]
Processing direction 24: [-0.07803613 -0.39231411]
Processing direction 25: [-7.34788079e-17 -4.00000000e-01]
Processing direction 26: [ 0.07803613 -0.39231411]
Processing direction 27: [ 0.15307337 -0.36955181]
Processing direction 28: [ 0.22222809 -0.33258784]
Processing direction 29: [ 0.28284271 -0.28284271]
Processing direction 30: [ 0.33258784 -0.22222809]
Processing direction 31: [ 0.36955181 -0.15307337]
Processing direction 32: [ 0.39231411 -0.07803613]

=== Step 9 ===
Current position: [1.144214153289795, 2.0619192123413086]
Processing direction 1: [0.4 0. ]
Processing direction 2: [0.39231411 0.07803613]
Processing direction 3: [0.36955181 0.15307337]
Processing direction 4: [0.33258784 0.22222809]
Processing direction 5: [0.28284271 0.28284271]
Processing direction 6: [0.22222809 0.33258784]
Processing direction 7: [0.15307337 0.36955181]
Processing direction 8: [0.07803613 0.39231411]
Processing direction 9: [2.4492936e-17 4.0000000e-01]
Processing direction 10: [-0.07803613  0.39231411]
Processing direction 11: [-0.15307337  0.36955181]
Processing direction 12: [-0.22222809  0.33258784]
Processing direction 13: [-0.28284271  0.28284271]
Processing direction 14: [-0.33258784  0.22222809]
Processing direction 15: [-0.36955181  0.15307337]
Processing direction 16: [-0.39231411  0.07803613]
Processing direction 17: [-4.0000000e-01  4.8985872e-17]
Processing direction 18: [-0.39231411 -0.07803613]
Processing direction 19: [-0.36955181 -0.15307337]
Processing direction 20: [-0.33258784 -0.22222809]
Processing direction 21: [-0.28284271 -0.28284271]
Processing direction 22: [-0.22222809 -0.33258784]
Processing direction 23: [-0.15307337 -0.36955181]
Processing direction 24: [-0.07803613 -0.39231411]
Processing direction 25: [-7.34788079e-17 -4.00000000e-01]
Processing direction 26: [ 0.07803613 -0.39231411]
Processing direction 27: [ 0.15307337 -0.36955181]
Processing direction 28: [ 0.22222809 -0.33258784]
Processing direction 29: [ 0.28284271 -0.28284271]
Processing direction 30: [ 0.33258784 -0.22222809]
Processing direction 31: [ 0.36955181 -0.15307337]
Processing direction 32: [ 0.39231411 -0.07803613]

=== Step 10 ===
Current position: [1.4340791702270508, 1.8143881559371948]
Processing direction 1: [0.4 0. ]
Processing direction 2: [0.39231411 0.07803613]
Processing direction 3: [0.36955181 0.15307337]
Processing direction 4: [0.33258784 0.22222809]
Processing direction 5: [0.28284271 0.28284271]
Processing direction 6: [0.22222809 0.33258784]
Processing direction 7: [0.15307337 0.36955181]
Processing direction 8: [0.07803613 0.39231411]
Processing direction 9: [2.4492936e-17 4.0000000e-01]
Processing direction 10: [-0.07803613  0.39231411]
Processing direction 11: [-0.15307337  0.36955181]
Processing direction 12: [-0.22222809  0.33258784]
Processing direction 13: [-0.28284271  0.28284271]
Processing direction 14: [-0.33258784  0.22222809]
Processing direction 15: [-0.36955181  0.15307337]
Processing direction 16: [-0.39231411  0.07803613]
Processing direction 17: [-4.0000000e-01  4.8985872e-17]
Processing direction 18: [-0.39231411 -0.07803613]
Processing direction 19: [-0.36955181 -0.15307337]
Processing direction 20: [-0.33258784 -0.22222809]
Processing direction 21: [-0.28284271 -0.28284271]
Processing direction 22: [-0.22222809 -0.33258784]
Processing direction 23: [-0.15307337 -0.36955181]
Processing direction 24: [-0.07803613 -0.39231411]
Processing direction 25: [-7.34788079e-17 -4.00000000e-01]
Processing direction 26: [ 0.07803613 -0.39231411]
Processing direction 27: [ 0.15307337 -0.36955181]
Processing direction 28: [ 0.22222809 -0.33258784]
Processing direction 29: [ 0.28284271 -0.28284271]
Processing direction 30: [ 0.33258784 -0.22222809]
Processing direction 31: [ 0.36955181 -0.15307337]
Processing direction 32: [ 0.39231411 -0.07803613]

=== Step 11 ===
Current position: [1.2967898845672607, 2.0472042560577393]
Processing direction 1: [0.4 0. ]
Processing direction 2: [0.39231411 0.07803613]
Processing direction 3: [0.36955181 0.15307337]
Processing direction 4: [0.33258784 0.22222809]
Processing direction 5: [0.28284271 0.28284271]
Processing direction 6: [0.22222809 0.33258784]
Processing direction 7: [0.15307337 0.36955181]
Processing direction 8: [0.07803613 0.39231411]
Processing direction 9: [2.4492936e-17 4.0000000e-01]
Processing direction 10: [-0.07803613  0.39231411]
Processing direction 11: [-0.15307337  0.36955181]
Processing direction 12: [-0.22222809  0.33258784]
Processing direction 13: [-0.28284271  0.28284271]
Processing direction 14: [-0.33258784  0.22222809]
Processing direction 15: [-0.36955181  0.15307337]
Processing direction 16: [-0.39231411  0.07803613]
Processing direction 17: [-4.0000000e-01  4.8985872e-17]
Processing direction 18: [-0.39231411 -0.07803613]
Processing direction 19: [-0.36955181 -0.15307337]
Processing direction 20: [-0.33258784 -0.22222809]
Processing direction 21: [-0.28284271 -0.28284271]
Processing direction 22: [-0.22222809 -0.33258784]
Processing direction 23: [-0.15307337 -0.36955181]
Processing direction 24: [-0.07803613 -0.39231411]
Processing direction 25: [-7.34788079e-17 -4.00000000e-01]
Processing direction 26: [ 0.07803613 -0.39231411]
Processing direction 27: [ 0.15307337 -0.36955181]
Processing direction 28: [ 0.22222809 -0.33258784]
Processing direction 29: [ 0.28284271 -0.28284271]
Processing direction 30: [ 0.33258784 -0.22222809]
Processing direction 31: [ 0.36955181 -0.15307337]
Processing direction 32: [ 0.39231411 -0.07803613]

=== Step 12 ===
Current position: [1.1294900178909302, 2.318791389465332]
Processing direction 1: [0.4 0. ]
Processing direction 2: [0.39231411 0.07803613]
Processing direction 3: [0.36955181 0.15307337]
Processing direction 4: [0.33258784 0.22222809]
Processing direction 5: [0.28284271 0.28284271]
Processing direction 6: [0.22222809 0.33258784]
Processing direction 7: [0.15307337 0.36955181]
Processing direction 8: [0.07803613 0.39231411]
Processing direction 9: [2.4492936e-17 4.0000000e-01]
Processing direction 10: [-0.07803613  0.39231411]
Processing direction 11: [-0.15307337  0.36955181]
Processing direction 12: [-0.22222809  0.33258784]
Processing direction 13: [-0.28284271  0.28284271]
Processing direction 14: [-0.33258784  0.22222809]
Processing direction 15: [-0.36955181  0.15307337]
Processing direction 16: [-0.39231411  0.07803613]
Processing direction 17: [-4.0000000e-01  4.8985872e-17]
Processing direction 18: [-0.39231411 -0.07803613]
Processing direction 19: [-0.36955181 -0.15307337]
Processing direction 20: [-0.33258784 -0.22222809]
Processing direction 21: [-0.28284271 -0.28284271]
Processing direction 22: [-0.22222809 -0.33258784]
Processing direction 23: [-0.15307337 -0.36955181]
Processing direction 24: [-0.07803613 -0.39231411]
Processing direction 25: [-7.34788079e-17 -4.00000000e-01]
Processing direction 26: [ 0.07803613 -0.39231411]
Processing direction 27: [ 0.15307337 -0.36955181]
Processing direction 28: [ 0.22222809 -0.33258784]
Processing direction 29: [ 0.28284271 -0.28284271]
Processing direction 30: [ 0.33258784 -0.22222809]
Processing direction 31: [ 0.36955181 -0.15307337]
Processing direction 32: [ 0.39231411 -0.07803613]

=== Step 13 ===
Current position: [1.4421199560165405, 1.9952641725540161]
Processing direction 1: [0.4 0. ]
Processing direction 2: [0.39231411 0.07803613]
Processing direction 3: [0.36955181 0.15307337]
Processing direction 4: [0.33258784 0.22222809]
Processing direction 5: [0.28284271 0.28284271]
Processing direction 6: [0.22222809 0.33258784]
Processing direction 7: [0.15307337 0.36955181]
Processing direction 8: [0.07803613 0.39231411]
Processing direction 9: [2.4492936e-17 4.0000000e-01]
Processing direction 10: [-0.07803613  0.39231411]
Processing direction 11: [-0.15307337  0.36955181]
Processing direction 12: [-0.22222809  0.33258784]
Processing direction 13: [-0.28284271  0.28284271]
Processing direction 14: [-0.33258784  0.22222809]
Processing direction 15: [-0.36955181  0.15307337]
Processing direction 16: [-0.39231411  0.07803613]
Processing direction 17: [-4.0000000e-01  4.8985872e-17]
Processing direction 18: [-0.39231411 -0.07803613]
Processing direction 19: [-0.36955181 -0.15307337]
Processing direction 20: [-0.33258784 -0.22222809]
Processing direction 21: [-0.28284271 -0.28284271]
Processing direction 22: [-0.22222809 -0.33258784]
Processing direction 23: [-0.15307337 -0.36955181]
Processing direction 24: [-0.07803613 -0.39231411]
Processing direction 25: [-7.34788079e-17 -4.00000000e-01]
Processing direction 26: [ 0.07803613 -0.39231411]
Processing direction 27: [ 0.15307337 -0.36955181]
Processing direction 28: [ 0.22222809 -0.33258784]
Processing direction 29: [ 0.28284271 -0.28284271]
Processing direction 30: [ 0.33258784 -0.22222809]
Processing direction 31: [ 0.36955181 -0.15307337]
Processing direction 32: [ 0.39231411 -0.07803613]

=== Step 14 ===
Current position: [1.7666815519332886, 1.7464604377746582]
Processing direction 1: [0.4 0. ]
Processing direction 2: [0.39231411 0.07803613]
Processing direction 3: [0.36955181 0.15307337]
Processing direction 4: [0.33258784 0.22222809]
Processing direction 5: [0.28284271 0.28284271]
Processing direction 6: [0.22222809 0.33258784]
Processing direction 7: [0.15307337 0.36955181]
Processing direction 8: [0.07803613 0.39231411]
Processing direction 9: [2.4492936e-17 4.0000000e-01]
Processing direction 10: [-0.07803613  0.39231411]
Processing direction 11: [-0.15307337  0.36955181]
Processing direction 12: [-0.22222809  0.33258784]
Processing direction 13: [-0.28284271  0.28284271]
Processing direction 14: [-0.33258784  0.22222809]
Processing direction 15: [-0.36955181  0.15307337]
Processing direction 16: [-0.39231411  0.07803613]
Processing direction 17: [-4.0000000e-01  4.8985872e-17]
Processing direction 18: [-0.39231411 -0.07803613]
Processing direction 19: [-0.36955181 -0.15307337]
Processing direction 20: [-0.33258784 -0.22222809]
Processing direction 21: [-0.28284271 -0.28284271]
Processing direction 22: [-0.22222809 -0.33258784]
Processing direction 23: [-0.15307337 -0.36955181]
Processing direction 24: [-0.07803613 -0.39231411]
Processing direction 25: [-7.34788079e-17 -4.00000000e-01]
Processing direction 26: [ 0.07803613 -0.39231411]
Processing direction 27: [ 0.15307337 -0.36955181]
Processing direction 28: [ 0.22222809 -0.33258784]
Processing direction 29: [ 0.28284271 -0.28284271]
Processing direction 30: [ 0.33258784 -0.22222809]
Processing direction 31: [ 0.36955181 -0.15307337]
Processing direction 32: [ 0.39231411 -0.07803613]

=== Step 15 ===
Current position: [1.5393345355987549, 1.9665963649749756]
Processing direction 1: [0.4 0. ]
Processing direction 2: [0.39231411 0.07803613]
Processing direction 3: [0.36955181 0.15307337]
Processing direction 4: [0.33258784 0.22222809]
Processing direction 5: [0.28284271 0.28284271]
Processing direction 6: [0.22222809 0.33258784]
Processing direction 7: [0.15307337 0.36955181]
Processing direction 8: [0.07803613 0.39231411]
Processing direction 9: [2.4492936e-17 4.0000000e-01]
Processing direction 10: [-0.07803613  0.39231411]
Processing direction 11: [-0.15307337  0.36955181]
Processing direction 12: [-0.22222809  0.33258784]
Processing direction 13: [-0.28284271  0.28284271]
Processing direction 14: [-0.33258784  0.22222809]
Processing direction 15: [-0.36955181  0.15307337]
Processing direction 16: [-0.39231411  0.07803613]
Processing direction 17: [-4.0000000e-01  4.8985872e-17]
Processing direction 18: [-0.39231411 -0.07803613]
Processing direction 19: [-0.36955181 -0.15307337]
Processing direction 20: [-0.33258784 -0.22222809]
Processing direction 21: [-0.28284271 -0.28284271]
Processing direction 22: [-0.22222809 -0.33258784]
Processing direction 23: [-0.15307337 -0.36955181]
Processing direction 24: [-0.07803613 -0.39231411]
Processing direction 25: [-7.34788079e-17 -4.00000000e-01]
Processing direction 26: [ 0.07803613 -0.39231411]
Processing direction 27: [ 0.15307337 -0.36955181]
Processing direction 28: [ 0.22222809 -0.33258784]
Processing direction 29: [ 0.28284271 -0.28284271]
Processing direction 30: [ 0.33258784 -0.22222809]
Processing direction 31: [ 0.36955181 -0.15307337]
Processing direction 32: [ 0.39231411 -0.07803613]

=== Step 16 ===
Current position: [1.8717031478881836, 1.6882399320602417]
Processing direction 1: [0.4 0. ]
Processing direction 2: [0.39231411 0.07803613]
Processing direction 3: [0.36955181 0.15307337]
Processing direction 4: [0.33258784 0.22222809]
Processing direction 5: [0.28284271 0.28284271]
Processing direction 6: [0.22222809 0.33258784]
Processing direction 7: [0.15307337 0.36955181]
Processing direction 8: [0.07803613 0.39231411]
Processing direction 9: [2.4492936e-17 4.0000000e-01]
Processing direction 10: [-0.07803613  0.39231411]
Processing direction 11: [-0.15307337  0.36955181]
Processing direction 12: [-0.22222809  0.33258784]
Processing direction 13: [-0.28284271  0.28284271]
Processing direction 14: [-0.33258784  0.22222809]
Processing direction 15: [-0.36955181  0.15307337]
Processing direction 16: [-0.39231411  0.07803613]
Processing direction 17: [-4.0000000e-01  4.8985872e-17]
Processing direction 18: [-0.39231411 -0.07803613]
Processing direction 19: [-0.36955181 -0.15307337]
Processing direction 20: [-0.33258784 -0.22222809]
Processing direction 21: [-0.28284271 -0.28284271]
Processing direction 22: [-0.22222809 -0.33258784]
Processing direction 23: [-0.15307337 -0.36955181]
Processing direction 24: [-0.07803613 -0.39231411]
Processing direction 25: [-7.34788079e-17 -4.00000000e-01]
Processing direction 26: [ 0.07803613 -0.39231411]
Processing direction 27: [ 0.15307337 -0.36955181]
Processing direction 28: [ 0.22222809 -0.33258784]
Processing direction 29: [ 0.28284271 -0.28284271]
Processing direction 30: [ 0.33258784 -0.22222809]
Processing direction 31: [ 0.36955181 -0.15307337]
Processing direction 32: [ 0.39231411 -0.07803613]

=== Step 17 ===
Current position: [1.5949625968933105, 1.9798972606658936]
Processing direction 1: [0.4 0. ]
Processing direction 2: [0.39231411 0.07803613]
Processing direction 3: [0.36955181 0.15307337]
Processing direction 4: [0.33258784 0.22222809]
Processing direction 5: [0.28284271 0.28284271]
Processing direction 6: [0.22222809 0.33258784]
Processing direction 7: [0.15307337 0.36955181]
Processing direction 8: [0.07803613 0.39231411]
Processing direction 9: [2.4492936e-17 4.0000000e-01]
Processing direction 10: [-0.07803613  0.39231411]
Processing direction 11: [-0.15307337  0.36955181]
Processing direction 12: [-0.22222809  0.33258784]
Processing direction 13: [-0.28284271  0.28284271]
Processing direction 14: [-0.33258784  0.22222809]
Processing direction 15: [-0.36955181  0.15307337]
Processing direction 16: [-0.39231411  0.07803613]
Processing direction 17: [-4.0000000e-01  4.8985872e-17]
Processing direction 18: [-0.39231411 -0.07803613]
Processing direction 19: [-0.36955181 -0.15307337]
Processing direction 20: [-0.33258784 -0.22222809]
Processing direction 21: [-0.28284271 -0.28284271]
Processing direction 22: [-0.22222809 -0.33258784]
Processing direction 23: [-0.15307337 -0.36955181]
Processing direction 24: [-0.07803613 -0.39231411]
Processing direction 25: [-7.34788079e-17 -4.00000000e-01]
Processing direction 26: [ 0.07803613 -0.39231411]
Processing direction 27: [ 0.15307337 -0.36955181]
Processing direction 28: [ 0.22222809 -0.33258784]
Processing direction 29: [ 0.28284271 -0.28284271]
Processing direction 30: [ 0.33258784 -0.22222809]
Processing direction 31: [ 0.36955181 -0.15307337]
Processing direction 32: [ 0.39231411 -0.07803613]

=== Step 18 ===
Current position: [1.8992451429367065, 1.7446478605270386]
Processing direction 1: [0.4 0. ]
Processing direction 2: [0.39231411 0.07803613]
Processing direction 3: [0.36955181 0.15307337]
Processing direction 4: [0.33258784 0.22222809]
Processing direction 5: [0.28284271 0.28284271]
Processing direction 6: [0.22222809 0.33258784]
Processing direction 7: [0.15307337 0.36955181]
Processing direction 8: [0.07803613 0.39231411]
Processing direction 9: [2.4492936e-17 4.0000000e-01]
Processing direction 10: [-0.07803613  0.39231411]
Processing direction 11: [-0.15307337  0.36955181]
Processing direction 12: [-0.22222809  0.33258784]
Processing direction 13: [-0.28284271  0.28284271]
Processing direction 14: [-0.33258784  0.22222809]
Processing direction 15: [-0.36955181  0.15307337]
Processing direction 16: [-0.39231411  0.07803613]
Processing direction 17: [-4.0000000e-01  4.8985872e-17]
Processing direction 18: [-0.39231411 -0.07803613]
Processing direction 19: [-0.36955181 -0.15307337]
Processing direction 20: [-0.33258784 -0.22222809]
Processing direction 21: [-0.28284271 -0.28284271]
Processing direction 22: [-0.22222809 -0.33258784]
Processing direction 23: [-0.15307337 -0.36955181]
Processing direction 24: [-0.07803613 -0.39231411]
Processing direction 25: [-7.34788079e-17 -4.00000000e-01]
Processing direction 26: [ 0.07803613 -0.39231411]
Processing direction 27: [ 0.15307337 -0.36955181]
Processing direction 28: [ 0.22222809 -0.33258784]
Processing direction 29: [ 0.28284271 -0.28284271]
Processing direction 30: [ 0.33258784 -0.22222809]
Processing direction 31: [ 0.36955181 -0.15307337]
Processing direction 32: [ 0.39231411 -0.07803613]

=== Step 19 ===
Current position: [2.3004236221313477, 1.5238146781921387]
Processing direction 1: [0.4 0. ]
Processing direction 2: [0.39231411 0.07803613]
Processing direction 3: [0.36955181 0.15307337]
Processing direction 4: [0.33258784 0.22222809]
Processing direction 5: [0.28284271 0.28284271]
Processing direction 6: [0.22222809 0.33258784]
Processing direction 7: [0.15307337 0.36955181]
Processing direction 8: [0.07803613 0.39231411]
Processing direction 9: [2.4492936e-17 4.0000000e-01]
Processing direction 10: [-0.07803613  0.39231411]
Processing direction 11: [-0.15307337  0.36955181]
Processing direction 12: [-0.22222809  0.33258784]
Processing direction 13: [-0.28284271  0.28284271]
Processing direction 14: [-0.33258784  0.22222809]
Processing direction 15: [-0.36955181  0.15307337]
Processing direction 16: [-0.39231411  0.07803613]
Processing direction 17: [-4.0000000e-01  4.8985872e-17]
Processing direction 18: [-0.39231411 -0.07803613]
Processing direction 19: [-0.36955181 -0.15307337]
Processing direction 20: [-0.33258784 -0.22222809]
Processing direction 21: [-0.28284271 -0.28284271]
Processing direction 22: [-0.22222809 -0.33258784]
Processing direction 23: [-0.15307337 -0.36955181]
Processing direction 24: [-0.07803613 -0.39231411]
Processing direction 25: [-7.34788079e-17 -4.00000000e-01]
Processing direction 26: [ 0.07803613 -0.39231411]
Processing direction 27: [ 0.15307337 -0.36955181]
Processing direction 28: [ 0.22222809 -0.33258784]
Processing direction 29: [ 0.28284271 -0.28284271]
Processing direction 30: [ 0.33258784 -0.22222809]
Processing direction 31: [ 0.36955181 -0.15307337]
Processing direction 32: [ 0.39231411 -0.07803613]

=== Step 20 ===
Current position: [2.1018009185791016, 1.7441314458847046]
Processing direction 1: [0.4 0. ]
Processing direction 2: [0.39231411 0.07803613]
Processing direction 3: [0.36955181 0.15307337]
Processing direction 4: [0.33258784 0.22222809]
Processing direction 5: [0.28284271 0.28284271]
Processing direction 6: [0.22222809 0.33258784]
Processing direction 7: [0.15307337 0.36955181]
Processing direction 8: [0.07803613 0.39231411]
Processing direction 9: [2.4492936e-17 4.0000000e-01]
Processing direction 10: [-0.07803613  0.39231411]
Processing direction 11: [-0.15307337  0.36955181]
Processing direction 12: [-0.22222809  0.33258784]
Processing direction 13: [-0.28284271  0.28284271]
Processing direction 14: [-0.33258784  0.22222809]
Processing direction 15: [-0.36955181  0.15307337]
Processing direction 16: [-0.39231411  0.07803613]
Processing direction 17: [-4.0000000e-01  4.8985872e-17]
Processing direction 18: [-0.39231411 -0.07803613]
Processing direction 19: [-0.36955181 -0.15307337]
Processing direction 20: [-0.33258784 -0.22222809]
Processing direction 21: [-0.28284271 -0.28284271]
Processing direction 22: [-0.22222809 -0.33258784]
Processing direction 23: [-0.15307337 -0.36955181]
Processing direction 24: [-0.07803613 -0.39231411]
Processing direction 25: [-7.34788079e-17 -4.00000000e-01]
Processing direction 26: [ 0.07803613 -0.39231411]
Processing direction 27: [ 0.15307337 -0.36955181]
Processing direction 28: [ 0.22222809 -0.33258784]
Processing direction 29: [ 0.28284271 -0.28284271]
Processing direction 30: [ 0.33258784 -0.22222809]
Processing direction 31: [ 0.36955181 -0.15307337]
Processing direction 32: [ 0.39231411 -0.07803613]

=== Step 21 ===
Current position: [1.8467354774475098, 1.9578911066055298]
Processing direction 1: [0.4 0. ]
Processing direction 2: [0.39231411 0.07803613]
Processing direction 3: [0.36955181 0.15307337]
Processing direction 4: [0.33258784 0.22222809]
Processing direction 5: [0.28284271 0.28284271]
Processing direction 6: [0.22222809 0.33258784]
Processing direction 7: [0.15307337 0.36955181]
Processing direction 8: [0.07803613 0.39231411]
Processing direction 9: [2.4492936e-17 4.0000000e-01]
Processing direction 10: [-0.07803613  0.39231411]
Processing direction 11: [-0.15307337  0.36955181]
Processing direction 12: [-0.22222809  0.33258784]
Processing direction 13: [-0.28284271  0.28284271]
Processing direction 14: [-0.33258784  0.22222809]
Processing direction 15: [-0.36955181  0.15307337]
Processing direction 16: [-0.39231411  0.07803613]
Processing direction 17: [-4.0000000e-01  4.8985872e-17]
Processing direction 18: [-0.39231411 -0.07803613]
Processing direction 19: [-0.36955181 -0.15307337]
Processing direction 20: [-0.33258784 -0.22222809]
Processing direction 21: [-0.28284271 -0.28284271]
Processing direction 22: [-0.22222809 -0.33258784]
Processing direction 23: [-0.15307337 -0.36955181]
Processing direction 24: [-0.07803613 -0.39231411]
Processing direction 25: [-7.34788079e-17 -4.00000000e-01]
Processing direction 26: [ 0.07803613 -0.39231411]
Processing direction 27: [ 0.15307337 -0.36955181]
Processing direction 28: [ 0.22222809 -0.33258784]
Processing direction 29: [ 0.28284271 -0.28284271]
Processing direction 30: [ 0.33258784 -0.22222809]
Processing direction 31: [ 0.36955181 -0.15307337]
Processing direction 32: [ 0.39231411 -0.07803613]

=== Step 22 ===
Current position: [2.1910173892974854, 1.6838151216506958]
Processing direction 1: [0.4 0. ]
Processing direction 2: [0.39231411 0.07803613]
Processing direction 3: [0.36955181 0.15307337]
Processing direction 4: [0.33258784 0.22222809]
Processing direction 5: [0.28284271 0.28284271]
Processing direction 6: [0.22222809 0.33258784]
Processing direction 7: [0.15307337 0.36955181]
Processing direction 8: [0.07803613 0.39231411]
Processing direction 9: [2.4492936e-17 4.0000000e-01]
Processing direction 10: [-0.07803613  0.39231411]
Processing direction 11: [-0.15307337  0.36955181]
Processing direction 12: [-0.22222809  0.33258784]
Processing direction 13: [-0.28284271  0.28284271]
Processing direction 14: [-0.33258784  0.22222809]
Processing direction 15: [-0.36955181  0.15307337]
Processing direction 16: [-0.39231411  0.07803613]
Processing direction 17: [-4.0000000e-01  4.8985872e-17]
Processing direction 18: [-0.39231411 -0.07803613]
Processing direction 19: [-0.36955181 -0.15307337]
Processing direction 20: [-0.33258784 -0.22222809]
Processing direction 21: [-0.28284271 -0.28284271]
Processing direction 22: [-0.22222809 -0.33258784]
Processing direction 23: [-0.15307337 -0.36955181]
Processing direction 24: [-0.07803613 -0.39231411]
Processing direction 25: [-7.34788079e-17 -4.00000000e-01]
Processing direction 26: [ 0.07803613 -0.39231411]
Processing direction 27: [ 0.15307337 -0.36955181]
Processing direction 28: [ 0.22222809 -0.33258784]
Processing direction 29: [ 0.28284271 -0.28284271]
Processing direction 30: [ 0.33258784 -0.22222809]
Processing direction 31: [ 0.36955181 -0.15307337]
Processing direction 32: [ 0.39231411 -0.07803613]

=== Step 23 ===
Current position: [2.554762601852417, 1.4630392789840698]
Processing direction 1: [0.4 0. ]
Processing direction 2: [0.39231411 0.07803613]
Processing direction 3: [0.36955181 0.15307337]
Processing direction 4: [0.33258784 0.22222809]
Processing direction 5: [0.28284271 0.28284271]
Processing direction 6: [0.22222809 0.33258784]
Processing direction 7: [0.15307337 0.36955181]
Processing direction 8: [0.07803613 0.39231411]
Processing direction 9: [2.4492936e-17 4.0000000e-01]
Processing direction 10: [-0.07803613  0.39231411]
Processing direction 11: [-0.15307337  0.36955181]
Processing direction 12: [-0.22222809  0.33258784]
Processing direction 13: [-0.28284271  0.28284271]
Processing direction 14: [-0.33258784  0.22222809]
Processing direction 15: [-0.36955181  0.15307337]
Processing direction 16: [-0.39231411  0.07803613]
Processing direction 17: [-4.0000000e-01  4.8985872e-17]
Processing direction 18: [-0.39231411 -0.07803613]
Processing direction 19: [-0.36955181 -0.15307337]
Processing direction 20: [-0.33258784 -0.22222809]
Processing direction 21: [-0.28284271 -0.28284271]
Processing direction 22: [-0.22222809 -0.33258784]
Processing direction 23: [-0.15307337 -0.36955181]
Processing direction 24: [-0.07803613 -0.39231411]
Processing direction 25: [-7.34788079e-17 -4.00000000e-01]
Processing direction 26: [ 0.07803613 -0.39231411]
Processing direction 27: [ 0.15307337 -0.36955181]
Processing direction 28: [ 0.22222809 -0.33258784]
Processing direction 29: [ 0.28284271 -0.28284271]
Processing direction 30: [ 0.33258784 -0.22222809]
Processing direction 31: [ 0.36955181 -0.15307337]
Processing direction 32: [ 0.39231411 -0.07803613]

=== Step 24 ===
Current position: [2.190676689147949, 1.724511981010437]
Processing direction 1: [0.4 0. ]
Processing direction 2: [0.39231411 0.07803613]
Processing direction 3: [0.36955181 0.15307337]
Processing direction 4: [0.33258784 0.22222809]
Processing direction 5: [0.28284271 0.28284271]
Processing direction 6: [0.22222809 0.33258784]
Processing direction 7: [0.15307337 0.36955181]
Processing direction 8: [0.07803613 0.39231411]
Processing direction 9: [2.4492936e-17 4.0000000e-01]
Processing direction 10: [-0.07803613  0.39231411]
Processing direction 11: [-0.15307337  0.36955181]
Processing direction 12: [-0.22222809  0.33258784]
Processing direction 13: [-0.28284271  0.28284271]
Processing direction 14: [-0.33258784  0.22222809]
Processing direction 15: [-0.36955181  0.15307337]
Processing direction 16: [-0.39231411  0.07803613]
Processing direction 17: [-4.0000000e-01  4.8985872e-17]
Processing direction 18: [-0.39231411 -0.07803613]
Processing direction 19: [-0.36955181 -0.15307337]
Processing direction 20: [-0.33258784 -0.22222809]
Processing direction 21: [-0.28284271 -0.28284271]
Processing direction 22: [-0.22222809 -0.33258784]
Processing direction 23: [-0.15307337 -0.36955181]
Processing direction 24: [-0.07803613 -0.39231411]
Processing direction 25: [-7.34788079e-17 -4.00000000e-01]
Processing direction 26: [ 0.07803613 -0.39231411]
Processing direction 27: [ 0.15307337 -0.36955181]
Processing direction 28: [ 0.22222809 -0.33258784]
Processing direction 29: [ 0.28284271 -0.28284271]
Processing direction 30: [ 0.33258784 -0.22222809]
Processing direction 31: [ 0.36955181 -0.15307337]
Processing direction 32: [ 0.39231411 -0.07803613]

=== Step 25 ===
Current position: [2.6075439453125, 1.489495873451233]
Processing direction 1: [0.4 0. ]
Processing direction 2: [0.39231411 0.07803613]
Processing direction 3: [0.36955181 0.15307337]
Processing direction 4: [0.33258784 0.22222809]
Processing direction 5: [0.28284271 0.28284271]
Processing direction 6: [0.22222809 0.33258784]
Processing direction 7: [0.15307337 0.36955181]
Processing direction 8: [0.07803613 0.39231411]
Processing direction 9: [2.4492936e-17 4.0000000e-01]
Processing direction 10: [-0.07803613  0.39231411]
Processing direction 11: [-0.15307337  0.36955181]
Processing direction 12: [-0.22222809  0.33258784]
Processing direction 13: [-0.28284271  0.28284271]
Processing direction 14: [-0.33258784  0.22222809]
Processing direction 15: [-0.36955181  0.15307337]
Processing direction 16: [-0.39231411  0.07803613]
Processing direction 17: [-4.0000000e-01  4.8985872e-17]
Processing direction 18: [-0.39231411 -0.07803613]
Processing direction 19: [-0.36955181 -0.15307337]
Processing direction 20: [-0.33258784 -0.22222809]
Processing direction 21: [-0.28284271 -0.28284271]
Processing direction 22: [-0.22222809 -0.33258784]
Processing direction 23: [-0.15307337 -0.36955181]
Processing direction 24: [-0.07803613 -0.39231411]
Processing direction 25: [-7.34788079e-17 -4.00000000e-01]
Processing direction 26: [ 0.07803613 -0.39231411]
Processing direction 27: [ 0.15307337 -0.36955181]
Processing direction 28: [ 0.22222809 -0.33258784]
Processing direction 29: [ 0.28284271 -0.28284271]
Processing direction 30: [ 0.33258784 -0.22222809]
Processing direction 31: [ 0.36955181 -0.15307337]
Processing direction 32: [ 0.39231411 -0.07803613]

=== Step 26 ===
Current position: [2.332656145095825, 1.6837265491485596]
Processing direction 1: [0.4 0. ]
Processing direction 2: [0.39231411 0.07803613]
Processing direction 3: [0.36955181 0.15307337]
Processing direction 4: [0.33258784 0.22222809]
Processing direction 5: [0.28284271 0.28284271]
Processing direction 6: [0.22222809 0.33258784]
Processing direction 7: [0.15307337 0.36955181]
Processing direction 8: [0.07803613 0.39231411]
Processing direction 9: [2.4492936e-17 4.0000000e-01]
Processing direction 10: [-0.07803613  0.39231411]
Processing direction 11: [-0.15307337  0.36955181]
Processing direction 12: [-0.22222809  0.33258784]
Processing direction 13: [-0.28284271  0.28284271]
Processing direction 14: [-0.33258784  0.22222809]
Processing direction 15: [-0.36955181  0.15307337]
Processing direction 16: [-0.39231411  0.07803613]
Processing direction 17: [-4.0000000e-01  4.8985872e-17]
Processing direction 18: [-0.39231411 -0.07803613]
Processing direction 19: [-0.36955181 -0.15307337]
Processing direction 20: [-0.33258784 -0.22222809]
Processing direction 21: [-0.28284271 -0.28284271]
Processing direction 22: [-0.22222809 -0.33258784]
Processing direction 23: [-0.15307337 -0.36955181]
Processing direction 24: [-0.07803613 -0.39231411]
Processing direction 25: [-7.34788079e-17 -4.00000000e-01]
Processing direction 26: [ 0.07803613 -0.39231411]
Processing direction 27: [ 0.15307337 -0.36955181]
Processing direction 28: [ 0.22222809 -0.33258784]
Processing direction 29: [ 0.28284271 -0.28284271]
Processing direction 30: [ 0.33258784 -0.22222809]
Processing direction 31: [ 0.36955181 -0.15307337]
Processing direction 32: [ 0.39231411 -0.07803613]

=== Step 27 ===
Current position: [2.7045257091522217, 1.4667929410934448]
Processing direction 1: [0.4 0. ]
Processing direction 2: [0.39231411 0.07803613]
Processing direction 3: [0.36955181 0.15307337]
Processing direction 4: [0.33258784 0.22222809]
Processing direction 5: [0.28284271 0.28284271]
Processing direction 6: [0.22222809 0.33258784]
Processing direction 7: [0.15307337 0.36955181]
Processing direction 8: [0.07803613 0.39231411]
Processing direction 9: [2.4492936e-17 4.0000000e-01]
Processing direction 10: [-0.07803613  0.39231411]
Processing direction 11: [-0.15307337  0.36955181]
Processing direction 12: [-0.22222809  0.33258784]
Processing direction 13: [-0.28284271  0.28284271]
Processing direction 14: [-0.33258784  0.22222809]
Processing direction 15: [-0.36955181  0.15307337]
Processing direction 16: [-0.39231411  0.07803613]
Processing direction 17: [-4.0000000e-01  4.8985872e-17]
Processing direction 18: [-0.39231411 -0.07803613]
Processing direction 19: [-0.36955181 -0.15307337]
Processing direction 20: [-0.33258784 -0.22222809]
Processing direction 21: [-0.28284271 -0.28284271]
Processing direction 22: [-0.22222809 -0.33258784]
Processing direction 23: [-0.15307337 -0.36955181]
Processing direction 24: [-0.07803613 -0.39231411]
Processing direction 25: [-7.34788079e-17 -4.00000000e-01]
Processing direction 26: [ 0.07803613 -0.39231411]
Processing direction 27: [ 0.15307337 -0.36955181]
Processing direction 28: [ 0.22222809 -0.33258784]
Processing direction 29: [ 0.28284271 -0.28284271]
Processing direction 30: [ 0.33258784 -0.22222809]
Processing direction 31: [ 0.36955181 -0.15307337]
Processing direction 32: [ 0.39231411 -0.07803613]

=== Step 28 ===
Current position: [2.4831056594848633, 1.7444403171539307]
Processing direction 1: [0.4 0. ]
Processing direction 2: [0.39231411 0.07803613]
Processing direction 3: [0.36955181 0.15307337]
Processing direction 4: [0.33258784 0.22222809]
Processing direction 5: [0.28284271 0.28284271]
Processing direction 6: [0.22222809 0.33258784]
Processing direction 7: [0.15307337 0.36955181]
Processing direction 8: [0.07803613 0.39231411]
Processing direction 9: [2.4492936e-17 4.0000000e-01]
Processing direction 10: [-0.07803613  0.39231411]
Processing direction 11: [-0.15307337  0.36955181]
Processing direction 12: [-0.22222809  0.33258784]
Processing direction 13: [-0.28284271  0.28284271]
Processing direction 14: [-0.33258784  0.22222809]
Processing direction 15: [-0.36955181  0.15307337]
Processing direction 16: [-0.39231411  0.07803613]
Processing direction 17: [-4.0000000e-01  4.8985872e-17]
Processing direction 18: [-0.39231411 -0.07803613]
Processing direction 19: [-0.36955181 -0.15307337]
Processing direction 20: [-0.33258784 -0.22222809]
Processing direction 21: [-0.28284271 -0.28284271]
Processing direction 22: [-0.22222809 -0.33258784]
Processing direction 23: [-0.15307337 -0.36955181]
Processing direction 24: [-0.07803613 -0.39231411]
Processing direction 25: [-7.34788079e-17 -4.00000000e-01]
Processing direction 26: [ 0.07803613 -0.39231411]
Processing direction 27: [ 0.15307337 -0.36955181]
Processing direction 28: [ 0.22222809 -0.33258784]
Processing direction 29: [ 0.28284271 -0.28284271]
Processing direction 30: [ 0.33258784 -0.22222809]
Processing direction 31: [ 0.36955181 -0.15307337]
Processing direction 32: [ 0.39231411 -0.07803613]

=== Step 29 ===
Current position: [2.853693962097168, 1.5816006660461426]
Processing direction 1: [0.4 0. ]
Processing direction 2: [0.39231411 0.07803613]
Processing direction 3: [0.36955181 0.15307337]
Processing direction 4: [0.33258784 0.22222809]
Processing direction 5: [0.28284271 0.28284271]
Processing direction 6: [0.22222809 0.33258784]
Processing direction 7: [0.15307337 0.36955181]
Processing direction 8: [0.07803613 0.39231411]
Processing direction 9: [2.4492936e-17 4.0000000e-01]
Processing direction 10: [-0.07803613  0.39231411]
Processing direction 11: [-0.15307337  0.36955181]
Processing direction 12: [-0.22222809  0.33258784]
Processing direction 13: [-0.28284271  0.28284271]
Processing direction 14: [-0.33258784  0.22222809]
Processing direction 15: [-0.36955181  0.15307337]
Processing direction 16: [-0.39231411  0.07803613]
Processing direction 17: [-4.0000000e-01  4.8985872e-17]
Processing direction 18: [-0.39231411 -0.07803613]
Processing direction 19: [-0.36955181 -0.15307337]
Processing direction 20: [-0.33258784 -0.22222809]
Processing direction 21: [-0.28284271 -0.28284271]
Processing direction 22: [-0.22222809 -0.33258784]
Processing direction 23: [-0.15307337 -0.36955181]
Processing direction 24: [-0.07803613 -0.39231411]
Processing direction 25: [-7.34788079e-17 -4.00000000e-01]
Processing direction 26: [ 0.07803613 -0.39231411]
Processing direction 27: [ 0.15307337 -0.36955181]
Processing direction 28: [ 0.22222809 -0.33258784]
Processing direction 29: [ 0.28284271 -0.28284271]
Processing direction 30: [ 0.33258784 -0.22222809]
Processing direction 31: [ 0.36955181 -0.15307337]
Processing direction 32: [ 0.39231411 -0.07803613]

=== Step 30 ===
Current position: [2.519284248352051, 1.869492769241333]
Processing direction 1: [0.4 0. ]
Processing direction 2: [0.39231411 0.07803613]
Processing direction 3: [0.36955181 0.15307337]
Processing direction 4: [0.33258784 0.22222809]
Processing direction 5: [0.28284271 0.28284271]
Processing direction 6: [0.22222809 0.33258784]
Processing direction 7: [0.15307337 0.36955181]
Processing direction 8: [0.07803613 0.39231411]
Processing direction 9: [2.4492936e-17 4.0000000e-01]
Processing direction 10: [-0.07803613  0.39231411]
Processing direction 11: [-0.15307337  0.36955181]
Processing direction 12: [-0.22222809  0.33258784]
Processing direction 13: [-0.28284271  0.28284271]
Processing direction 14: [-0.33258784  0.22222809]
Processing direction 15: [-0.36955181  0.15307337]
Processing direction 16: [-0.39231411  0.07803613]
Processing direction 17: [-4.0000000e-01  4.8985872e-17]
Processing direction 18: [-0.39231411 -0.07803613]
Processing direction 19: [-0.36955181 -0.15307337]
Processing direction 20: [-0.33258784 -0.22222809]
Processing direction 21: [-0.28284271 -0.28284271]
Processing direction 22: [-0.22222809 -0.33258784]
Processing direction 23: [-0.15307337 -0.36955181]
Processing direction 24: [-0.07803613 -0.39231411]
Processing direction 25: [-7.34788079e-17 -4.00000000e-01]
Processing direction 26: [ 0.07803613 -0.39231411]
Processing direction 27: [ 0.15307337 -0.36955181]
Processing direction 28: [ 0.22222809 -0.33258784]
Processing direction 29: [ 0.28284271 -0.28284271]
Processing direction 30: [ 0.33258784 -0.22222809]
Processing direction 31: [ 0.36955181 -0.15307337]
Processing direction 32: [ 0.39231411 -0.07803613]

=== Step 31 ===
Current position: [2.2974936962127686, 2.0671567916870117]
Processing direction 1: [0.4 0. ]
Processing direction 2: [0.39231411 0.07803613]
Processing direction 3: [0.36955181 0.15307337]
Processing direction 4: [0.33258784 0.22222809]
Processing direction 5: [0.28284271 0.28284271]
Processing direction 6: [0.22222809 0.33258784]
Processing direction 7: [0.15307337 0.36955181]
Processing direction 8: [0.07803613 0.39231411]
Processing direction 9: [2.4492936e-17 4.0000000e-01]
Processing direction 10: [-0.07803613  0.39231411]
Processing direction 11: [-0.15307337  0.36955181]
Processing direction 12: [-0.22222809  0.33258784]
Processing direction 13: [-0.28284271  0.28284271]
Processing direction 14: [-0.33258784  0.22222809]
Processing direction 15: [-0.36955181  0.15307337]
Processing direction 16: [-0.39231411  0.07803613]
Processing direction 17: [-4.0000000e-01  4.8985872e-17]
Processing direction 18: [-0.39231411 -0.07803613]
Processing direction 19: [-0.36955181 -0.15307337]
Processing direction 20: [-0.33258784 -0.22222809]
Processing direction 21: [-0.28284271 -0.28284271]
Processing direction 22: [-0.22222809 -0.33258784]
Processing direction 23: [-0.15307337 -0.36955181]
Processing direction 24: [-0.07803613 -0.39231411]
Processing direction 25: [-7.34788079e-17 -4.00000000e-01]
Processing direction 26: [ 0.07803613 -0.39231411]
Processing direction 27: [ 0.15307337 -0.36955181]
Processing direction 28: [ 0.22222809 -0.33258784]
Processing direction 29: [ 0.28284271 -0.28284271]
Processing direction 30: [ 0.33258784 -0.22222809]
Processing direction 31: [ 0.36955181 -0.15307337]
Processing direction 32: [ 0.39231411 -0.07803613]

=== Step 32 ===
Current position: [2.7515430450439453, 1.8691291809082031]
Processing direction 1: [0.4 0. ]
Processing direction 2: [0.39231411 0.07803613]
Processing direction 3: [0.36955181 0.15307337]
Processing direction 4: [0.33258784 0.22222809]
Processing direction 5: [0.28284271 0.28284271]
Processing direction 6: [0.22222809 0.33258784]
Processing direction 7: [0.15307337 0.36955181]
Processing direction 8: [0.07803613 0.39231411]
Processing direction 9: [2.4492936e-17 4.0000000e-01]
Processing direction 10: [-0.07803613  0.39231411]
Processing direction 11: [-0.15307337  0.36955181]
Processing direction 12: [-0.22222809  0.33258784]
Processing direction 13: [-0.28284271  0.28284271]
Processing direction 14: [-0.33258784  0.22222809]
Processing direction 15: [-0.36955181  0.15307337]
Processing direction 16: [-0.39231411  0.07803613]
Processing direction 17: [-4.0000000e-01  4.8985872e-17]
Processing direction 18: [-0.39231411 -0.07803613]
Processing direction 19: [-0.36955181 -0.15307337]
Processing direction 20: [-0.33258784 -0.22222809]
Processing direction 21: [-0.28284271 -0.28284271]
Processing direction 22: [-0.22222809 -0.33258784]
Processing direction 23: [-0.15307337 -0.36955181]
Processing direction 24: [-0.07803613 -0.39231411]
Processing direction 25: [-7.34788079e-17 -4.00000000e-01]
Processing direction 26: [ 0.07803613 -0.39231411]
Processing direction 27: [ 0.15307337 -0.36955181]
Processing direction 28: [ 0.22222809 -0.33258784]
Processing direction 29: [ 0.28284271 -0.28284271]
Processing direction 30: [ 0.33258784 -0.22222809]
Processing direction 31: [ 0.36955181 -0.15307337]
Processing direction 32: [ 0.39231411 -0.07803613]

=== Step 33 ===
Current position: [3.143264055252075, 1.7190797328948975]
Processing direction 1: [0.4 0. ]
Processing direction 2: [0.39231411 0.07803613]
Processing direction 3: [0.36955181 0.15307337]
Processing direction 4: [0.33258784 0.22222809]
Processing direction 5: [0.28284271 0.28284271]
Processing direction 6: [0.22222809 0.33258784]
Processing direction 7: [0.15307337 0.36955181]
Processing direction 8: [0.07803613 0.39231411]
Processing direction 9: [2.4492936e-17 4.0000000e-01]
Processing direction 10: [-0.07803613  0.39231411]
Processing direction 11: [-0.15307337  0.36955181]
Processing direction 12: [-0.22222809  0.33258784]
Processing direction 13: [-0.28284271  0.28284271]
Processing direction 14: [-0.33258784  0.22222809]
Processing direction 15: [-0.36955181  0.15307337]
Processing direction 16: [-0.39231411  0.07803613]
Processing direction 17: [-4.0000000e-01  4.8985872e-17]
Processing direction 18: [-0.39231411 -0.07803613]
Processing direction 19: [-0.36955181 -0.15307337]
Processing direction 20: [-0.33258784 -0.22222809]
Processing direction 21: [-0.28284271 -0.28284271]
Processing direction 22: [-0.22222809 -0.33258784]
Processing direction 23: [-0.15307337 -0.36955181]
Processing direction 24: [-0.07803613 -0.39231411]
Processing direction 25: [-7.34788079e-17 -4.00000000e-01]
Processing direction 26: [ 0.07803613 -0.39231411]
Processing direction 27: [ 0.15307337 -0.36955181]
Processing direction 28: [ 0.22222809 -0.33258784]
Processing direction 29: [ 0.28284271 -0.28284271]
Processing direction 30: [ 0.33258784 -0.22222809]
Processing direction 31: [ 0.36955181 -0.15307337]
Processing direction 32: [ 0.39231411 -0.07803613]

=== Step 34 ===
Current position: [2.8989431858062744, 1.856162667274475]
Processing direction 1: [0.4 0. ]
Processing direction 2: [0.39231411 0.07803613]
Processing direction 3: [0.36955181 0.15307337]
Processing direction 4: [0.33258784 0.22222809]
Processing direction 5: [0.28284271 0.28284271]
Processing direction 6: [0.22222809 0.33258784]
Processing direction 7: [0.15307337 0.36955181]
Processing direction 8: [0.07803613 0.39231411]
Processing direction 9: [2.4492936e-17 4.0000000e-01]
Processing direction 10: [-0.07803613  0.39231411]
Processing direction 11: [-0.15307337  0.36955181]
Processing direction 12: [-0.22222809  0.33258784]
Processing direction 13: [-0.28284271  0.28284271]
Processing direction 14: [-0.33258784  0.22222809]
Processing direction 15: [-0.36955181  0.15307337]
Processing direction 16: [-0.39231411  0.07803613]
Processing direction 17: [-4.0000000e-01  4.8985872e-17]
Processing direction 18: [-0.39231411 -0.07803613]
Processing direction 19: [-0.36955181 -0.15307337]
Processing direction 20: [-0.33258784 -0.22222809]
Processing direction 21: [-0.28284271 -0.28284271]
Processing direction 22: [-0.22222809 -0.33258784]
Processing direction 23: [-0.15307337 -0.36955181]
Processing direction 24: [-0.07803613 -0.39231411]
Processing direction 25: [-7.34788079e-17 -4.00000000e-01]
Processing direction 26: [ 0.07803613 -0.39231411]
Processing direction 27: [ 0.15307337 -0.36955181]
Processing direction 28: [ 0.22222809 -0.33258784]
Processing direction 29: [ 0.28284271 -0.28284271]
Processing direction 30: [ 0.33258784 -0.22222809]
Processing direction 31: [ 0.36955181 -0.15307337]
Processing direction 32: [ 0.39231411 -0.07803613]

=== Step 35 ===
Current position: [2.6017987728118896, 2.054133892059326]
Processing direction 1: [0.4 0. ]
Processing direction 2: [0.39231411 0.07803613]
Processing direction 3: [0.36955181 0.15307337]
Processing direction 4: [0.33258784 0.22222809]
Processing direction 5: [0.28284271 0.28284271]
Processing direction 6: [0.22222809 0.33258784]
Processing direction 7: [0.15307337 0.36955181]
Processing direction 8: [0.07803613 0.39231411]
Processing direction 9: [2.4492936e-17 4.0000000e-01]
Processing direction 10: [-0.07803613  0.39231411]
Processing direction 11: [-0.15307337  0.36955181]
Processing direction 12: [-0.22222809  0.33258784]
Processing direction 13: [-0.28284271  0.28284271]
Processing direction 14: [-0.33258784  0.22222809]
Processing direction 15: [-0.36955181  0.15307337]
Processing direction 16: [-0.39231411  0.07803613]
Processing direction 17: [-4.0000000e-01  4.8985872e-17]
Processing direction 18: [-0.39231411 -0.07803613]
Processing direction 19: [-0.36955181 -0.15307337]
Processing direction 20: [-0.33258784 -0.22222809]
Processing direction 21: [-0.28284271 -0.28284271]
Processing direction 22: [-0.22222809 -0.33258784]
Processing direction 23: [-0.15307337 -0.36955181]
Processing direction 24: [-0.07803613 -0.39231411]
Processing direction 25: [-7.34788079e-17 -4.00000000e-01]
Processing direction 26: [ 0.07803613 -0.39231411]
Processing direction 27: [ 0.15307337 -0.36955181]
Processing direction 28: [ 0.22222809 -0.33258784]
Processing direction 29: [ 0.28284271 -0.28284271]
Processing direction 30: [ 0.33258784 -0.22222809]
Processing direction 31: [ 0.36955181 -0.15307337]
Processing direction 32: [ 0.39231411 -0.07803613]

=== Step 36 ===
Current position: [3.0688769817352295, 1.8352839946746826]
Processing direction 1: [0.4 0. ]
Processing direction 2: [0.39231411 0.07803613]
Processing direction 3: [0.36955181 0.15307337]
Processing direction 4: [0.33258784 0.22222809]
Processing direction 5: [0.28284271 0.28284271]
Processing direction 6: [0.22222809 0.33258784]
Processing direction 7: [0.15307337 0.36955181]
Processing direction 8: [0.07803613 0.39231411]
Processing direction 9: [2.4492936e-17 4.0000000e-01]
Processing direction 10: [-0.07803613  0.39231411]
Processing direction 11: [-0.15307337  0.36955181]
Processing direction 12: [-0.22222809  0.33258784]
Processing direction 13: [-0.28284271  0.28284271]
Processing direction 14: [-0.33258784  0.22222809]
Processing direction 15: [-0.36955181  0.15307337]
Processing direction 16: [-0.39231411  0.07803613]
Processing direction 17: [-4.0000000e-01  4.8985872e-17]
Processing direction 18: [-0.39231411 -0.07803613]
Processing direction 19: [-0.36955181 -0.15307337]
Processing direction 20: [-0.33258784 -0.22222809]
Processing direction 21: [-0.28284271 -0.28284271]
Processing direction 22: [-0.22222809 -0.33258784]
Processing direction 23: [-0.15307337 -0.36955181]
Processing direction 24: [-0.07803613 -0.39231411]
Processing direction 25: [-7.34788079e-17 -4.00000000e-01]
Processing direction 26: [ 0.07803613 -0.39231411]
Processing direction 27: [ 0.15307337 -0.36955181]
Processing direction 28: [ 0.22222809 -0.33258784]
Processing direction 29: [ 0.28284271 -0.28284271]
Processing direction 30: [ 0.33258784 -0.22222809]
Processing direction 31: [ 0.36955181 -0.15307337]
Processing direction 32: [ 0.39231411 -0.07803613]

=== Step 37 ===
Current position: [2.7515127658843994, 2.036959648132324]
Processing direction 1: [0.4 0. ]
Processing direction 2: [0.39231411 0.07803613]
Processing direction 3: [0.36955181 0.15307337]
Processing direction 4: [0.33258784 0.22222809]
Processing direction 5: [0.28284271 0.28284271]
Processing direction 6: [0.22222809 0.33258784]
Processing direction 7: [0.15307337 0.36955181]
Processing direction 8: [0.07803613 0.39231411]
Processing direction 9: [2.4492936e-17 4.0000000e-01]
Processing direction 10: [-0.07803613  0.39231411]
Processing direction 11: [-0.15307337  0.36955181]
Processing direction 12: [-0.22222809  0.33258784]
Processing direction 13: [-0.28284271  0.28284271]
Processing direction 14: [-0.33258784  0.22222809]
Processing direction 15: [-0.36955181  0.15307337]
Processing direction 16: [-0.39231411  0.07803613]
Processing direction 17: [-4.0000000e-01  4.8985872e-17]
Processing direction 18: [-0.39231411 -0.07803613]
Processing direction 19: [-0.36955181 -0.15307337]
Processing direction 20: [-0.33258784 -0.22222809]
Processing direction 21: [-0.28284271 -0.28284271]
Processing direction 22: [-0.22222809 -0.33258784]
Processing direction 23: [-0.15307337 -0.36955181]
Processing direction 24: [-0.07803613 -0.39231411]
Processing direction 25: [-7.34788079e-17 -4.00000000e-01]
Processing direction 26: [ 0.07803613 -0.39231411]
Processing direction 27: [ 0.15307337 -0.36955181]
Processing direction 28: [ 0.22222809 -0.33258784]
Processing direction 29: [ 0.28284271 -0.28284271]
Processing direction 30: [ 0.33258784 -0.22222809]
Processing direction 31: [ 0.36955181 -0.15307337]
Processing direction 32: [ 0.39231411 -0.07803613]

=== Step 38 ===
Current position: [3.138157606124878, 1.829209327697754]
Processing direction 1: [0.4 0. ]
Processing direction 2: [0.39231411 0.07803613]
Processing direction 3: [0.36955181 0.15307337]
Processing direction 4: [0.33258784 0.22222809]
Processing direction 5: [0.28284271 0.28284271]
Processing direction 6: [0.22222809 0.33258784]
Processing direction 7: [0.15307337 0.36955181]
Processing direction 8: [0.07803613 0.39231411]
Processing direction 9: [2.4492936e-17 4.0000000e-01]
Processing direction 10: [-0.07803613  0.39231411]
Processing direction 11: [-0.15307337  0.36955181]
Processing direction 12: [-0.22222809  0.33258784]
Processing direction 13: [-0.28284271  0.28284271]
Processing direction 14: [-0.33258784  0.22222809]
Processing direction 15: [-0.36955181  0.15307337]
Processing direction 16: [-0.39231411  0.07803613]
Processing direction 17: [-4.0000000e-01  4.8985872e-17]
Processing direction 18: [-0.39231411 -0.07803613]
Processing direction 19: [-0.36955181 -0.15307337]
Processing direction 20: [-0.33258784 -0.22222809]
Processing direction 21: [-0.28284271 -0.28284271]
Processing direction 22: [-0.22222809 -0.33258784]
Processing direction 23: [-0.15307337 -0.36955181]
Processing direction 24: [-0.07803613 -0.39231411]
Processing direction 25: [-7.34788079e-17 -4.00000000e-01]
Processing direction 26: [ 0.07803613 -0.39231411]
Processing direction 27: [ 0.15307337 -0.36955181]
Processing direction 28: [ 0.22222809 -0.33258784]
Processing direction 29: [ 0.28284271 -0.28284271]
Processing direction 30: [ 0.33258784 -0.22222809]
Processing direction 31: [ 0.36955181 -0.15307337]
Processing direction 32: [ 0.39231411 -0.07803613]

=== Step 39 ===
Current position: [2.9145402908325195, 2.039501428604126]
Processing direction 1: [0.4 0. ]
Processing direction 2: [0.39231411 0.07803613]
Processing direction 3: [0.36955181 0.15307337]
Processing direction 4: [0.33258784 0.22222809]
Processing direction 5: [0.28284271 0.28284271]
Processing direction 6: [0.22222809 0.33258784]
Processing direction 7: [0.15307337 0.36955181]
Processing direction 8: [0.07803613 0.39231411]
Processing direction 9: [2.4492936e-17 4.0000000e-01]
Processing direction 10: [-0.07803613  0.39231411]
Processing direction 11: [-0.15307337  0.36955181]
Processing direction 12: [-0.22222809  0.33258784]
Processing direction 13: [-0.28284271  0.28284271]
Processing direction 14: [-0.33258784  0.22222809]
Processing direction 15: [-0.36955181  0.15307337]
Processing direction 16: [-0.39231411  0.07803613]
Processing direction 17: [-4.0000000e-01  4.8985872e-17]
Processing direction 18: [-0.39231411 -0.07803613]
Processing direction 19: [-0.36955181 -0.15307337]
Processing direction 20: [-0.33258784 -0.22222809]
Processing direction 21: [-0.28284271 -0.28284271]
Processing direction 22: [-0.22222809 -0.33258784]
Processing direction 23: [-0.15307337 -0.36955181]
Processing direction 24: [-0.07803613 -0.39231411]
Processing direction 25: [-7.34788079e-17 -4.00000000e-01]
Processing direction 26: [ 0.07803613 -0.39231411]
Processing direction 27: [ 0.15307337 -0.36955181]
Processing direction 28: [ 0.22222809 -0.33258784]
Processing direction 29: [ 0.28284271 -0.28284271]
Processing direction 30: [ 0.33258784 -0.22222809]
Processing direction 31: [ 0.36955181 -0.15307337]
Processing direction 32: [ 0.39231411 -0.07803613]

=== Step 40 ===
Current position: [2.699326992034912, 2.2657015323638916]
Processing direction 1: [0.4 0. ]
Processing direction 2: [0.39231411 0.07803613]
Processing direction 3: [0.36955181 0.15307337]
Processing direction 4: [0.33258784 0.22222809]
Processing direction 5: [0.28284271 0.28284271]
Processing direction 6: [0.22222809 0.33258784]
Processing direction 7: [0.15307337 0.36955181]
Processing direction 8: [0.07803613 0.39231411]
Processing direction 9: [2.4492936e-17 4.0000000e-01]
Processing direction 10: [-0.07803613  0.39231411]
Processing direction 11: [-0.15307337  0.36955181]
Processing direction 12: [-0.22222809  0.33258784]
Processing direction 13: [-0.28284271  0.28284271]
Processing direction 14: [-0.33258784  0.22222809]
Processing direction 15: [-0.36955181  0.15307337]
Processing direction 16: [-0.39231411  0.07803613]
Processing direction 17: [-4.0000000e-01  4.8985872e-17]
Processing direction 18: [-0.39231411 -0.07803613]
Processing direction 19: [-0.36955181 -0.15307337]
Processing direction 20: [-0.33258784 -0.22222809]
Processing direction 21: [-0.28284271 -0.28284271]
Processing direction 22: [-0.22222809 -0.33258784]
Processing direction 23: [-0.15307337 -0.36955181]
Processing direction 24: [-0.07803613 -0.39231411]
Processing direction 25: [-7.34788079e-17 -4.00000000e-01]
Processing direction 26: [ 0.07803613 -0.39231411]
Processing direction 27: [ 0.15307337 -0.36955181]
Processing direction 28: [ 0.22222809 -0.33258784]
Processing direction 29: [ 0.28284271 -0.28284271]
Processing direction 30: [ 0.33258784 -0.22222809]
Processing direction 31: [ 0.36955181 -0.15307337]
Processing direction 32: [ 0.39231411 -0.07803613]

=== Step 41 ===
Current position: [3.1637508869171143, 1.9888607263565063]
Processing direction 1: [0.4 0. ]
Processing direction 2: [0.39231411 0.07803613]
Processing direction 3: [0.36955181 0.15307337]
Processing direction 4: [0.33258784 0.22222809]
Processing direction 5: [0.28284271 0.28284271]
Processing direction 6: [0.22222809 0.33258784]
Processing direction 7: [0.15307337 0.36955181]
Processing direction 8: [0.07803613 0.39231411]
Processing direction 9: [2.4492936e-17 4.0000000e-01]
Processing direction 10: [-0.07803613  0.39231411]
Processing direction 11: [-0.15307337  0.36955181]
Processing direction 12: [-0.22222809  0.33258784]
Processing direction 13: [-0.28284271  0.28284271]
Processing direction 14: [-0.33258784  0.22222809]
Processing direction 15: [-0.36955181  0.15307337]
Processing direction 16: [-0.39231411  0.07803613]
Processing direction 17: [-4.0000000e-01  4.8985872e-17]
Processing direction 18: [-0.39231411 -0.07803613]
Processing direction 19: [-0.36955181 -0.15307337]
Processing direction 20: [-0.33258784 -0.22222809]
Processing direction 21: [-0.28284271 -0.28284271]
Processing direction 22: [-0.22222809 -0.33258784]
Processing direction 23: [-0.15307337 -0.36955181]
Processing direction 24: [-0.07803613 -0.39231411]
Processing direction 25: [-7.34788079e-17 -4.00000000e-01]
Processing direction 26: [ 0.07803613 -0.39231411]
Processing direction 27: [ 0.15307337 -0.36955181]
Processing direction 28: [ 0.22222809 -0.33258784]
Processing direction 29: [ 0.28284271 -0.28284271]
Processing direction 30: [ 0.33258784 -0.22222809]
Processing direction 31: [ 0.36955181 -0.15307337]
Processing direction 32: [ 0.39231411 -0.07803613]

=== Step 42 ===
Current position: [2.9299559593200684, 2.2024800777435303]
Processing direction 1: [0.4 0. ]
Processing direction 2: [0.39231411 0.07803613]
Processing direction 3: [0.36955181 0.15307337]
Processing direction 4: [0.33258784 0.22222809]
Processing direction 5: [0.28284271 0.28284271]
Processing direction 6: [0.22222809 0.33258784]
Processing direction 7: [0.15307337 0.36955181]
Processing direction 8: [0.07803613 0.39231411]
Processing direction 9: [2.4492936e-17 4.0000000e-01]
Processing direction 10: [-0.07803613  0.39231411]
Processing direction 11: [-0.15307337  0.36955181]
Processing direction 12: [-0.22222809  0.33258784]
Processing direction 13: [-0.28284271  0.28284271]
Processing direction 14: [-0.33258784  0.22222809]
Processing direction 15: [-0.36955181  0.15307337]
Processing direction 16: [-0.39231411  0.07803613]
Processing direction 17: [-4.0000000e-01  4.8985872e-17]
Processing direction 18: [-0.39231411 -0.07803613]
Processing direction 19: [-0.36955181 -0.15307337]
Processing direction 20: [-0.33258784 -0.22222809]
Processing direction 21: [-0.28284271 -0.28284271]
Processing direction 22: [-0.22222809 -0.33258784]
Processing direction 23: [-0.15307337 -0.36955181]
Processing direction 24: [-0.07803613 -0.39231411]
Processing direction 25: [-7.34788079e-17 -4.00000000e-01]
Processing direction 26: [ 0.07803613 -0.39231411]
Processing direction 27: [ 0.15307337 -0.36955181]
Processing direction 28: [ 0.22222809 -0.33258784]
Processing direction 29: [ 0.28284271 -0.28284271]
Processing direction 30: [ 0.33258784 -0.22222809]
Processing direction 31: [ 0.36955181 -0.15307337]
Processing direction 32: [ 0.39231411 -0.07803613]

=== Step 43 ===
Current position: [3.3018250465393066, 2.4827444553375244]
Processing direction 1: [0.4 0. ]
Processing direction 2: [0.39231411 0.07803613]
Processing direction 3: [0.36955181 0.15307337]
Processing direction 4: [0.33258784 0.22222809]
Processing direction 5: [0.28284271 0.28284271]
Processing direction 6: [0.22222809 0.33258784]
Processing direction 7: [0.15307337 0.36955181]
Processing direction 8: [0.07803613 0.39231411]
Processing direction 9: [2.4492936e-17 4.0000000e-01]
Processing direction 10: [-0.07803613  0.39231411]
Processing direction 11: [-0.15307337  0.36955181]
Processing direction 12: [-0.22222809  0.33258784]
Processing direction 13: [-0.28284271  0.28284271]
Processing direction 14: [-0.33258784  0.22222809]
Processing direction 15: [-0.36955181  0.15307337]
Processing direction 16: [-0.39231411  0.07803613]
Processing direction 17: [-4.0000000e-01  4.8985872e-17]
Processing direction 18: [-0.39231411 -0.07803613]
Processing direction 19: [-0.36955181 -0.15307337]
Processing direction 20: [-0.33258784 -0.22222809]
Processing direction 21: [-0.28284271 -0.28284271]
Processing direction 22: [-0.22222809 -0.33258784]
Processing direction 23: [-0.15307337 -0.36955181]
Processing direction 24: [-0.07803613 -0.39231411]
Processing direction 25: [-7.34788079e-17 -4.00000000e-01]
Processing direction 26: [ 0.07803613 -0.39231411]
Processing direction 27: [ 0.15307337 -0.36955181]
Processing direction 28: [ 0.22222809 -0.33258784]
Processing direction 29: [ 0.28284271 -0.28284271]
Processing direction 30: [ 0.33258784 -0.22222809]
Processing direction 31: [ 0.36955181 -0.15307337]
Processing direction 32: [ 0.39231411 -0.07803613]

=== Step 44 ===
Current position: [3.5423271656036377, 2.8825371265411377]
Processing direction 1: [0.4 0. ]
Processing direction 2: [0.39231411 0.07803613]
Processing direction 3: [0.36955181 0.15307337]
Processing direction 4: [0.33258784 0.22222809]
Processing direction 5: [0.28284271 0.28284271]
Processing direction 6: [0.22222809 0.33258784]
Processing direction 7: [0.15307337 0.36955181]
Processing direction 8: [0.07803613 0.39231411]
Processing direction 9: [2.4492936e-17 4.0000000e-01]
Processing direction 10: [-0.07803613  0.39231411]
Processing direction 11: [-0.15307337  0.36955181]
Processing direction 12: [-0.22222809  0.33258784]
Processing direction 13: [-0.28284271  0.28284271]
Processing direction 14: [-0.33258784  0.22222809]
Processing direction 15: [-0.36955181  0.15307337]
Processing direction 16: [-0.39231411  0.07803613]
Processing direction 17: [-4.0000000e-01  4.8985872e-17]
Processing direction 18: [-0.39231411 -0.07803613]
Processing direction 19: [-0.36955181 -0.15307337]
Processing direction 20: [-0.33258784 -0.22222809]
Processing direction 21: [-0.28284271 -0.28284271]
Processing direction 22: [-0.22222809 -0.33258784]
Processing direction 23: [-0.15307337 -0.36955181]
Processing direction 24: [-0.07803613 -0.39231411]
Processing direction 25: [-7.34788079e-17 -4.00000000e-01]
Processing direction 26: [ 0.07803613 -0.39231411]
Processing direction 27: [ 0.15307337 -0.36955181]
Processing direction 28: [ 0.22222809 -0.33258784]
Processing direction 29: [ 0.28284271 -0.28284271]
Processing direction 30: [ 0.33258784 -0.22222809]
Processing direction 31: [ 0.36955181 -0.15307337]
Processing direction 32: [ 0.39231411 -0.07803613]

=== Step 45 ===
Current position: [3.6480143070220947, 3.0553789138793945]
Processing direction 1: [0.4 0. ]
Processing direction 2: [0.39231411 0.07803613]
Processing direction 3: [0.36955181 0.15307337]
Processing direction 4: [0.33258784 0.22222809]
Processing direction 5: [0.28284271 0.28284271]
Processing direction 6: [0.22222809 0.33258784]
Processing direction 7: [0.15307337 0.36955181]
Processing direction 8: [0.07803613 0.39231411]
Processing direction 9: [2.4492936e-17 4.0000000e-01]
Processing direction 10: [-0.07803613  0.39231411]
Processing direction 11: [-0.15307337  0.36955181]
Processing direction 12: [-0.22222809  0.33258784]
Processing direction 13: [-0.28284271  0.28284271]
Processing direction 14: [-0.33258784  0.22222809]
Processing direction 15: [-0.36955181  0.15307337]
Processing direction 16: [-0.39231411  0.07803613]
Processing direction 17: [-4.0000000e-01  4.8985872e-17]
Processing direction 18: [-0.39231411 -0.07803613]
Processing direction 19: [-0.36955181 -0.15307337]
Processing direction 20: [-0.33258784 -0.22222809]
Processing direction 21: [-0.28284271 -0.28284271]
Processing direction 22: [-0.22222809 -0.33258784]
Processing direction 23: [-0.15307337 -0.36955181]
Processing direction 24: [-0.07803613 -0.39231411]
Processing direction 25: [-7.34788079e-17 -4.00000000e-01]
Processing direction 26: [ 0.07803613 -0.39231411]
Processing direction 27: [ 0.15307337 -0.36955181]
Processing direction 28: [ 0.22222809 -0.33258784]
Processing direction 29: [ 0.28284271 -0.28284271]
Processing direction 30: [ 0.33258784 -0.22222809]
Processing direction 31: [ 0.36955181 -0.15307337]
Processing direction 32: [ 0.39231411 -0.07803613]

=== Step 46 ===
Current position: [3.918160915374756, 3.2740554809570312]
Processing direction 1: [0.4 0. ]
Processing direction 2: [0.39231411 0.07803613]
Processing direction 3: [0.36955181 0.15307337]
Processing direction 4: [0.33258784 0.22222809]
Processing direction 5: [0.28284271 0.28284271]
Processing direction 6: [0.22222809 0.33258784]
Processing direction 7: [0.15307337 0.36955181]
Processing direction 8: [0.07803613 0.39231411]
Processing direction 9: [2.4492936e-17 4.0000000e-01]
Processing direction 10: [-0.07803613  0.39231411]
Processing direction 11: [-0.15307337  0.36955181]
Processing direction 12: [-0.22222809  0.33258784]
Processing direction 13: [-0.28284271  0.28284271]
Processing direction 14: [-0.33258784  0.22222809]
Processing direction 15: [-0.36955181  0.15307337]
Processing direction 16: [-0.39231411  0.07803613]
Processing direction 17: [-4.0000000e-01  4.8985872e-17]
Processing direction 18: [-0.39231411 -0.07803613]
Processing direction 19: [-0.36955181 -0.15307337]
Processing direction 20: [-0.33258784 -0.22222809]
Processing direction 21: [-0.28284271 -0.28284271]
Processing direction 22: [-0.22222809 -0.33258784]
Processing direction 23: [-0.15307337 -0.36955181]
Processing direction 24: [-0.07803613 -0.39231411]
Processing direction 25: [-7.34788079e-17 -4.00000000e-01]
Processing direction 26: [ 0.07803613 -0.39231411]
Processing direction 27: [ 0.15307337 -0.36955181]
Processing direction 28: [ 0.22222809 -0.33258784]
Processing direction 29: [ 0.28284271 -0.28284271]
Processing direction 30: [ 0.33258784 -0.22222809]
Processing direction 31: [ 0.36955181 -0.15307337]
Processing direction 32: [ 0.39231411 -0.07803613]

=== Step 47 ===
Current position: [4.1527485847473145, 3.4845845699310303]
Processing direction 1: [0.4 0. ]
Processing direction 2: [0.39231411 0.07803613]
Processing direction 3: [0.36955181 0.15307337]
Processing direction 4: [0.33258784 0.22222809]
Processing direction 5: [0.28284271 0.28284271]
Processing direction 6: [0.22222809 0.33258784]
Processing direction 7: [0.15307337 0.36955181]
Processing direction 8: [0.07803613 0.39231411]
Processing direction 9: [2.4492936e-17 4.0000000e-01]
Processing direction 10: [-0.07803613  0.39231411]
Processing direction 11: [-0.15307337  0.36955181]
Processing direction 12: [-0.22222809  0.33258784]
Processing direction 13: [-0.28284271  0.28284271]
Processing direction 14: [-0.33258784  0.22222809]
Processing direction 15: [-0.36955181  0.15307337]
Processing direction 16: [-0.39231411  0.07803613]
Processing direction 17: [-4.0000000e-01  4.8985872e-17]
Processing direction 18: [-0.39231411 -0.07803613]
Processing direction 19: [-0.36955181 -0.15307337]
Processing direction 20: [-0.33258784 -0.22222809]
Processing direction 21: [-0.28284271 -0.28284271]
Processing direction 22: [-0.22222809 -0.33258784]
Processing direction 23: [-0.15307337 -0.36955181]
Processing direction 24: [-0.07803613 -0.39231411]
Processing direction 25: [-7.34788079e-17 -4.00000000e-01]
Processing direction 26: [ 0.07803613 -0.39231411]
Processing direction 27: [ 0.15307337 -0.36955181]
Processing direction 28: [ 0.22222809 -0.33258784]
Processing direction 29: [ 0.28284271 -0.28284271]
Processing direction 30: [ 0.33258784 -0.22222809]
Processing direction 31: [ 0.36955181 -0.15307337]
Processing direction 32: [ 0.39231411 -0.07803613]

=== Step 48 ===
Current position: [4.320166110992432, 3.663377285003662]
Processing direction 1: [0.4 0. ]
Processing direction 2: [0.39231411 0.07803613]
Processing direction 3: [0.36955181 0.15307337]
Processing direction 4: [0.33258784 0.22222809]
Processing direction 5: [0.28284271 0.28284271]
Processing direction 6: [0.22222809 0.33258784]
Processing direction 7: [0.15307337 0.36955181]
Processing direction 8: [0.07803613 0.39231411]
Processing direction 9: [2.4492936e-17 4.0000000e-01]
Processing direction 10: [-0.07803613  0.39231411]
Processing direction 11: [-0.15307337  0.36955181]
Processing direction 12: [-0.22222809  0.33258784]
Processing direction 13: [-0.28284271  0.28284271]
Processing direction 14: [-0.33258784  0.22222809]
Processing direction 15: [-0.36955181  0.15307337]
Processing direction 16: [-0.39231411  0.07803613]
Processing direction 17: [-4.0000000e-01  4.8985872e-17]
Processing direction 18: [-0.39231411 -0.07803613]
Processing direction 19: [-0.36955181 -0.15307337]
Processing direction 20: [-0.33258784 -0.22222809]
Processing direction 21: [-0.28284271 -0.28284271]
Processing direction 22: [-0.22222809 -0.33258784]
Processing direction 23: [-0.15307337 -0.36955181]
Processing direction 24: [-0.07803613 -0.39231411]
Processing direction 25: [-7.34788079e-17 -4.00000000e-01]
Processing direction 26: [ 0.07803613 -0.39231411]
Processing direction 27: [ 0.15307337 -0.36955181]
Processing direction 28: [ 0.22222809 -0.33258784]
Processing direction 29: [ 0.28284271 -0.28284271]
Processing direction 30: [ 0.33258784 -0.22222809]
Processing direction 31: [ 0.36955181 -0.15307337]
Processing direction 32: [ 0.39231411 -0.07803613]

=== Step 49 ===
Current position: [4.435696601867676, 3.8925421237945557]
Processing direction 1: [0.4 0. ]
Processing direction 2: [0.39231411 0.07803613]
Processing direction 3: [0.36955181 0.15307337]
Processing direction 4: [0.33258784 0.22222809]
Processing direction 5: [0.28284271 0.28284271]
Processing direction 6: [0.22222809 0.33258784]
Processing direction 7: [0.15307337 0.36955181]
Processing direction 8: [0.07803613 0.39231411]
Processing direction 9: [2.4492936e-17 4.0000000e-01]
Processing direction 10: [-0.07803613  0.39231411]
Processing direction 11: [-0.15307337  0.36955181]
Processing direction 12: [-0.22222809  0.33258784]
Processing direction 13: [-0.28284271  0.28284271]
Processing direction 14: [-0.33258784  0.22222809]
Processing direction 15: [-0.36955181  0.15307337]
Processing direction 16: [-0.39231411  0.07803613]
Processing direction 17: [-4.0000000e-01  4.8985872e-17]
Processing direction 18: [-0.39231411 -0.07803613]
Processing direction 19: [-0.36955181 -0.15307337]
Processing direction 20: [-0.33258784 -0.22222809]
Processing direction 21: [-0.28284271 -0.28284271]
Processing direction 22: [-0.22222809 -0.33258784]
Processing direction 23: [-0.15307337 -0.36955181]
Processing direction 24: [-0.07803613 -0.39231411]
Processing direction 25: [-7.34788079e-17 -4.00000000e-01]
Processing direction 26: [ 0.07803613 -0.39231411]
Processing direction 27: [ 0.15307337 -0.36955181]
Processing direction 28: [ 0.22222809 -0.33258784]
Processing direction 29: [ 0.28284271 -0.28284271]
Processing direction 30: [ 0.33258784 -0.22222809]
Processing direction 31: [ 0.36955181 -0.15307337]
Processing direction 32: [ 0.39231411 -0.07803613]

Path Sampling Completed! Conditions of step size 0.4 and directions 32

=== Step 0 ===
Current position: [0.5, 2.0]
Processing direction 1: [0.6 0. ]
Processing direction 2: [0.  0.6]
Processing direction 3: [-0.6  0. ]
Processing direction 4: [ 0.  -0.6]

=== Step 1 ===
Current position: [1.1046497821807861, 1.9506274461746216]
Processing direction 1: [0.6 0. ]
Processing direction 2: [0.  0.6]
Processing direction 3: [-0.6  0. ]
Processing direction 4: [ 0.  -0.6]

=== Step 2 ===
Current position: [1.7954821586608887, 1.9721986055374146]
Processing direction 1: [0.6 0. ]
Processing direction 2: [0.  0.6]
Processing direction 3: [-0.6  0. ]
Processing direction 4: [ 0.  -0.6]

=== Step 3 ===
Current position: [2.4684722423553467, 1.9971673488616943]
Processing direction 1: [0.6 0. ]
Processing direction 2: [0.  0.6]
Processing direction 3: [-0.6  0. ]
Processing direction 4: [ 0.  -0.6]

=== Step 4 ===
Current position: [3.097261905670166, 1.9687376022338867]
Processing direction 1: [0.6 0. ]
Processing direction 2: [0.  0.6]
Processing direction 3: [-0.6  0. ]
Processing direction 4: [ 0.  -0.6]

=== Step 5 ===
Current position: [3.116687536239624, 2.4473836421966553]
Processing direction 1: [0.6 0. ]
Processing direction 2: [0.  0.6]
Processing direction 3: [-0.6  0. ]
Processing direction 4: [ 0.  -0.6]

=== Step 6 ===
Current position: [3.148293972015381, 3.037497043609619]
Processing direction 1: [0.6 0. ]
Processing direction 2: [0.  0.6]
Processing direction 3: [-0.6  0. ]
Processing direction 4: [ 0.  -0.6]

=== Step 7 ===
Current position: [3.655773878097534, 2.9436874389648438]
Processing direction 1: [0.6 0. ]
Processing direction 2: [0.  0.6]
Processing direction 3: [-0.6  0. ]
Processing direction 4: [ 0.  -0.6]

=== Step 8 ===
Current position: [3.6522841453552246, 3.4538064002990723]
Processing direction 1: [0.6 0. ]
Processing direction 2: [0.  0.6]
Processing direction 3: [-0.6  0. ]
Processing direction 4: [ 0.  -0.6]

=== Step 9 ===
Current position: [4.242654323577881, 3.3449084758758545]
Processing direction 1: [0.6 0. ]
Processing direction 2: [0.  0.6]
Processing direction 3: [-0.6  0. ]
Processing direction 4: [ 0.  -0.6]

=== Step 10 ===
Current position: [4.141857147216797, 3.8806374073028564]
Processing direction 1: [0.6 0. ]
Processing direction 2: [0.  0.6]
Processing direction 3: [-0.6  0. ]
Processing direction 4: [ 0.  -0.6]

=== Step 11 ===
Current position: [4.127177715301514, 4.29311990737915]
Processing direction 1: [0.6 0. ]
Processing direction 2: [0.  0.6]
Processing direction 3: [-0.6  0. ]
Processing direction 4: [ 0.  -0.6]

=== Step 12 ===
Current position: [4.197915554046631, 4.728160381317139]
Processing direction 1: [0.6 0. ]
Processing direction 2: [0.  0.6]
Processing direction 3: [-0.6  0. ]
Processing direction 4: [ 0.  -0.6]

=== Step 13 ===
Current position: [4.822814464569092, 4.60664701461792]
Processing direction 1: [0.6 0. ]
Processing direction 2: [0.  0.6]
Processing direction 3: [-0.6  0. ]
Processing direction 4: [ 0.  -0.6]

=== Step 14 ===
Current position: [4.878509044647217, 4.965948104858398]
Processing direction 1: [0.6 0. ]
Processing direction 2: [0.  0.6]
Processing direction 3: [-0.6  0. ]
Processing direction 4: [ 0.  -0.6]

=== Step 15 ===
Current position: [4.978998184204102, 5.341446399688721]
Processing direction 1: [0.6 0. ]
Processing direction 2: [0.  0.6]
Processing direction 3: [-0.6  0. ]
Processing direction 4: [ 0.  -0.6]

=== Step 16 ===
Current position: [5.115188121795654, 5.698555946350098]
Processing direction 1: [0.6 0. ]
Processing direction 2: [0.  0.6]
Processing direction 3: [-0.6  0. ]
Processing direction 4: [ 0.  -0.6]

=== Step 17 ===
Current position: [5.123472690582275, 5.842279434204102]
Processing direction 1: [0.6 0. ]
Processing direction 2: [0.  0.6]
Processing direction 3: [-0.6  0. ]
Processing direction 4: [ 0.  -0.6]

=== Step 18 ===
Current position: [5.122431755065918, 5.090053081512451]
Processing direction 1: [0.6 0. ]
Processing direction 2: [0.  0.6]
Processing direction 3: [-0.6  0. ]
Processing direction 4: [ 0.  -0.6]

=== Step 19 ===
Current position: [5.197292327880859, 5.499381065368652]
Processing direction 1: [0.6 0. ]
Processing direction 2: [0.  0.6]
Processing direction 3: [-0.6  0. ]
Processing direction 4: [ 0.  -0.6]

Path Sampling Completed! Conditions of step size 0.6 and directions 4

=== Step 0 ===
Current position: [0.5, 2.0]
Processing direction 1: [0.6 0. ]
Processing direction 2: [0.42426407 0.42426407]
Processing direction 3: [0.  0.6]
Processing direction 4: [-0.42426407  0.42426407]
Processing direction 5: [-0.6  0. ]
Processing direction 6: [-0.42426407 -0.42426407]
Processing direction 7: [ 0.  -0.6]
Processing direction 8: [ 0.42426407 -0.42426407]

=== Step 1 ===
Current position: [0.9306261539459229, 1.5958322286605835]
Processing direction 1: [0.6 0. ]
Processing direction 2: [0.42426407 0.42426407]
Processing direction 3: [0.  0.6]
Processing direction 4: [-0.42426407  0.42426407]
Processing direction 5: [-0.6  0. ]
Processing direction 6: [-0.42426407 -0.42426407]
Processing direction 7: [ 0.  -0.6]
Processing direction 8: [ 0.42426407 -0.42426407]

=== Step 2 ===
Current position: [0.6046101450920105, 2.04190993309021]
Processing direction 1: [0.6 0. ]
Processing direction 2: [0.42426407 0.42426407]
Processing direction 3: [0.  0.6]
Processing direction 4: [-0.42426407  0.42426407]
Processing direction 5: [-0.6  0. ]
Processing direction 6: [-0.42426407 -0.42426407]
Processing direction 7: [ 0.  -0.6]
Processing direction 8: [ 0.42426407 -0.42426407]

=== Step 3 ===
Current position: [1.0194910764694214, 1.7089401483535767]
Processing direction 1: [0.6 0. ]
Processing direction 2: [0.42426407 0.42426407]
Processing direction 3: [0.  0.6]
Processing direction 4: [-0.42426407  0.42426407]
Processing direction 5: [-0.6  0. ]
Processing direction 6: [-0.42426407 -0.42426407]
Processing direction 7: [ 0.  -0.6]
Processing direction 8: [ 0.42426407 -0.42426407]

=== Step 4 ===
Current position: [1.1280189752578735, 2.3539202213287354]
Processing direction 1: [0.6 0. ]
Processing direction 2: [0.42426407 0.42426407]
Processing direction 3: [0.  0.6]
Processing direction 4: [-0.42426407  0.42426407]
Processing direction 5: [-0.6  0. ]
Processing direction 6: [-0.42426407 -0.42426407]
Processing direction 7: [ 0.  -0.6]
Processing direction 8: [ 0.42426407 -0.42426407]

=== Step 5 ===
Current position: [1.6230530738830566, 1.9337023496627808]
Processing direction 1: [0.6 0. ]
Processing direction 2: [0.42426407 0.42426407]
Processing direction 3: [0.  0.6]
Processing direction 4: [-0.42426407  0.42426407]
Processing direction 5: [-0.6  0. ]
Processing direction 6: [-0.42426407 -0.42426407]
Processing direction 7: [ 0.  -0.6]
Processing direction 8: [ 0.42426407 -0.42426407]

=== Step 6 ===
Current position: [1.3620741367340088, 2.4024534225463867]
Processing direction 1: [0.6 0. ]
Processing direction 2: [0.42426407 0.42426407]
Processing direction 3: [0.  0.6]
Processing direction 4: [-0.42426407  0.42426407]
Processing direction 5: [-0.6  0. ]
Processing direction 6: [-0.42426407 -0.42426407]
Processing direction 7: [ 0.  -0.6]
Processing direction 8: [ 0.42426407 -0.42426407]

=== Step 7 ===
Current position: [1.7670691013336182, 2.0977602005004883]
Processing direction 1: [0.6 0. ]
Processing direction 2: [0.42426407 0.42426407]
Processing direction 3: [0.  0.6]
Processing direction 4: [-0.42426407  0.42426407]
Processing direction 5: [-0.6  0. ]
Processing direction 6: [-0.42426407 -0.42426407]
Processing direction 7: [ 0.  -0.6]
Processing direction 8: [ 0.42426407 -0.42426407]

=== Step 8 ===
Current position: [1.4346848726272583, 2.6145260334014893]
Processing direction 1: [0.6 0. ]
Processing direction 2: [0.42426407 0.42426407]
Processing direction 3: [0.  0.6]
Processing direction 4: [-0.42426407  0.42426407]
Processing direction 5: [-0.6  0. ]
Processing direction 6: [-0.42426407 -0.42426407]
Processing direction 7: [ 0.  -0.6]
Processing direction 8: [ 0.42426407 -0.42426407]

=== Step 9 ===
Current position: [2.039907932281494, 2.2570950984954834]
Processing direction 1: [0.6 0. ]
Processing direction 2: [0.42426407 0.42426407]
Processing direction 3: [0.  0.6]
Processing direction 4: [-0.42426407  0.42426407]
Processing direction 5: [-0.6  0. ]
Processing direction 6: [-0.42426407 -0.42426407]
Processing direction 7: [ 0.  -0.6]
Processing direction 8: [ 0.42426407 -0.42426407]

=== Step 10 ===
Current position: [2.7538607120513916, 2.2333457469940186]
Processing direction 1: [0.6 0. ]
Processing direction 2: [0.42426407 0.42426407]
Processing direction 3: [0.  0.6]
Processing direction 4: [-0.42426407  0.42426407]
Processing direction 5: [-0.6  0. ]
Processing direction 6: [-0.42426407 -0.42426407]
Processing direction 7: [ 0.  -0.6]
Processing direction 8: [ 0.42426407 -0.42426407]

=== Step 11 ===
Current position: [3.209240674972534, 2.6126890182495117]
Processing direction 1: [0.6 0. ]
Processing direction 2: [0.42426407 0.42426407]
Processing direction 3: [0.  0.6]
Processing direction 4: [-0.42426407  0.42426407]
Processing direction 5: [-0.6  0. ]
Processing direction 6: [-0.42426407 -0.42426407]
Processing direction 7: [ 0.  -0.6]
Processing direction 8: [ 0.42426407 -0.42426407]

=== Step 12 ===
Current position: [3.5227842330932617, 2.9571497440338135]
Processing direction 1: [0.6 0. ]
Processing direction 2: [0.42426407 0.42426407]
Processing direction 3: [0.  0.6]
Processing direction 4: [-0.42426407  0.42426407]
Processing direction 5: [-0.6  0. ]
Processing direction 6: [-0.42426407 -0.42426407]
Processing direction 7: [ 0.  -0.6]
Processing direction 8: [ 0.42426407 -0.42426407]

=== Step 13 ===
Current position: [3.970975875854492, 3.3108584880828857]
Processing direction 1: [0.6 0. ]
Processing direction 2: [0.42426407 0.42426407]
Processing direction 3: [0.  0.6]
Processing direction 4: [-0.42426407  0.42426407]
Processing direction 5: [-0.6  0. ]
Processing direction 6: [-0.42426407 -0.42426407]
Processing direction 7: [ 0.  -0.6]
Processing direction 8: [ 0.42426407 -0.42426407]

=== Step 14 ===
Current position: [4.357389450073242, 3.614997148513794]
Processing direction 1: [0.6 0. ]
Processing direction 2: [0.42426407 0.42426407]
Processing direction 3: [0.  0.6]
Processing direction 4: [-0.42426407  0.42426407]
Processing direction 5: [-0.6  0. ]
Processing direction 6: [-0.42426407 -0.42426407]
Processing direction 7: [ 0.  -0.6]
Processing direction 8: [ 0.42426407 -0.42426407]

=== Step 15 ===
Current position: [4.741313934326172, 3.914658308029175]
Processing direction 1: [0.6 0. ]
Processing direction 2: [0.42426407 0.42426407]
Processing direction 3: [0.  0.6]
Processing direction 4: [-0.42426407  0.42426407]
Processing direction 5: [-0.6  0. ]
Processing direction 6: [-0.42426407 -0.42426407]
Processing direction 7: [ 0.  -0.6]
Processing direction 8: [ 0.42426407 -0.42426407]

=== Step 16 ===
Current position: [4.846585273742676, 4.377870559692383]
Processing direction 1: [0.6 0. ]
Processing direction 2: [0.42426407 0.42426407]
Processing direction 3: [0.  0.6]
Processing direction 4: [-0.42426407  0.42426407]
Processing direction 5: [-0.6  0. ]
Processing direction 6: [-0.42426407 -0.42426407]
Processing direction 7: [ 0.  -0.6]
Processing direction 8: [ 0.42426407 -0.42426407]

=== Step 17 ===
Current position: [4.435088634490967, 4.70065450668335]
Processing direction 1: [0.6 0. ]
Processing direction 2: [0.42426407 0.42426407]
Processing direction 3: [0.  0.6]
Processing direction 4: [-0.42426407  0.42426407]
Processing direction 5: [-0.6  0. ]
Processing direction 6: [-0.42426407 -0.42426407]
Processing direction 7: [ 0.  -0.6]
Processing direction 8: [ 0.42426407 -0.42426407]

=== Step 18 ===
Current position: [4.992401123046875, 4.603964805603027]
Processing direction 1: [0.6 0. ]
Processing direction 2: [0.42426407 0.42426407]
Processing direction 3: [0.  0.6]
Processing direction 4: [-0.42426407  0.42426407]
Processing direction 5: [-0.6  0. ]
Processing direction 6: [-0.42426407 -0.42426407]
Processing direction 7: [ 0.  -0.6]
Processing direction 8: [ 0.42426407 -0.42426407]

=== Step 19 ===
Current position: [4.620520114898682, 4.862452983856201]
Processing direction 1: [0.6 0. ]
Processing direction 2: [0.42426407 0.42426407]
Processing direction 3: [0.  0.6]
Processing direction 4: [-0.42426407  0.42426407]
Processing direction 5: [-0.6  0. ]
Processing direction 6: [-0.42426407 -0.42426407]
Processing direction 7: [ 0.  -0.6]
Processing direction 8: [ 0.42426407 -0.42426407]

=== Step 20 ===
Current position: [5.088552474975586, 5.131861686706543]
Processing direction 1: [0.6 0. ]
Processing direction 2: [0.42426407 0.42426407]
Processing direction 3: [0.  0.6]
Processing direction 4: [-0.42426407  0.42426407]
Processing direction 5: [-0.6  0. ]
Processing direction 6: [-0.42426407 -0.42426407]
Processing direction 7: [ 0.  -0.6]
Processing direction 8: [ 0.42426407 -0.42426407]

=== Step 21 ===
Current position: [4.679520606994629, 5.383604526519775]
Processing direction 1: [0.6 0. ]
Processing direction 2: [0.42426407 0.42426407]
Processing direction 3: [0.  0.6]
Processing direction 4: [-0.42426407  0.42426407]
Processing direction 5: [-0.6  0. ]
Processing direction 6: [-0.42426407 -0.42426407]
Processing direction 7: [ 0.  -0.6]
Processing direction 8: [ 0.42426407 -0.42426407]

=== Step 22 ===
Current position: [5.09477424621582, 5.6025071144104]
Processing direction 1: [0.6 0. ]
Processing direction 2: [0.42426407 0.42426407]
Processing direction 3: [0.  0.6]
Processing direction 4: [-0.42426407  0.42426407]
Processing direction 5: [-0.6  0. ]
Processing direction 6: [-0.42426407 -0.42426407]
Processing direction 7: [ 0.  -0.6]
Processing direction 8: [ 0.42426407 -0.42426407]

=== Step 23 ===
Current position: [5.16836404800415, 5.7937397956848145]
Processing direction 1: [0.6 0. ]
Processing direction 2: [0.42426407 0.42426407]
Processing direction 3: [0.  0.6]
Processing direction 4: [-0.42426407  0.42426407]
Processing direction 5: [-0.6  0. ]
Processing direction 6: [-0.42426407 -0.42426407]
Processing direction 7: [ 0.  -0.6]
Processing direction 8: [ 0.42426407 -0.42426407]

=== Step 24 ===
Current position: [4.613224029541016, 5.523694038391113]
Processing direction 1: [0.6 0. ]
Processing direction 2: [0.42426407 0.42426407]
Processing direction 3: [0.  0.6]
Processing direction 4: [-0.42426407  0.42426407]
Processing direction 5: [-0.6  0. ]
Processing direction 6: [-0.42426407 -0.42426407]
Processing direction 7: [ 0.  -0.6]
Processing direction 8: [ 0.42426407 -0.42426407]

=== Step 25 ===
Current position: [5.289622783660889, 5.283876895904541]
Processing direction 1: [0.6 0. ]
Processing direction 2: [0.42426407 0.42426407]
Processing direction 3: [0.  0.6]
Processing direction 4: [-0.42426407  0.42426407]
Processing direction 5: [-0.6  0. ]
Processing direction 6: [-0.42426407 -0.42426407]
Processing direction 7: [ 0.  -0.6]
Processing direction 8: [ 0.42426407 -0.42426407]

=== Step 26 ===
Current position: [4.92360782623291, 5.5077385902404785]
Processing direction 1: [0.6 0. ]
Processing direction 2: [0.42426407 0.42426407]
Processing direction 3: [0.  0.6]
Processing direction 4: [-0.42426407  0.42426407]
Processing direction 5: [-0.6  0. ]
Processing direction 6: [-0.42426407 -0.42426407]
Processing direction 7: [ 0.  -0.6]
Processing direction 8: [ 0.42426407 -0.42426407]

=== Step 27 ===
Current position: [4.923673629760742, 5.7481255531311035]
Processing direction 1: [0.6 0. ]
Processing direction 2: [0.42426407 0.42426407]
Processing direction 3: [0.  0.6]
Processing direction 4: [-0.42426407  0.42426407]
Processing direction 5: [-0.6  0. ]
Processing direction 6: [-0.42426407 -0.42426407]
Processing direction 7: [ 0.  -0.6]
Processing direction 8: [ 0.42426407 -0.42426407]

=== Step 28 ===
Current position: [4.97025203704834, 5.882512092590332]
Processing direction 1: [0.6 0. ]
Processing direction 2: [0.42426407 0.42426407]
Processing direction 3: [0.  0.6]
Processing direction 4: [-0.42426407  0.42426407]
Processing direction 5: [-0.6  0. ]
Processing direction 6: [-0.42426407 -0.42426407]
Processing direction 7: [ 0.  -0.6]
Processing direction 8: [ 0.42426407 -0.42426407]

=== Step 29 ===
Current position: [4.952274799346924, 5.889491558074951]
Processing direction 1: [0.6 0. ]
Processing direction 2: [0.42426407 0.42426407]
Processing direction 3: [0.  0.6]
Processing direction 4: [-0.42426407  0.42426407]
Processing direction 5: [-0.6  0. ]
Processing direction 6: [-0.42426407 -0.42426407]
Processing direction 7: [ 0.  -0.6]
Processing direction 8: [ 0.42426407 -0.42426407]

=== Step 30 ===
Current position: [5.085771560668945, 5.087560653686523]
Processing direction 1: [0.6 0. ]
Processing direction 2: [0.42426407 0.42426407]
Processing direction 3: [0.  0.6]
Processing direction 4: [-0.42426407  0.42426407]
Processing direction 5: [-0.6  0. ]
Processing direction 6: [-0.42426407 -0.42426407]
Processing direction 7: [ 0.  -0.6]
Processing direction 8: [ 0.42426407 -0.42426407]

=== Step 31 ===
Current position: [4.707859992980957, 5.307087421417236]
Processing direction 1: [0.6 0. ]
Processing direction 2: [0.42426407 0.42426407]
Processing direction 3: [0.  0.6]
Processing direction 4: [-0.42426407  0.42426407]
Processing direction 5: [-0.6  0. ]
Processing direction 6: [-0.42426407 -0.42426407]
Processing direction 7: [ 0.  -0.6]
Processing direction 8: [ 0.42426407 -0.42426407]

=== Step 32 ===
Current position: [5.247072219848633, 5.515893936157227]
Processing direction 1: [0.6 0. ]
Processing direction 2: [0.42426407 0.42426407]
Processing direction 3: [0.  0.6]
Processing direction 4: [-0.42426407  0.42426407]
Processing direction 5: [-0.6  0. ]
Processing direction 6: [-0.42426407 -0.42426407]
Processing direction 7: [ 0.  -0.6]
Processing direction 8: [ 0.42426407 -0.42426407]

=== Step 33 ===
Current position: [4.9120988845825195, 5.727968692779541]
Processing direction 1: [0.6 0. ]
Processing direction 2: [0.42426407 0.42426407]
Processing direction 3: [0.  0.6]
Processing direction 4: [-0.42426407  0.42426407]
Processing direction 5: [-0.6  0. ]
Processing direction 6: [-0.42426407 -0.42426407]
Processing direction 7: [ 0.  -0.6]
Processing direction 8: [ 0.42426407 -0.42426407]

=== Step 34 ===
Current position: [4.956617832183838, 5.867767810821533]
Processing direction 1: [0.6 0. ]
Processing direction 2: [0.42426407 0.42426407]
Processing direction 3: [0.  0.6]
Processing direction 4: [-0.42426407  0.42426407]
Processing direction 5: [-0.6  0. ]
Processing direction 6: [-0.42426407 -0.42426407]
Processing direction 7: [ 0.  -0.6]
Processing direction 8: [ 0.42426407 -0.42426407]

Path Sampling Completed! Conditions of step size 0.6 and directions 8

=== Step 0 ===
Current position: [0.5, 2.0]
Processing direction 1: [0.6 0. ]
Processing direction 2: [0.55432772 0.22961006]
Processing direction 3: [0.42426407 0.42426407]
Processing direction 4: [0.22961006 0.55432772]
Processing direction 5: [0.  0.6]
Processing direction 6: [-0.22961006  0.55432772]
Processing direction 7: [-0.42426407  0.42426407]
Processing direction 8: [-0.55432772  0.22961006]
Processing direction 9: [-0.6  0. ]
Processing direction 10: [-0.55432772 -0.22961006]
Processing direction 11: [-0.42426407 -0.42426407]
Processing direction 12: [-0.22961006 -0.55432772]
Processing direction 13: [ 0.  -0.6]
Processing direction 14: [ 0.22961006 -0.55432772]
Processing direction 15: [ 0.42426407 -0.42426407]
Processing direction 16: [ 0.55432772 -0.22961006]

=== Step 1 ===
Current position: [0.9882813096046448, 1.6500338315963745]
Processing direction 1: [0.6 0. ]
Processing direction 2: [0.55432772 0.22961006]
Processing direction 3: [0.42426407 0.42426407]
Processing direction 4: [0.22961006 0.55432772]
Processing direction 5: [0.  0.6]
Processing direction 6: [-0.22961006  0.55432772]
Processing direction 7: [-0.42426407  0.42426407]
Processing direction 8: [-0.55432772  0.22961006]
Processing direction 9: [-0.6  0. ]
Processing direction 10: [-0.55432772 -0.22961006]
Processing direction 11: [-0.42426407 -0.42426407]
Processing direction 12: [-0.22961006 -0.55432772]
Processing direction 13: [ 0.  -0.6]
Processing direction 14: [ 0.22961006 -0.55432772]
Processing direction 15: [ 0.42426407 -0.42426407]
Processing direction 16: [ 0.55432772 -0.22961006]

=== Step 2 ===
Current position: [0.6214096546173096, 2.0874361991882324]
Processing direction 1: [0.6 0. ]
Processing direction 2: [0.55432772 0.22961006]
Processing direction 3: [0.42426407 0.42426407]
Processing direction 4: [0.22961006 0.55432772]
Processing direction 5: [0.  0.6]
Processing direction 6: [-0.22961006  0.55432772]
Processing direction 7: [-0.42426407  0.42426407]
Processing direction 8: [-0.55432772  0.22961006]
Processing direction 9: [-0.6  0. ]
Processing direction 10: [-0.55432772 -0.22961006]
Processing direction 11: [-0.42426407 -0.42426407]
Processing direction 12: [-0.22961006 -0.55432772]
Processing direction 13: [ 0.  -0.6]
Processing direction 14: [ 0.22961006 -0.55432772]
Processing direction 15: [ 0.42426407 -0.42426407]
Processing direction 16: [ 0.55432772 -0.22961006]

=== Step 3 ===
Current position: [1.0671131610870361, 1.7543879747390747]
Processing direction 1: [0.6 0. ]
Processing direction 2: [0.55432772 0.22961006]
Processing direction 3: [0.42426407 0.42426407]
Processing direction 4: [0.22961006 0.55432772]
Processing direction 5: [0.  0.6]
Processing direction 6: [-0.22961006  0.55432772]
Processing direction 7: [-0.42426407  0.42426407]
Processing direction 8: [-0.55432772  0.22961006]
Processing direction 9: [-0.6  0. ]
Processing direction 10: [-0.55432772 -0.22961006]
Processing direction 11: [-0.42426407 -0.42426407]
Processing direction 12: [-0.22961006 -0.55432772]
Processing direction 13: [ 0.  -0.6]
Processing direction 14: [ 0.22961006 -0.55432772]
Processing direction 15: [ 0.42426407 -0.42426407]
Processing direction 16: [ 0.55432772 -0.22961006]

=== Step 4 ===
Current position: [0.7351870536804199, 2.238036632537842]
Processing direction 1: [0.6 0. ]
Processing direction 2: [0.55432772 0.22961006]
Processing direction 3: [0.42426407 0.42426407]
Processing direction 4: [0.22961006 0.55432772]
Processing direction 5: [0.  0.6]
Processing direction 6: [-0.22961006  0.55432772]
Processing direction 7: [-0.42426407  0.42426407]
Processing direction 8: [-0.55432772  0.22961006]
Processing direction 9: [-0.6  0. ]
Processing direction 10: [-0.55432772 -0.22961006]
Processing direction 11: [-0.42426407 -0.42426407]
Processing direction 12: [-0.22961006 -0.55432772]
Processing direction 13: [ 0.  -0.6]
Processing direction 14: [ 0.22961006 -0.55432772]
Processing direction 15: [ 0.42426407 -0.42426407]
Processing direction 16: [ 0.55432772 -0.22961006]

=== Step 5 ===
Current position: [1.1773067712783813, 1.8562417030334473]
Processing direction 1: [0.6 0. ]
Processing direction 2: [0.55432772 0.22961006]
Processing direction 3: [0.42426407 0.42426407]
Processing direction 4: [0.22961006 0.55432772]
Processing direction 5: [0.  0.6]
Processing direction 6: [-0.22961006  0.55432772]
Processing direction 7: [-0.42426407  0.42426407]
Processing direction 8: [-0.55432772  0.22961006]
Processing direction 9: [-0.6  0. ]
Processing direction 10: [-0.55432772 -0.22961006]
Processing direction 11: [-0.42426407 -0.42426407]
Processing direction 12: [-0.22961006 -0.55432772]
Processing direction 13: [ 0.  -0.6]
Processing direction 14: [ 0.22961006 -0.55432772]
Processing direction 15: [ 0.42426407 -0.42426407]
Processing direction 16: [ 0.55432772 -0.22961006]

=== Step 6 ===
Current position: [0.8584040999412537, 2.304020881652832]
Processing direction 1: [0.6 0. ]
Processing direction 2: [0.55432772 0.22961006]
Processing direction 3: [0.42426407 0.42426407]
Processing direction 4: [0.22961006 0.55432772]
Processing direction 5: [0.  0.6]
Processing direction 6: [-0.22961006  0.55432772]
Processing direction 7: [-0.42426407  0.42426407]
Processing direction 8: [-0.55432772  0.22961006]
Processing direction 9: [-0.6  0. ]
Processing direction 10: [-0.55432772 -0.22961006]
Processing direction 11: [-0.42426407 -0.42426407]
Processing direction 12: [-0.22961006 -0.55432772]
Processing direction 13: [ 0.  -0.6]
Processing direction 14: [ 0.22961006 -0.55432772]
Processing direction 15: [ 0.42426407 -0.42426407]
Processing direction 16: [ 0.55432772 -0.22961006]

=== Step 7 ===
Current position: [1.4227489233016968, 1.8917385339736938]
Processing direction 1: [0.6 0. ]
Processing direction 2: [0.55432772 0.22961006]
Processing direction 3: [0.42426407 0.42426407]
Processing direction 4: [0.22961006 0.55432772]
Processing direction 5: [0.  0.6]
Processing direction 6: [-0.22961006  0.55432772]
Processing direction 7: [-0.42426407  0.42426407]
Processing direction 8: [-0.55432772  0.22961006]
Processing direction 9: [-0.6  0. ]
Processing direction 10: [-0.55432772 -0.22961006]
Processing direction 11: [-0.42426407 -0.42426407]
Processing direction 12: [-0.22961006 -0.55432772]
Processing direction 13: [ 0.  -0.6]
Processing direction 14: [ 0.22961006 -0.55432772]
Processing direction 15: [ 0.42426407 -0.42426407]
Processing direction 16: [ 0.55432772 -0.22961006]

=== Step 8 ===
Current position: [1.0771526098251343, 2.3385672569274902]
Processing direction 1: [0.6 0. ]
Processing direction 2: [0.55432772 0.22961006]
Processing direction 3: [0.42426407 0.42426407]
Processing direction 4: [0.22961006 0.55432772]
Processing direction 5: [0.  0.6]
Processing direction 6: [-0.22961006  0.55432772]
Processing direction 7: [-0.42426407  0.42426407]
Processing direction 8: [-0.55432772  0.22961006]
Processing direction 9: [-0.6  0. ]
Processing direction 10: [-0.55432772 -0.22961006]
Processing direction 11: [-0.42426407 -0.42426407]
Processing direction 12: [-0.22961006 -0.55432772]
Processing direction 13: [ 0.  -0.6]
Processing direction 14: [ 0.22961006 -0.55432772]
Processing direction 15: [ 0.42426407 -0.42426407]
Processing direction 16: [ 0.55432772 -0.22961006]

=== Step 9 ===
Current position: [1.5575952529907227, 1.9914448261260986]
Processing direction 1: [0.6 0. ]
Processing direction 2: [0.55432772 0.22961006]
Processing direction 3: [0.42426407 0.42426407]
Processing direction 4: [0.22961006 0.55432772]
Processing direction 5: [0.  0.6]
Processing direction 6: [-0.22961006  0.55432772]
Processing direction 7: [-0.42426407  0.42426407]
Processing direction 8: [-0.55432772  0.22961006]
Processing direction 9: [-0.6  0. ]
Processing direction 10: [-0.55432772 -0.22961006]
Processing direction 11: [-0.42426407 -0.42426407]
Processing direction 12: [-0.22961006 -0.55432772]
Processing direction 13: [ 0.  -0.6]
Processing direction 14: [ 0.22961006 -0.55432772]
Processing direction 15: [ 0.42426407 -0.42426407]
Processing direction 16: [ 0.55432772 -0.22961006]

=== Step 10 ===
Current position: [1.261809229850769, 2.454559087753296]
Processing direction 1: [0.6 0. ]
Processing direction 2: [0.55432772 0.22961006]
Processing direction 3: [0.42426407 0.42426407]
Processing direction 4: [0.22961006 0.55432772]
Processing direction 5: [0.  0.6]
Processing direction 6: [-0.22961006  0.55432772]
Processing direction 7: [-0.42426407  0.42426407]
Processing direction 8: [-0.55432772  0.22961006]
Processing direction 9: [-0.6  0. ]
Processing direction 10: [-0.55432772 -0.22961006]
Processing direction 11: [-0.42426407 -0.42426407]
Processing direction 12: [-0.22961006 -0.55432772]
Processing direction 13: [ 0.  -0.6]
Processing direction 14: [ 0.22961006 -0.55432772]
Processing direction 15: [ 0.42426407 -0.42426407]
Processing direction 16: [ 0.55432772 -0.22961006]

=== Step 11 ===
Current position: [1.7894357442855835, 2.068984031677246]
Processing direction 1: [0.6 0. ]
Processing direction 2: [0.55432772 0.22961006]
Processing direction 3: [0.42426407 0.42426407]
Processing direction 4: [0.22961006 0.55432772]
Processing direction 5: [0.  0.6]
Processing direction 6: [-0.22961006  0.55432772]
Processing direction 7: [-0.42426407  0.42426407]
Processing direction 8: [-0.55432772  0.22961006]
Processing direction 9: [-0.6  0. ]
Processing direction 10: [-0.55432772 -0.22961006]
Processing direction 11: [-0.42426407 -0.42426407]
Processing direction 12: [-0.22961006 -0.55432772]
Processing direction 13: [ 0.  -0.6]
Processing direction 14: [ 0.22961006 -0.55432772]
Processing direction 15: [ 0.42426407 -0.42426407]
Processing direction 16: [ 0.55432772 -0.22961006]

=== Step 12 ===
Current position: [2.4208950996398926, 1.7466763257980347]
Processing direction 1: [0.6 0. ]
Processing direction 2: [0.55432772 0.22961006]
Processing direction 3: [0.42426407 0.42426407]
Processing direction 4: [0.22961006 0.55432772]
Processing direction 5: [0.  0.6]
Processing direction 6: [-0.22961006  0.55432772]
Processing direction 7: [-0.42426407  0.42426407]
Processing direction 8: [-0.55432772  0.22961006]
Processing direction 9: [-0.6  0. ]
Processing direction 10: [-0.55432772 -0.22961006]
Processing direction 11: [-0.42426407 -0.42426407]
Processing direction 12: [-0.22961006 -0.55432772]
Processing direction 13: [ 0.  -0.6]
Processing direction 14: [ 0.22961006 -0.55432772]
Processing direction 15: [ 0.42426407 -0.42426407]
Processing direction 16: [ 0.55432772 -0.22961006]

=== Step 13 ===
Current position: [2.1683077812194824, 2.2462594509124756]
Processing direction 1: [0.6 0. ]
Processing direction 2: [0.55432772 0.22961006]
Processing direction 3: [0.42426407 0.42426407]
Processing direction 4: [0.22961006 0.55432772]
Processing direction 5: [0.  0.6]
Processing direction 6: [-0.22961006  0.55432772]
Processing direction 7: [-0.42426407  0.42426407]
Processing direction 8: [-0.55432772  0.22961006]
Processing direction 9: [-0.6  0. ]
Processing direction 10: [-0.55432772 -0.22961006]
Processing direction 11: [-0.42426407 -0.42426407]
Processing direction 12: [-0.22961006 -0.55432772]
Processing direction 13: [ 0.  -0.6]
Processing direction 14: [ 0.22961006 -0.55432772]
Processing direction 15: [ 0.42426407 -0.42426407]
Processing direction 16: [ 0.55432772 -0.22961006]

=== Step 14 ===
Current position: [2.7837607860565186, 2.083366632461548]
Processing direction 1: [0.6 0. ]
Processing direction 2: [0.55432772 0.22961006]
Processing direction 3: [0.42426407 0.42426407]
Processing direction 4: [0.22961006 0.55432772]
Processing direction 5: [0.  0.6]
Processing direction 6: [-0.22961006  0.55432772]
Processing direction 7: [-0.42426407  0.42426407]
Processing direction 8: [-0.55432772  0.22961006]
Processing direction 9: [-0.6  0. ]
Processing direction 10: [-0.55432772 -0.22961006]
Processing direction 11: [-0.42426407 -0.42426407]
Processing direction 12: [-0.22961006 -0.55432772]
Processing direction 13: [ 0.  -0.6]
Processing direction 14: [ 0.22961006 -0.55432772]
Processing direction 15: [ 0.42426407 -0.42426407]
Processing direction 16: [ 0.55432772 -0.22961006]

=== Step 15 ===
Current position: [2.37286639213562, 2.4111902713775635]
Processing direction 1: [0.6 0. ]
Processing direction 2: [0.55432772 0.22961006]
Processing direction 3: [0.42426407 0.42426407]
Processing direction 4: [0.22961006 0.55432772]
Processing direction 5: [0.  0.6]
Processing direction 6: [-0.22961006  0.55432772]
Processing direction 7: [-0.42426407  0.42426407]
Processing direction 8: [-0.55432772  0.22961006]
Processing direction 9: [-0.6  0. ]
Processing direction 10: [-0.55432772 -0.22961006]
Processing direction 11: [-0.42426407 -0.42426407]
Processing direction 12: [-0.22961006 -0.55432772]
Processing direction 13: [ 0.  -0.6]
Processing direction 14: [ 0.22961006 -0.55432772]
Processing direction 15: [ 0.42426407 -0.42426407]
Processing direction 16: [ 0.55432772 -0.22961006]

=== Step 16 ===
Current position: [2.9699506759643555, 2.226078987121582]
Processing direction 1: [0.6 0. ]
Processing direction 2: [0.55432772 0.22961006]
Processing direction 3: [0.42426407 0.42426407]
Processing direction 4: [0.22961006 0.55432772]
Processing direction 5: [0.  0.6]
Processing direction 6: [-0.22961006  0.55432772]
Processing direction 7: [-0.42426407  0.42426407]
Processing direction 8: [-0.55432772  0.22961006]
Processing direction 9: [-0.6  0. ]
Processing direction 10: [-0.55432772 -0.22961006]
Processing direction 11: [-0.42426407 -0.42426407]
Processing direction 12: [-0.22961006 -0.55432772]
Processing direction 13: [ 0.  -0.6]
Processing direction 14: [ 0.22961006 -0.55432772]
Processing direction 15: [ 0.42426407 -0.42426407]
Processing direction 16: [ 0.55432772 -0.22961006]

=== Step 17 ===
Current position: [3.255563735961914, 2.703824043273926]
Processing direction 1: [0.6 0. ]
Processing direction 2: [0.55432772 0.22961006]
Processing direction 3: [0.42426407 0.42426407]
Processing direction 4: [0.22961006 0.55432772]
Processing direction 5: [0.  0.6]
Processing direction 6: [-0.22961006  0.55432772]
Processing direction 7: [-0.42426407  0.42426407]
Processing direction 8: [-0.55432772  0.22961006]
Processing direction 9: [-0.6  0. ]
Processing direction 10: [-0.55432772 -0.22961006]
Processing direction 11: [-0.42426407 -0.42426407]
Processing direction 12: [-0.22961006 -0.55432772]
Processing direction 13: [ 0.  -0.6]
Processing direction 14: [ 0.22961006 -0.55432772]
Processing direction 15: [ 0.42426407 -0.42426407]
Processing direction 16: [ 0.55432772 -0.22961006]

=== Step 18 ===
Current position: [3.7225637435913086, 3.057961940765381]
Processing direction 1: [0.6 0. ]
Processing direction 2: [0.55432772 0.22961006]
Processing direction 3: [0.42426407 0.42426407]
Processing direction 4: [0.22961006 0.55432772]
Processing direction 5: [0.  0.6]
Processing direction 6: [-0.22961006  0.55432772]
Processing direction 7: [-0.42426407  0.42426407]
Processing direction 8: [-0.55432772  0.22961006]
Processing direction 9: [-0.6  0. ]
Processing direction 10: [-0.55432772 -0.22961006]
Processing direction 11: [-0.42426407 -0.42426407]
Processing direction 12: [-0.22961006 -0.55432772]
Processing direction 13: [ 0.  -0.6]
Processing direction 14: [ 0.22961006 -0.55432772]
Processing direction 15: [ 0.42426407 -0.42426407]
Processing direction 16: [ 0.55432772 -0.22961006]

=== Step 19 ===
Current position: [4.043117046356201, 3.340968370437622]
Processing direction 1: [0.6 0. ]
Processing direction 2: [0.55432772 0.22961006]
Processing direction 3: [0.42426407 0.42426407]
Processing direction 4: [0.22961006 0.55432772]
Processing direction 5: [0.  0.6]
Processing direction 6: [-0.22961006  0.55432772]
Processing direction 7: [-0.42426407  0.42426407]
Processing direction 8: [-0.55432772  0.22961006]
Processing direction 9: [-0.6  0. ]
Processing direction 10: [-0.55432772 -0.22961006]
Processing direction 11: [-0.42426407 -0.42426407]
Processing direction 12: [-0.22961006 -0.55432772]
Processing direction 13: [ 0.  -0.6]
Processing direction 14: [ 0.22961006 -0.55432772]
Processing direction 15: [ 0.42426407 -0.42426407]
Processing direction 16: [ 0.55432772 -0.22961006]

=== Step 20 ===
Current position: [4.381335258483887, 3.7105472087860107]
Processing direction 1: [0.6 0. ]
Processing direction 2: [0.55432772 0.22961006]
Processing direction 3: [0.42426407 0.42426407]
Processing direction 4: [0.22961006 0.55432772]
Processing direction 5: [0.  0.6]
Processing direction 6: [-0.22961006  0.55432772]
Processing direction 7: [-0.42426407  0.42426407]
Processing direction 8: [-0.55432772  0.22961006]
Processing direction 9: [-0.6  0. ]
Processing direction 10: [-0.55432772 -0.22961006]
Processing direction 11: [-0.42426407 -0.42426407]
Processing direction 12: [-0.22961006 -0.55432772]
Processing direction 13: [ 0.  -0.6]
Processing direction 14: [ 0.22961006 -0.55432772]
Processing direction 15: [ 0.42426407 -0.42426407]
Processing direction 16: [ 0.55432772 -0.22961006]

=== Step 21 ===
Current position: [4.600320339202881, 4.078308582305908]
Processing direction 1: [0.6 0. ]
Processing direction 2: [0.55432772 0.22961006]
Processing direction 3: [0.42426407 0.42426407]
Processing direction 4: [0.22961006 0.55432772]
Processing direction 5: [0.  0.6]
Processing direction 6: [-0.22961006  0.55432772]
Processing direction 7: [-0.42426407  0.42426407]
Processing direction 8: [-0.55432772  0.22961006]
Processing direction 9: [-0.6  0. ]
Processing direction 10: [-0.55432772 -0.22961006]
Processing direction 11: [-0.42426407 -0.42426407]
Processing direction 12: [-0.22961006 -0.55432772]
Processing direction 13: [ 0.  -0.6]
Processing direction 14: [ 0.22961006 -0.55432772]
Processing direction 15: [ 0.42426407 -0.42426407]
Processing direction 16: [ 0.55432772 -0.22961006]

=== Step 22 ===
Current position: [4.592719554901123, 4.503631114959717]
Processing direction 1: [0.6 0. ]
Processing direction 2: [0.55432772 0.22961006]
Processing direction 3: [0.42426407 0.42426407]
Processing direction 4: [0.22961006 0.55432772]
Processing direction 5: [0.  0.6]
Processing direction 6: [-0.22961006  0.55432772]
Processing direction 7: [-0.42426407  0.42426407]
Processing direction 8: [-0.55432772  0.22961006]
Processing direction 9: [-0.6  0. ]
Processing direction 10: [-0.55432772 -0.22961006]
Processing direction 11: [-0.42426407 -0.42426407]
Processing direction 12: [-0.22961006 -0.55432772]
Processing direction 13: [ 0.  -0.6]
Processing direction 14: [ 0.22961006 -0.55432772]
Processing direction 15: [ 0.42426407 -0.42426407]
Processing direction 16: [ 0.55432772 -0.22961006]

=== Step 23 ===
Current position: [4.596194267272949, 4.916158676147461]
Processing direction 1: [0.6 0. ]
Processing direction 2: [0.55432772 0.22961006]
Processing direction 3: [0.42426407 0.42426407]
Processing direction 4: [0.22961006 0.55432772]
Processing direction 5: [0.  0.6]
Processing direction 6: [-0.22961006  0.55432772]
Processing direction 7: [-0.42426407  0.42426407]
Processing direction 8: [-0.55432772  0.22961006]
Processing direction 9: [-0.6  0. ]
Processing direction 10: [-0.55432772 -0.22961006]
Processing direction 11: [-0.42426407 -0.42426407]
Processing direction 12: [-0.22961006 -0.55432772]
Processing direction 13: [ 0.  -0.6]
Processing direction 14: [ 0.22961006 -0.55432772]
Processing direction 15: [ 0.42426407 -0.42426407]
Processing direction 16: [ 0.55432772 -0.22961006]

=== Step 24 ===
Current position: [5.2071967124938965, 5.00773286819458]
Processing direction 1: [0.6 0. ]
Processing direction 2: [0.55432772 0.22961006]
Processing direction 3: [0.42426407 0.42426407]
Processing direction 4: [0.22961006 0.55432772]
Processing direction 5: [0.  0.6]
Processing direction 6: [-0.22961006  0.55432772]
Processing direction 7: [-0.42426407  0.42426407]
Processing direction 8: [-0.55432772  0.22961006]
Processing direction 9: [-0.6  0. ]
Processing direction 10: [-0.55432772 -0.22961006]
Processing direction 11: [-0.42426407 -0.42426407]
Processing direction 12: [-0.22961006 -0.55432772]
Processing direction 13: [ 0.  -0.6]
Processing direction 14: [ 0.22961006 -0.55432772]
Processing direction 15: [ 0.42426407 -0.42426407]
Processing direction 16: [ 0.55432772 -0.22961006]

=== Step 25 ===
Current position: [4.735866546630859, 5.100704193115234]
Processing direction 1: [0.6 0. ]
Processing direction 2: [0.55432772 0.22961006]
Processing direction 3: [0.42426407 0.42426407]
Processing direction 4: [0.22961006 0.55432772]
Processing direction 5: [0.  0.6]
Processing direction 6: [-0.22961006  0.55432772]
Processing direction 7: [-0.42426407  0.42426407]
Processing direction 8: [-0.55432772  0.22961006]
Processing direction 9: [-0.6  0. ]
Processing direction 10: [-0.55432772 -0.22961006]
Processing direction 11: [-0.42426407 -0.42426407]
Processing direction 12: [-0.22961006 -0.55432772]
Processing direction 13: [ 0.  -0.6]
Processing direction 14: [ 0.22961006 -0.55432772]
Processing direction 15: [ 0.42426407 -0.42426407]
Processing direction 16: [ 0.55432772 -0.22961006]

=== Step 26 ===
Current position: [5.2966108322143555, 5.1793341636657715]
Processing direction 1: [0.6 0. ]
Processing direction 2: [0.55432772 0.22961006]
Processing direction 3: [0.42426407 0.42426407]
Processing direction 4: [0.22961006 0.55432772]
Processing direction 5: [0.  0.6]
Processing direction 6: [-0.22961006  0.55432772]
Processing direction 7: [-0.42426407  0.42426407]
Processing direction 8: [-0.55432772  0.22961006]
Processing direction 9: [-0.6  0. ]
Processing direction 10: [-0.55432772 -0.22961006]
Processing direction 11: [-0.42426407 -0.42426407]
Processing direction 12: [-0.22961006 -0.55432772]
Processing direction 13: [ 0.  -0.6]
Processing direction 14: [ 0.22961006 -0.55432772]
Processing direction 15: [ 0.42426407 -0.42426407]
Processing direction 16: [ 0.55432772 -0.22961006]

=== Step 27 ===
Current position: [4.784814357757568, 5.2353515625]
Processing direction 1: [0.6 0. ]
Processing direction 2: [0.55432772 0.22961006]
Processing direction 3: [0.42426407 0.42426407]
Processing direction 4: [0.22961006 0.55432772]
Processing direction 5: [0.  0.6]
Processing direction 6: [-0.22961006  0.55432772]
Processing direction 7: [-0.42426407  0.42426407]
Processing direction 8: [-0.55432772  0.22961006]
Processing direction 9: [-0.6  0. ]
Processing direction 10: [-0.55432772 -0.22961006]
Processing direction 11: [-0.42426407 -0.42426407]
Processing direction 12: [-0.22961006 -0.55432772]
Processing direction 13: [ 0.  -0.6]
Processing direction 14: [ 0.22961006 -0.55432772]
Processing direction 15: [ 0.42426407 -0.42426407]
Processing direction 16: [ 0.55432772 -0.22961006]

=== Step 28 ===
Current position: [5.314980506896973, 5.490295886993408]
Processing direction 1: [0.6 0. ]
Processing direction 2: [0.55432772 0.22961006]
Processing direction 3: [0.42426407 0.42426407]
Processing direction 4: [0.22961006 0.55432772]
Processing direction 5: [0.  0.6]
Processing direction 6: [-0.22961006  0.55432772]
Processing direction 7: [-0.42426407  0.42426407]
Processing direction 8: [-0.55432772  0.22961006]
Processing direction 9: [-0.6  0. ]
Processing direction 10: [-0.55432772 -0.22961006]
Processing direction 11: [-0.42426407 -0.42426407]
Processing direction 12: [-0.22961006 -0.55432772]
Processing direction 13: [ 0.  -0.6]
Processing direction 14: [ 0.22961006 -0.55432772]
Processing direction 15: [ 0.42426407 -0.42426407]
Processing direction 16: [ 0.55432772 -0.22961006]

=== Step 29 ===
Current position: [4.84230899810791, 5.248754501342773]
Processing direction 1: [0.6 0. ]
Processing direction 2: [0.55432772 0.22961006]
Processing direction 3: [0.42426407 0.42426407]
Processing direction 4: [0.22961006 0.55432772]
Processing direction 5: [0.  0.6]
Processing direction 6: [-0.22961006  0.55432772]
Processing direction 7: [-0.42426407  0.42426407]
Processing direction 8: [-0.55432772  0.22961006]
Processing direction 9: [-0.6  0. ]
Processing direction 10: [-0.55432772 -0.22961006]
Processing direction 11: [-0.42426407 -0.42426407]
Processing direction 12: [-0.22961006 -0.55432772]
Processing direction 13: [ 0.  -0.6]
Processing direction 14: [ 0.22961006 -0.55432772]
Processing direction 15: [ 0.42426407 -0.42426407]
Processing direction 16: [ 0.55432772 -0.22961006]

=== Step 30 ===
Current position: [5.1548752784729, 5.577401161193848]
Processing direction 1: [0.6 0. ]
Processing direction 2: [0.55432772 0.22961006]
Processing direction 3: [0.42426407 0.42426407]
Processing direction 4: [0.22961006 0.55432772]
Processing direction 5: [0.  0.6]
Processing direction 6: [-0.22961006  0.55432772]
Processing direction 7: [-0.42426407  0.42426407]
Processing direction 8: [-0.55432772  0.22961006]
Processing direction 9: [-0.6  0. ]
Processing direction 10: [-0.55432772 -0.22961006]
Processing direction 11: [-0.42426407 -0.42426407]
Processing direction 12: [-0.22961006 -0.55432772]
Processing direction 13: [ 0.  -0.6]
Processing direction 14: [ 0.22961006 -0.55432772]
Processing direction 15: [ 0.42426407 -0.42426407]
Processing direction 16: [ 0.55432772 -0.22961006]

=== Step 31 ===
Current position: [4.903954029083252, 5.729649543762207]
Processing direction 1: [0.6 0. ]
Processing direction 2: [0.55432772 0.22961006]
Processing direction 3: [0.42426407 0.42426407]
Processing direction 4: [0.22961006 0.55432772]
Processing direction 5: [0.  0.6]
Processing direction 6: [-0.22961006  0.55432772]
Processing direction 7: [-0.42426407  0.42426407]
Processing direction 8: [-0.55432772  0.22961006]
Processing direction 9: [-0.6  0. ]
Processing direction 10: [-0.55432772 -0.22961006]
Processing direction 11: [-0.42426407 -0.42426407]
Processing direction 12: [-0.22961006 -0.55432772]
Processing direction 13: [ 0.  -0.6]
Processing direction 14: [ 0.22961006 -0.55432772]
Processing direction 15: [ 0.42426407 -0.42426407]
Processing direction 16: [ 0.55432772 -0.22961006]

=== Step 32 ===
Current position: [5.173905849456787, 5.812697887420654]
Processing direction 1: [0.6 0. ]
Processing direction 2: [0.55432772 0.22961006]
Processing direction 3: [0.42426407 0.42426407]
Processing direction 4: [0.22961006 0.55432772]
Processing direction 5: [0.  0.6]
Processing direction 6: [-0.22961006  0.55432772]
Processing direction 7: [-0.42426407  0.42426407]
Processing direction 8: [-0.55432772  0.22961006]
Processing direction 9: [-0.6  0. ]
Processing direction 10: [-0.55432772 -0.22961006]
Processing direction 11: [-0.42426407 -0.42426407]
Processing direction 12: [-0.22961006 -0.55432772]
Processing direction 13: [ 0.  -0.6]
Processing direction 14: [ 0.22961006 -0.55432772]
Processing direction 15: [ 0.42426407 -0.42426407]
Processing direction 16: [ 0.55432772 -0.22961006]

=== Step 33 ===
Current position: [4.92262601852417, 5.223048686981201]
Processing direction 1: [0.6 0. ]
Processing direction 2: [0.55432772 0.22961006]
Processing direction 3: [0.42426407 0.42426407]
Processing direction 4: [0.22961006 0.55432772]
Processing direction 5: [0.  0.6]
Processing direction 6: [-0.22961006  0.55432772]
Processing direction 7: [-0.42426407  0.42426407]
Processing direction 8: [-0.55432772  0.22961006]
Processing direction 9: [-0.6  0. ]
Processing direction 10: [-0.55432772 -0.22961006]
Processing direction 11: [-0.42426407 -0.42426407]
Processing direction 12: [-0.22961006 -0.55432772]
Processing direction 13: [ 0.  -0.6]
Processing direction 14: [ 0.22961006 -0.55432772]
Processing direction 15: [ 0.42426407 -0.42426407]
Processing direction 16: [ 0.55432772 -0.22961006]

=== Step 34 ===
Current position: [4.765486717224121, 5.531647205352783]
Processing direction 1: [0.6 0. ]
Processing direction 2: [0.55432772 0.22961006]
Processing direction 3: [0.42426407 0.42426407]
Processing direction 4: [0.22961006 0.55432772]
Processing direction 5: [0.  0.6]
Processing direction 6: [-0.22961006  0.55432772]
Processing direction 7: [-0.42426407  0.42426407]
Processing direction 8: [-0.55432772  0.22961006]
Processing direction 9: [-0.6  0. ]
Processing direction 10: [-0.55432772 -0.22961006]
Processing direction 11: [-0.42426407 -0.42426407]
Processing direction 12: [-0.22961006 -0.55432772]
Processing direction 13: [ 0.  -0.6]
Processing direction 14: [ 0.22961006 -0.55432772]
Processing direction 15: [ 0.42426407 -0.42426407]
Processing direction 16: [ 0.55432772 -0.22961006]

=== Step 35 ===
Current position: [5.2738823890686035, 5.716160297393799]
Processing direction 1: [0.6 0. ]
Processing direction 2: [0.55432772 0.22961006]
Processing direction 3: [0.42426407 0.42426407]
Processing direction 4: [0.22961006 0.55432772]
Processing direction 5: [0.  0.6]
Processing direction 6: [-0.22961006  0.55432772]
Processing direction 7: [-0.42426407  0.42426407]
Processing direction 8: [-0.55432772  0.22961006]
Processing direction 9: [-0.6  0. ]
Processing direction 10: [-0.55432772 -0.22961006]
Processing direction 11: [-0.42426407 -0.42426407]
Processing direction 12: [-0.22961006 -0.55432772]
Processing direction 13: [ 0.  -0.6]
Processing direction 14: [ 0.22961006 -0.55432772]
Processing direction 15: [ 0.42426407 -0.42426407]
Processing direction 16: [ 0.55432772 -0.22961006]

=== Step 36 ===
Current position: [4.769576549530029, 5.2798943519592285]
Processing direction 1: [0.6 0. ]
Processing direction 2: [0.55432772 0.22961006]
Processing direction 3: [0.42426407 0.42426407]
Processing direction 4: [0.22961006 0.55432772]
Processing direction 5: [0.  0.6]
Processing direction 6: [-0.22961006  0.55432772]
Processing direction 7: [-0.42426407  0.42426407]
Processing direction 8: [-0.55432772  0.22961006]
Processing direction 9: [-0.6  0. ]
Processing direction 10: [-0.55432772 -0.22961006]
Processing direction 11: [-0.42426407 -0.42426407]
Processing direction 12: [-0.22961006 -0.55432772]
Processing direction 13: [ 0.  -0.6]
Processing direction 14: [ 0.22961006 -0.55432772]
Processing direction 15: [ 0.42426407 -0.42426407]
Processing direction 16: [ 0.55432772 -0.22961006]

=== Step 37 ===
Current position: [5.271869659423828, 5.494271278381348]
Processing direction 1: [0.6 0. ]
Processing direction 2: [0.55432772 0.22961006]
Processing direction 3: [0.42426407 0.42426407]
Processing direction 4: [0.22961006 0.55432772]
Processing direction 5: [0.  0.6]
Processing direction 6: [-0.22961006  0.55432772]
Processing direction 7: [-0.42426407  0.42426407]
Processing direction 8: [-0.55432772  0.22961006]
Processing direction 9: [-0.6  0. ]
Processing direction 10: [-0.55432772 -0.22961006]
Processing direction 11: [-0.42426407 -0.42426407]
Processing direction 12: [-0.22961006 -0.55432772]
Processing direction 13: [ 0.  -0.6]
Processing direction 14: [ 0.22961006 -0.55432772]
Processing direction 15: [ 0.42426407 -0.42426407]
Processing direction 16: [ 0.55432772 -0.22961006]

=== Step 38 ===
Current position: [4.834305286407471, 5.721424579620361]
Processing direction 1: [0.6 0. ]
Processing direction 2: [0.55432772 0.22961006]
Processing direction 3: [0.42426407 0.42426407]
Processing direction 4: [0.22961006 0.55432772]
Processing direction 5: [0.  0.6]
Processing direction 6: [-0.22961006  0.55432772]
Processing direction 7: [-0.42426407  0.42426407]
Processing direction 8: [-0.55432772  0.22961006]
Processing direction 9: [-0.6  0. ]
Processing direction 10: [-0.55432772 -0.22961006]
Processing direction 11: [-0.42426407 -0.42426407]
Processing direction 12: [-0.22961006 -0.55432772]
Processing direction 13: [ 0.  -0.6]
Processing direction 14: [ 0.22961006 -0.55432772]
Processing direction 15: [ 0.42426407 -0.42426407]
Processing direction 16: [ 0.55432772 -0.22961006]

=== Step 39 ===
Current position: [4.77316427230835, 5.81413459777832]
Processing direction 1: [0.6 0. ]
Processing direction 2: [0.55432772 0.22961006]
Processing direction 3: [0.42426407 0.42426407]
Processing direction 4: [0.22961006 0.55432772]
Processing direction 5: [0.  0.6]
Processing direction 6: [-0.22961006  0.55432772]
Processing direction 7: [-0.42426407  0.42426407]
Processing direction 8: [-0.55432772  0.22961006]
Processing direction 9: [-0.6  0. ]
Processing direction 10: [-0.55432772 -0.22961006]
Processing direction 11: [-0.42426407 -0.42426407]
Processing direction 12: [-0.22961006 -0.55432772]
Processing direction 13: [ 0.  -0.6]
Processing direction 14: [ 0.22961006 -0.55432772]
Processing direction 15: [ 0.42426407 -0.42426407]
Processing direction 16: [ 0.55432772 -0.22961006]

Path Sampling Completed! Conditions of step size 0.6 and directions 16

=== Step 0 ===
Current position: [0.5, 2.0]
Processing direction 1: [0.6 0. ]
Processing direction 2: [0.58847117 0.11705419]
Processing direction 3: [0.55432772 0.22961006]
Processing direction 4: [0.49888177 0.33334214]
Processing direction 5: [0.42426407 0.42426407]
Processing direction 6: [0.33334214 0.49888177]
Processing direction 7: [0.22961006 0.55432772]
Processing direction 8: [0.11705419 0.58847117]
Processing direction 9: [3.6739404e-17 6.0000000e-01]
Processing direction 10: [-0.11705419  0.58847117]
Processing direction 11: [-0.22961006  0.55432772]
Processing direction 12: [-0.33334214  0.49888177]
Processing direction 13: [-0.42426407  0.42426407]
Processing direction 14: [-0.49888177  0.33334214]
Processing direction 15: [-0.55432772  0.22961006]
Processing direction 16: [-0.58847117  0.11705419]
Processing direction 17: [-6.00000000e-01  7.34788079e-17]
Processing direction 18: [-0.58847117 -0.11705419]
Processing direction 19: [-0.55432772 -0.22961006]
Processing direction 20: [-0.49888177 -0.33334214]
Processing direction 21: [-0.42426407 -0.42426407]
Processing direction 22: [-0.33334214 -0.49888177]
Processing direction 23: [-0.22961006 -0.55432772]
Processing direction 24: [-0.11705419 -0.58847117]
Processing direction 25: [-1.10218212e-16 -6.00000000e-01]
Processing direction 26: [ 0.11705419 -0.58847117]
Processing direction 27: [ 0.22961006 -0.55432772]
Processing direction 28: [ 0.33334214 -0.49888177]
Processing direction 29: [ 0.42426407 -0.42426407]
Processing direction 30: [ 0.49888177 -0.33334214]
Processing direction 31: [ 0.55432772 -0.22961006]
Processing direction 32: [ 0.58847117 -0.11705419]

=== Step 1 ===
Current position: [1.0344058275222778, 1.6983486413955688]
Processing direction 1: [0.6 0. ]
Processing direction 2: [0.58847117 0.11705419]
Processing direction 3: [0.55432772 0.22961006]
Processing direction 4: [0.49888177 0.33334214]
Processing direction 5: [0.42426407 0.42426407]
Processing direction 6: [0.33334214 0.49888177]
Processing direction 7: [0.22961006 0.55432772]
Processing direction 8: [0.11705419 0.58847117]
Processing direction 9: [3.6739404e-17 6.0000000e-01]
Processing direction 10: [-0.11705419  0.58847117]
Processing direction 11: [-0.22961006  0.55432772]
Processing direction 12: [-0.33334214  0.49888177]
Processing direction 13: [-0.42426407  0.42426407]
Processing direction 14: [-0.49888177  0.33334214]
Processing direction 15: [-0.55432772  0.22961006]
Processing direction 16: [-0.58847117  0.11705419]
Processing direction 17: [-6.00000000e-01  7.34788079e-17]
Processing direction 18: [-0.58847117 -0.11705419]
Processing direction 19: [-0.55432772 -0.22961006]
Processing direction 20: [-0.49888177 -0.33334214]
Processing direction 21: [-0.42426407 -0.42426407]
Processing direction 22: [-0.33334214 -0.49888177]
Processing direction 23: [-0.22961006 -0.55432772]
Processing direction 24: [-0.11705419 -0.58847117]
Processing direction 25: [-1.10218212e-16 -6.00000000e-01]
Processing direction 26: [ 0.11705419 -0.58847117]
Processing direction 27: [ 0.22961006 -0.55432772]
Processing direction 28: [ 0.33334214 -0.49888177]
Processing direction 29: [ 0.42426407 -0.42426407]
Processing direction 30: [ 0.49888177 -0.33334214]
Processing direction 31: [ 0.55432772 -0.22961006]
Processing direction 32: [ 0.58847117 -0.11705419]

=== Step 2 ===
Current position: [0.7039260864257812, 2.1656503677368164]
Processing direction 1: [0.6 0. ]
Processing direction 2: [0.58847117 0.11705419]
Processing direction 3: [0.55432772 0.22961006]
Processing direction 4: [0.49888177 0.33334214]
Processing direction 5: [0.42426407 0.42426407]
Processing direction 6: [0.33334214 0.49888177]
Processing direction 7: [0.22961006 0.55432772]
Processing direction 8: [0.11705419 0.58847117]
Processing direction 9: [3.6739404e-17 6.0000000e-01]
Processing direction 10: [-0.11705419  0.58847117]
Processing direction 11: [-0.22961006  0.55432772]
Processing direction 12: [-0.33334214  0.49888177]
Processing direction 13: [-0.42426407  0.42426407]
Processing direction 14: [-0.49888177  0.33334214]
Processing direction 15: [-0.55432772  0.22961006]
Processing direction 16: [-0.58847117  0.11705419]
Processing direction 17: [-6.00000000e-01  7.34788079e-17]
Processing direction 18: [-0.58847117 -0.11705419]
Processing direction 19: [-0.55432772 -0.22961006]
Processing direction 20: [-0.49888177 -0.33334214]
Processing direction 21: [-0.42426407 -0.42426407]
Processing direction 22: [-0.33334214 -0.49888177]
Processing direction 23: [-0.22961006 -0.55432772]
Processing direction 24: [-0.11705419 -0.58847117]
Processing direction 25: [-1.10218212e-16 -6.00000000e-01]
Processing direction 26: [ 0.11705419 -0.58847117]
Processing direction 27: [ 0.22961006 -0.55432772]
Processing direction 28: [ 0.33334214 -0.49888177]
Processing direction 29: [ 0.42426407 -0.42426407]
Processing direction 30: [ 0.49888177 -0.33334214]
Processing direction 31: [ 0.55432772 -0.22961006]
Processing direction 32: [ 0.58847117 -0.11705419]

=== Step 3 ===
Current position: [1.0652369260787964, 1.7513635158538818]
Processing direction 1: [0.6 0. ]
Processing direction 2: [0.58847117 0.11705419]
Processing direction 3: [0.55432772 0.22961006]
Processing direction 4: [0.49888177 0.33334214]
Processing direction 5: [0.42426407 0.42426407]
Processing direction 6: [0.33334214 0.49888177]
Processing direction 7: [0.22961006 0.55432772]
Processing direction 8: [0.11705419 0.58847117]
Processing direction 9: [3.6739404e-17 6.0000000e-01]
Processing direction 10: [-0.11705419  0.58847117]
Processing direction 11: [-0.22961006  0.55432772]
Processing direction 12: [-0.33334214  0.49888177]
Processing direction 13: [-0.42426407  0.42426407]
Processing direction 14: [-0.49888177  0.33334214]
Processing direction 15: [-0.55432772  0.22961006]
Processing direction 16: [-0.58847117  0.11705419]
Processing direction 17: [-6.00000000e-01  7.34788079e-17]
Processing direction 18: [-0.58847117 -0.11705419]
Processing direction 19: [-0.55432772 -0.22961006]
Processing direction 20: [-0.49888177 -0.33334214]
Processing direction 21: [-0.42426407 -0.42426407]
Processing direction 22: [-0.33334214 -0.49888177]
Processing direction 23: [-0.22961006 -0.55432772]
Processing direction 24: [-0.11705419 -0.58847117]
Processing direction 25: [-1.10218212e-16 -6.00000000e-01]
Processing direction 26: [ 0.11705419 -0.58847117]
Processing direction 27: [ 0.22961006 -0.55432772]
Processing direction 28: [ 0.33334214 -0.49888177]
Processing direction 29: [ 0.42426407 -0.42426407]
Processing direction 30: [ 0.49888177 -0.33334214]
Processing direction 31: [ 0.55432772 -0.22961006]
Processing direction 32: [ 0.58847117 -0.11705419]

=== Step 4 ===
Current position: [0.8735043406486511, 2.2438783645629883]
Processing direction 1: [0.6 0. ]
Processing direction 2: [0.58847117 0.11705419]
Processing direction 3: [0.55432772 0.22961006]
Processing direction 4: [0.49888177 0.33334214]
Processing direction 5: [0.42426407 0.42426407]
Processing direction 6: [0.33334214 0.49888177]
Processing direction 7: [0.22961006 0.55432772]
Processing direction 8: [0.11705419 0.58847117]
Processing direction 9: [3.6739404e-17 6.0000000e-01]
Processing direction 10: [-0.11705419  0.58847117]
Processing direction 11: [-0.22961006  0.55432772]
Processing direction 12: [-0.33334214  0.49888177]
Processing direction 13: [-0.42426407  0.42426407]
Processing direction 14: [-0.49888177  0.33334214]
Processing direction 15: [-0.55432772  0.22961006]
Processing direction 16: [-0.58847117  0.11705419]
Processing direction 17: [-6.00000000e-01  7.34788079e-17]
Processing direction 18: [-0.58847117 -0.11705419]
Processing direction 19: [-0.55432772 -0.22961006]
Processing direction 20: [-0.49888177 -0.33334214]
Processing direction 21: [-0.42426407 -0.42426407]
Processing direction 22: [-0.33334214 -0.49888177]
Processing direction 23: [-0.22961006 -0.55432772]
Processing direction 24: [-0.11705419 -0.58847117]
Processing direction 25: [-1.10218212e-16 -6.00000000e-01]
Processing direction 26: [ 0.11705419 -0.58847117]
Processing direction 27: [ 0.22961006 -0.55432772]
Processing direction 28: [ 0.33334214 -0.49888177]
Processing direction 29: [ 0.42426407 -0.42426407]
Processing direction 30: [ 0.49888177 -0.33334214]
Processing direction 31: [ 0.55432772 -0.22961006]
Processing direction 32: [ 0.58847117 -0.11705419]

=== Step 5 ===
Current position: [1.3084465265274048, 1.7692646980285645]
Processing direction 1: [0.6 0. ]
Processing direction 2: [0.58847117 0.11705419]
Processing direction 3: [0.55432772 0.22961006]
Processing direction 4: [0.49888177 0.33334214]
Processing direction 5: [0.42426407 0.42426407]
Processing direction 6: [0.33334214 0.49888177]
Processing direction 7: [0.22961006 0.55432772]
Processing direction 8: [0.11705419 0.58847117]
Processing direction 9: [3.6739404e-17 6.0000000e-01]
Processing direction 10: [-0.11705419  0.58847117]
Processing direction 11: [-0.22961006  0.55432772]
Processing direction 12: [-0.33334214  0.49888177]
Processing direction 13: [-0.42426407  0.42426407]
Processing direction 14: [-0.49888177  0.33334214]
Processing direction 15: [-0.55432772  0.22961006]
Processing direction 16: [-0.58847117  0.11705419]
Processing direction 17: [-6.00000000e-01  7.34788079e-17]
Processing direction 18: [-0.58847117 -0.11705419]
Processing direction 19: [-0.55432772 -0.22961006]
Processing direction 20: [-0.49888177 -0.33334214]
Processing direction 21: [-0.42426407 -0.42426407]
Processing direction 22: [-0.33334214 -0.49888177]
Processing direction 23: [-0.22961006 -0.55432772]
Processing direction 24: [-0.11705419 -0.58847117]
Processing direction 25: [-1.10218212e-16 -6.00000000e-01]
Processing direction 26: [ 0.11705419 -0.58847117]
Processing direction 27: [ 0.22961006 -0.55432772]
Processing direction 28: [ 0.33334214 -0.49888177]
Processing direction 29: [ 0.42426407 -0.42426407]
Processing direction 30: [ 0.49888177 -0.33334214]
Processing direction 31: [ 0.55432772 -0.22961006]
Processing direction 32: [ 0.58847117 -0.11705419]

=== Step 6 ===
Current position: [0.981925368309021, 2.130519151687622]
Processing direction 1: [0.6 0. ]
Processing direction 2: [0.58847117 0.11705419]
Processing direction 3: [0.55432772 0.22961006]
Processing direction 4: [0.49888177 0.33334214]
Processing direction 5: [0.42426407 0.42426407]
Processing direction 6: [0.33334214 0.49888177]
Processing direction 7: [0.22961006 0.55432772]
Processing direction 8: [0.11705419 0.58847117]
Processing direction 9: [3.6739404e-17 6.0000000e-01]
Processing direction 10: [-0.11705419  0.58847117]
Processing direction 11: [-0.22961006  0.55432772]
Processing direction 12: [-0.33334214  0.49888177]
Processing direction 13: [-0.42426407  0.42426407]
Processing direction 14: [-0.49888177  0.33334214]
Processing direction 15: [-0.55432772  0.22961006]
Processing direction 16: [-0.58847117  0.11705419]
Processing direction 17: [-6.00000000e-01  7.34788079e-17]
Processing direction 18: [-0.58847117 -0.11705419]
Processing direction 19: [-0.55432772 -0.22961006]
Processing direction 20: [-0.49888177 -0.33334214]
Processing direction 21: [-0.42426407 -0.42426407]
Processing direction 22: [-0.33334214 -0.49888177]
Processing direction 23: [-0.22961006 -0.55432772]
Processing direction 24: [-0.11705419 -0.58847117]
Processing direction 25: [-1.10218212e-16 -6.00000000e-01]
Processing direction 26: [ 0.11705419 -0.58847117]
Processing direction 27: [ 0.22961006 -0.55432772]
Processing direction 28: [ 0.33334214 -0.49888177]
Processing direction 29: [ 0.42426407 -0.42426407]
Processing direction 30: [ 0.49888177 -0.33334214]
Processing direction 31: [ 0.55432772 -0.22961006]
Processing direction 32: [ 0.58847117 -0.11705419]

=== Step 7 ===
Current position: [1.5315442085266113, 1.7324388027191162]
Processing direction 1: [0.6 0. ]
Processing direction 2: [0.58847117 0.11705419]
Processing direction 3: [0.55432772 0.22961006]
Processing direction 4: [0.49888177 0.33334214]
Processing direction 5: [0.42426407 0.42426407]
Processing direction 6: [0.33334214 0.49888177]
Processing direction 7: [0.22961006 0.55432772]
Processing direction 8: [0.11705419 0.58847117]
Processing direction 9: [3.6739404e-17 6.0000000e-01]
Processing direction 10: [-0.11705419  0.58847117]
Processing direction 11: [-0.22961006  0.55432772]
Processing direction 12: [-0.33334214  0.49888177]
Processing direction 13: [-0.42426407  0.42426407]
Processing direction 14: [-0.49888177  0.33334214]
Processing direction 15: [-0.55432772  0.22961006]
Processing direction 16: [-0.58847117  0.11705419]
Processing direction 17: [-6.00000000e-01  7.34788079e-17]
Processing direction 18: [-0.58847117 -0.11705419]
Processing direction 19: [-0.55432772 -0.22961006]
Processing direction 20: [-0.49888177 -0.33334214]
Processing direction 21: [-0.42426407 -0.42426407]
Processing direction 22: [-0.33334214 -0.49888177]
Processing direction 23: [-0.22961006 -0.55432772]
Processing direction 24: [-0.11705419 -0.58847117]
Processing direction 25: [-1.10218212e-16 -6.00000000e-01]
Processing direction 26: [ 0.11705419 -0.58847117]
Processing direction 27: [ 0.22961006 -0.55432772]
Processing direction 28: [ 0.33334214 -0.49888177]
Processing direction 29: [ 0.42426407 -0.42426407]
Processing direction 30: [ 0.49888177 -0.33334214]
Processing direction 31: [ 0.55432772 -0.22961006]
Processing direction 32: [ 0.58847117 -0.11705419]

=== Step 8 ===
Current position: [1.199082374572754, 2.147210121154785]
Processing direction 1: [0.6 0. ]
Processing direction 2: [0.58847117 0.11705419]
Processing direction 3: [0.55432772 0.22961006]
Processing direction 4: [0.49888177 0.33334214]
Processing direction 5: [0.42426407 0.42426407]
Processing direction 6: [0.33334214 0.49888177]
Processing direction 7: [0.22961006 0.55432772]
Processing direction 8: [0.11705419 0.58847117]
Processing direction 9: [3.6739404e-17 6.0000000e-01]
Processing direction 10: [-0.11705419  0.58847117]
Processing direction 11: [-0.22961006  0.55432772]
Processing direction 12: [-0.33334214  0.49888177]
Processing direction 13: [-0.42426407  0.42426407]
Processing direction 14: [-0.49888177  0.33334214]
Processing direction 15: [-0.55432772  0.22961006]
Processing direction 16: [-0.58847117  0.11705419]
Processing direction 17: [-6.00000000e-01  7.34788079e-17]
Processing direction 18: [-0.58847117 -0.11705419]
Processing direction 19: [-0.55432772 -0.22961006]
Processing direction 20: [-0.49888177 -0.33334214]
Processing direction 21: [-0.42426407 -0.42426407]
Processing direction 22: [-0.33334214 -0.49888177]
Processing direction 23: [-0.22961006 -0.55432772]
Processing direction 24: [-0.11705419 -0.58847117]
Processing direction 25: [-1.10218212e-16 -6.00000000e-01]
Processing direction 26: [ 0.11705419 -0.58847117]
Processing direction 27: [ 0.22961006 -0.55432772]
Processing direction 28: [ 0.33334214 -0.49888177]
Processing direction 29: [ 0.42426407 -0.42426407]
Processing direction 30: [ 0.49888177 -0.33334214]
Processing direction 31: [ 0.55432772 -0.22961006]
Processing direction 32: [ 0.58847117 -0.11705419]

=== Step 9 ===
Current position: [0.8582462072372437, 2.598309278488159]
Processing direction 1: [0.6 0. ]
Processing direction 2: [0.58847117 0.11705419]
Processing direction 3: [0.55432772 0.22961006]
Processing direction 4: [0.49888177 0.33334214]
Processing direction 5: [0.42426407 0.42426407]
Processing direction 6: [0.33334214 0.49888177]
Processing direction 7: [0.22961006 0.55432772]
Processing direction 8: [0.11705419 0.58847117]
Processing direction 9: [3.6739404e-17 6.0000000e-01]
Processing direction 10: [-0.11705419  0.58847117]
Processing direction 11: [-0.22961006  0.55432772]
Processing direction 12: [-0.33334214  0.49888177]
Processing direction 13: [-0.42426407  0.42426407]
Processing direction 14: [-0.49888177  0.33334214]
Processing direction 15: [-0.55432772  0.22961006]
Processing direction 16: [-0.58847117  0.11705419]
Processing direction 17: [-6.00000000e-01  7.34788079e-17]
Processing direction 18: [-0.58847117 -0.11705419]
Processing direction 19: [-0.55432772 -0.22961006]
Processing direction 20: [-0.49888177 -0.33334214]
Processing direction 21: [-0.42426407 -0.42426407]
Processing direction 22: [-0.33334214 -0.49888177]
Processing direction 23: [-0.22961006 -0.55432772]
Processing direction 24: [-0.11705419 -0.58847117]
Processing direction 25: [-1.10218212e-16 -6.00000000e-01]
Processing direction 26: [ 0.11705419 -0.58847117]
Processing direction 27: [ 0.22961006 -0.55432772]
Processing direction 28: [ 0.33334214 -0.49888177]
Processing direction 29: [ 0.42426407 -0.42426407]
Processing direction 30: [ 0.49888177 -0.33334214]
Processing direction 31: [ 0.55432772 -0.22961006]
Processing direction 32: [ 0.58847117 -0.11705419]

=== Step 10 ===
Current position: [1.3677198886871338, 2.2013235092163086]
Processing direction 1: [0.6 0. ]
Processing direction 2: [0.58847117 0.11705419]
Processing direction 3: [0.55432772 0.22961006]
Processing direction 4: [0.49888177 0.33334214]
Processing direction 5: [0.42426407 0.42426407]
Processing direction 6: [0.33334214 0.49888177]
Processing direction 7: [0.22961006 0.55432772]
Processing direction 8: [0.11705419 0.58847117]
Processing direction 9: [3.6739404e-17 6.0000000e-01]
Processing direction 10: [-0.11705419  0.58847117]
Processing direction 11: [-0.22961006  0.55432772]
Processing direction 12: [-0.33334214  0.49888177]
Processing direction 13: [-0.42426407  0.42426407]
Processing direction 14: [-0.49888177  0.33334214]
Processing direction 15: [-0.55432772  0.22961006]
Processing direction 16: [-0.58847117  0.11705419]
Processing direction 17: [-6.00000000e-01  7.34788079e-17]
Processing direction 18: [-0.58847117 -0.11705419]
Processing direction 19: [-0.55432772 -0.22961006]
Processing direction 20: [-0.49888177 -0.33334214]
Processing direction 21: [-0.42426407 -0.42426407]
Processing direction 22: [-0.33334214 -0.49888177]
Processing direction 23: [-0.22961006 -0.55432772]
Processing direction 24: [-0.11705419 -0.58847117]
Processing direction 25: [-1.10218212e-16 -6.00000000e-01]
Processing direction 26: [ 0.11705419 -0.58847117]
Processing direction 27: [ 0.22961006 -0.55432772]
Processing direction 28: [ 0.33334214 -0.49888177]
Processing direction 29: [ 0.42426407 -0.42426407]
Processing direction 30: [ 0.49888177 -0.33334214]
Processing direction 31: [ 0.55432772 -0.22961006]
Processing direction 32: [ 0.58847117 -0.11705419]

=== Step 11 ===
Current position: [1.8758856058120728, 1.749806523323059]
Processing direction 1: [0.6 0. ]
Processing direction 2: [0.58847117 0.11705419]
Processing direction 3: [0.55432772 0.22961006]
Processing direction 4: [0.49888177 0.33334214]
Processing direction 5: [0.42426407 0.42426407]
Processing direction 6: [0.33334214 0.49888177]
Processing direction 7: [0.22961006 0.55432772]
Processing direction 8: [0.11705419 0.58847117]
Processing direction 9: [3.6739404e-17 6.0000000e-01]
Processing direction 10: [-0.11705419  0.58847117]
Processing direction 11: [-0.22961006  0.55432772]
Processing direction 12: [-0.33334214  0.49888177]
Processing direction 13: [-0.42426407  0.42426407]
Processing direction 14: [-0.49888177  0.33334214]
Processing direction 15: [-0.55432772  0.22961006]
Processing direction 16: [-0.58847117  0.11705419]
Processing direction 17: [-6.00000000e-01  7.34788079e-17]
Processing direction 18: [-0.58847117 -0.11705419]
Processing direction 19: [-0.55432772 -0.22961006]
Processing direction 20: [-0.49888177 -0.33334214]
Processing direction 21: [-0.42426407 -0.42426407]
Processing direction 22: [-0.33334214 -0.49888177]
Processing direction 23: [-0.22961006 -0.55432772]
Processing direction 24: [-0.11705419 -0.58847117]
Processing direction 25: [-1.10218212e-16 -6.00000000e-01]
Processing direction 26: [ 0.11705419 -0.58847117]
Processing direction 27: [ 0.22961006 -0.55432772]
Processing direction 28: [ 0.33334214 -0.49888177]
Processing direction 29: [ 0.42426407 -0.42426407]
Processing direction 30: [ 0.49888177 -0.33334214]
Processing direction 31: [ 0.55432772 -0.22961006]
Processing direction 32: [ 0.58847117 -0.11705419]

=== Step 12 ===
Current position: [2.4255130290985107, 1.416651725769043]
Processing direction 1: [0.6 0. ]
Processing direction 2: [0.58847117 0.11705419]
Processing direction 3: [0.55432772 0.22961006]
Processing direction 4: [0.49888177 0.33334214]
Processing direction 5: [0.42426407 0.42426407]
Processing direction 6: [0.33334214 0.49888177]
Processing direction 7: [0.22961006 0.55432772]
Processing direction 8: [0.11705419 0.58847117]
Processing direction 9: [3.6739404e-17 6.0000000e-01]
Processing direction 10: [-0.11705419  0.58847117]
Processing direction 11: [-0.22961006  0.55432772]
Processing direction 12: [-0.33334214  0.49888177]
Processing direction 13: [-0.42426407  0.42426407]
Processing direction 14: [-0.49888177  0.33334214]
Processing direction 15: [-0.55432772  0.22961006]
Processing direction 16: [-0.58847117  0.11705419]
Processing direction 17: [-6.00000000e-01  7.34788079e-17]
Processing direction 18: [-0.58847117 -0.11705419]
Processing direction 19: [-0.55432772 -0.22961006]
Processing direction 20: [-0.49888177 -0.33334214]
Processing direction 21: [-0.42426407 -0.42426407]
Processing direction 22: [-0.33334214 -0.49888177]
Processing direction 23: [-0.22961006 -0.55432772]
Processing direction 24: [-0.11705419 -0.58847117]
Processing direction 25: [-1.10218212e-16 -6.00000000e-01]
Processing direction 26: [ 0.11705419 -0.58847117]
Processing direction 27: [ 0.22961006 -0.55432772]
Processing direction 28: [ 0.33334214 -0.49888177]
Processing direction 29: [ 0.42426407 -0.42426407]
Processing direction 30: [ 0.49888177 -0.33334214]
Processing direction 31: [ 0.55432772 -0.22961006]
Processing direction 32: [ 0.58847117 -0.11705419]

=== Step 13 ===
Current position: [1.9925471544265747, 1.739270806312561]
Processing direction 1: [0.6 0. ]
Processing direction 2: [0.58847117 0.11705419]
Processing direction 3: [0.55432772 0.22961006]
Processing direction 4: [0.49888177 0.33334214]
Processing direction 5: [0.42426407 0.42426407]
Processing direction 6: [0.33334214 0.49888177]
Processing direction 7: [0.22961006 0.55432772]
Processing direction 8: [0.11705419 0.58847117]
Processing direction 9: [3.6739404e-17 6.0000000e-01]
Processing direction 10: [-0.11705419  0.58847117]
Processing direction 11: [-0.22961006  0.55432772]
Processing direction 12: [-0.33334214  0.49888177]
Processing direction 13: [-0.42426407  0.42426407]
Processing direction 14: [-0.49888177  0.33334214]
Processing direction 15: [-0.55432772  0.22961006]
Processing direction 16: [-0.58847117  0.11705419]
Processing direction 17: [-6.00000000e-01  7.34788079e-17]
Processing direction 18: [-0.58847117 -0.11705419]
Processing direction 19: [-0.55432772 -0.22961006]
Processing direction 20: [-0.49888177 -0.33334214]
Processing direction 21: [-0.42426407 -0.42426407]
Processing direction 22: [-0.33334214 -0.49888177]
Processing direction 23: [-0.22961006 -0.55432772]
Processing direction 24: [-0.11705419 -0.58847117]
Processing direction 25: [-1.10218212e-16 -6.00000000e-01]
Processing direction 26: [ 0.11705419 -0.58847117]
Processing direction 27: [ 0.22961006 -0.55432772]
Processing direction 28: [ 0.33334214 -0.49888177]
Processing direction 29: [ 0.42426407 -0.42426407]
Processing direction 30: [ 0.49888177 -0.33334214]
Processing direction 31: [ 0.55432772 -0.22961006]
Processing direction 32: [ 0.58847117 -0.11705419]

=== Step 14 ===
Current position: [1.6153677701950073, 2.1006667613983154]
Processing direction 1: [0.6 0. ]
Processing direction 2: [0.58847117 0.11705419]
Processing direction 3: [0.55432772 0.22961006]
Processing direction 4: [0.49888177 0.33334214]
Processing direction 5: [0.42426407 0.42426407]
Processing direction 6: [0.33334214 0.49888177]
Processing direction 7: [0.22961006 0.55432772]
Processing direction 8: [0.11705419 0.58847117]
Processing direction 9: [3.6739404e-17 6.0000000e-01]
Processing direction 10: [-0.11705419  0.58847117]
Processing direction 11: [-0.22961006  0.55432772]
Processing direction 12: [-0.33334214  0.49888177]
Processing direction 13: [-0.42426407  0.42426407]
Processing direction 14: [-0.49888177  0.33334214]
Processing direction 15: [-0.55432772  0.22961006]
Processing direction 16: [-0.58847117  0.11705419]
Processing direction 17: [-6.00000000e-01  7.34788079e-17]
Processing direction 18: [-0.58847117 -0.11705419]
Processing direction 19: [-0.55432772 -0.22961006]
Processing direction 20: [-0.49888177 -0.33334214]
Processing direction 21: [-0.42426407 -0.42426407]
Processing direction 22: [-0.33334214 -0.49888177]
Processing direction 23: [-0.22961006 -0.55432772]
Processing direction 24: [-0.11705419 -0.58847117]
Processing direction 25: [-1.10218212e-16 -6.00000000e-01]
Processing direction 26: [ 0.11705419 -0.58847117]
Processing direction 27: [ 0.22961006 -0.55432772]
Processing direction 28: [ 0.33334214 -0.49888177]
Processing direction 29: [ 0.42426407 -0.42426407]
Processing direction 30: [ 0.49888177 -0.33334214]
Processing direction 31: [ 0.55432772 -0.22961006]
Processing direction 32: [ 0.58847117 -0.11705419]

=== Step 15 ===
Current position: [2.1235978603363037, 1.6622296571731567]
Processing direction 1: [0.6 0. ]
Processing direction 2: [0.58847117 0.11705419]
Processing direction 3: [0.55432772 0.22961006]
Processing direction 4: [0.49888177 0.33334214]
Processing direction 5: [0.42426407 0.42426407]
Processing direction 6: [0.33334214 0.49888177]
Processing direction 7: [0.22961006 0.55432772]
Processing direction 8: [0.11705419 0.58847117]
Processing direction 9: [3.6739404e-17 6.0000000e-01]
Processing direction 10: [-0.11705419  0.58847117]
Processing direction 11: [-0.22961006  0.55432772]
Processing direction 12: [-0.33334214  0.49888177]
Processing direction 13: [-0.42426407  0.42426407]
Processing direction 14: [-0.49888177  0.33334214]
Processing direction 15: [-0.55432772  0.22961006]
Processing direction 16: [-0.58847117  0.11705419]
Processing direction 17: [-6.00000000e-01  7.34788079e-17]
Processing direction 18: [-0.58847117 -0.11705419]
Processing direction 19: [-0.55432772 -0.22961006]
Processing direction 20: [-0.49888177 -0.33334214]
Processing direction 21: [-0.42426407 -0.42426407]
Processing direction 22: [-0.33334214 -0.49888177]
Processing direction 23: [-0.22961006 -0.55432772]
Processing direction 24: [-0.11705419 -0.58847117]
Processing direction 25: [-1.10218212e-16 -6.00000000e-01]
Processing direction 26: [ 0.11705419 -0.58847117]
Processing direction 27: [ 0.22961006 -0.55432772]
Processing direction 28: [ 0.33334214 -0.49888177]
Processing direction 29: [ 0.42426407 -0.42426407]
Processing direction 30: [ 0.49888177 -0.33334214]
Processing direction 31: [ 0.55432772 -0.22961006]
Processing direction 32: [ 0.58847117 -0.11705419]

=== Step 16 ===
Current position: [1.7646191120147705, 1.961157202720642]
Processing direction 1: [0.6 0. ]
Processing direction 2: [0.58847117 0.11705419]
Processing direction 3: [0.55432772 0.22961006]
Processing direction 4: [0.49888177 0.33334214]
Processing direction 5: [0.42426407 0.42426407]
Processing direction 6: [0.33334214 0.49888177]
Processing direction 7: [0.22961006 0.55432772]
Processing direction 8: [0.11705419 0.58847117]
Processing direction 9: [3.6739404e-17 6.0000000e-01]
Processing direction 10: [-0.11705419  0.58847117]
Processing direction 11: [-0.22961006  0.55432772]
Processing direction 12: [-0.33334214  0.49888177]
Processing direction 13: [-0.42426407  0.42426407]
Processing direction 14: [-0.49888177  0.33334214]
Processing direction 15: [-0.55432772  0.22961006]
Processing direction 16: [-0.58847117  0.11705419]
Processing direction 17: [-6.00000000e-01  7.34788079e-17]
Processing direction 18: [-0.58847117 -0.11705419]
Processing direction 19: [-0.55432772 -0.22961006]
Processing direction 20: [-0.49888177 -0.33334214]
Processing direction 21: [-0.42426407 -0.42426407]
Processing direction 22: [-0.33334214 -0.49888177]
Processing direction 23: [-0.22961006 -0.55432772]
Processing direction 24: [-0.11705419 -0.58847117]
Processing direction 25: [-1.10218212e-16 -6.00000000e-01]
Processing direction 26: [ 0.11705419 -0.58847117]
Processing direction 27: [ 0.22961006 -0.55432772]
Processing direction 28: [ 0.33334214 -0.49888177]
Processing direction 29: [ 0.42426407 -0.42426407]
Processing direction 30: [ 0.49888177 -0.33334214]
Processing direction 31: [ 0.55432772 -0.22961006]
Processing direction 32: [ 0.58847117 -0.11705419]

=== Step 17 ===
Current position: [2.3738064765930176, 1.623836874961853]
Processing direction 1: [0.6 0. ]
Processing direction 2: [0.58847117 0.11705419]
Processing direction 3: [0.55432772 0.22961006]
Processing direction 4: [0.49888177 0.33334214]
Processing direction 5: [0.42426407 0.42426407]
Processing direction 6: [0.33334214 0.49888177]
Processing direction 7: [0.22961006 0.55432772]
Processing direction 8: [0.11705419 0.58847117]
Processing direction 9: [3.6739404e-17 6.0000000e-01]
Processing direction 10: [-0.11705419  0.58847117]
Processing direction 11: [-0.22961006  0.55432772]
Processing direction 12: [-0.33334214  0.49888177]
Processing direction 13: [-0.42426407  0.42426407]
Processing direction 14: [-0.49888177  0.33334214]
Processing direction 15: [-0.55432772  0.22961006]
Processing direction 16: [-0.58847117  0.11705419]
Processing direction 17: [-6.00000000e-01  7.34788079e-17]
Processing direction 18: [-0.58847117 -0.11705419]
Processing direction 19: [-0.55432772 -0.22961006]
Processing direction 20: [-0.49888177 -0.33334214]
Processing direction 21: [-0.42426407 -0.42426407]
Processing direction 22: [-0.33334214 -0.49888177]
Processing direction 23: [-0.22961006 -0.55432772]
Processing direction 24: [-0.11705419 -0.58847117]
Processing direction 25: [-1.10218212e-16 -6.00000000e-01]
Processing direction 26: [ 0.11705419 -0.58847117]
Processing direction 27: [ 0.22961006 -0.55432772]
Processing direction 28: [ 0.33334214 -0.49888177]
Processing direction 29: [ 0.42426407 -0.42426407]
Processing direction 30: [ 0.49888177 -0.33334214]
Processing direction 31: [ 0.55432772 -0.22961006]
Processing direction 32: [ 0.58847117 -0.11705419]

=== Step 18 ===
Current position: [2.0327374935150146, 2.0162696838378906]
Processing direction 1: [0.6 0. ]
Processing direction 2: [0.58847117 0.11705419]
Processing direction 3: [0.55432772 0.22961006]
Processing direction 4: [0.49888177 0.33334214]
Processing direction 5: [0.42426407 0.42426407]
Processing direction 6: [0.33334214 0.49888177]
Processing direction 7: [0.22961006 0.55432772]
Processing direction 8: [0.11705419 0.58847117]
Processing direction 9: [3.6739404e-17 6.0000000e-01]
Processing direction 10: [-0.11705419  0.58847117]
Processing direction 11: [-0.22961006  0.55432772]
Processing direction 12: [-0.33334214  0.49888177]
Processing direction 13: [-0.42426407  0.42426407]
Processing direction 14: [-0.49888177  0.33334214]
Processing direction 15: [-0.55432772  0.22961006]
Processing direction 16: [-0.58847117  0.11705419]
Processing direction 17: [-6.00000000e-01  7.34788079e-17]
Processing direction 18: [-0.58847117 -0.11705419]
Processing direction 19: [-0.55432772 -0.22961006]
Processing direction 20: [-0.49888177 -0.33334214]
Processing direction 21: [-0.42426407 -0.42426407]
Processing direction 22: [-0.33334214 -0.49888177]
Processing direction 23: [-0.22961006 -0.55432772]
Processing direction 24: [-0.11705419 -0.58847117]
Processing direction 25: [-1.10218212e-16 -6.00000000e-01]
Processing direction 26: [ 0.11705419 -0.58847117]
Processing direction 27: [ 0.22961006 -0.55432772]
Processing direction 28: [ 0.33334214 -0.49888177]
Processing direction 29: [ 0.42426407 -0.42426407]
Processing direction 30: [ 0.49888177 -0.33334214]
Processing direction 31: [ 0.55432772 -0.22961006]
Processing direction 32: [ 0.58847117 -0.11705419]

=== Step 19 ===
Current position: [2.681783437728882, 1.7719943523406982]
Processing direction 1: [0.6 0. ]
Processing direction 2: [0.58847117 0.11705419]
Processing direction 3: [0.55432772 0.22961006]
Processing direction 4: [0.49888177 0.33334214]
Processing direction 5: [0.42426407 0.42426407]
Processing direction 6: [0.33334214 0.49888177]
Processing direction 7: [0.22961006 0.55432772]
Processing direction 8: [0.11705419 0.58847117]
Processing direction 9: [3.6739404e-17 6.0000000e-01]
Processing direction 10: [-0.11705419  0.58847117]
Processing direction 11: [-0.22961006  0.55432772]
Processing direction 12: [-0.33334214  0.49888177]
Processing direction 13: [-0.42426407  0.42426407]
Processing direction 14: [-0.49888177  0.33334214]
Processing direction 15: [-0.55432772  0.22961006]
Processing direction 16: [-0.58847117  0.11705419]
Processing direction 17: [-6.00000000e-01  7.34788079e-17]
Processing direction 18: [-0.58847117 -0.11705419]
Processing direction 19: [-0.55432772 -0.22961006]
Processing direction 20: [-0.49888177 -0.33334214]
Processing direction 21: [-0.42426407 -0.42426407]
Processing direction 22: [-0.33334214 -0.49888177]
Processing direction 23: [-0.22961006 -0.55432772]
Processing direction 24: [-0.11705419 -0.58847117]
Processing direction 25: [-1.10218212e-16 -6.00000000e-01]
Processing direction 26: [ 0.11705419 -0.58847117]
Processing direction 27: [ 0.22961006 -0.55432772]
Processing direction 28: [ 0.33334214 -0.49888177]
Processing direction 29: [ 0.42426407 -0.42426407]
Processing direction 30: [ 0.49888177 -0.33334214]
Processing direction 31: [ 0.55432772 -0.22961006]
Processing direction 32: [ 0.58847117 -0.11705419]

=== Step 20 ===
Current position: [2.3192036151885986, 2.0776963233947754]
Processing direction 1: [0.6 0. ]
Processing direction 2: [0.58847117 0.11705419]
Processing direction 3: [0.55432772 0.22961006]
Processing direction 4: [0.49888177 0.33334214]
Processing direction 5: [0.42426407 0.42426407]
Processing direction 6: [0.33334214 0.49888177]
Processing direction 7: [0.22961006 0.55432772]
Processing direction 8: [0.11705419 0.58847117]
Processing direction 9: [3.6739404e-17 6.0000000e-01]
Processing direction 10: [-0.11705419  0.58847117]
Processing direction 11: [-0.22961006  0.55432772]
Processing direction 12: [-0.33334214  0.49888177]
Processing direction 13: [-0.42426407  0.42426407]
Processing direction 14: [-0.49888177  0.33334214]
Processing direction 15: [-0.55432772  0.22961006]
Processing direction 16: [-0.58847117  0.11705419]
Processing direction 17: [-6.00000000e-01  7.34788079e-17]
Processing direction 18: [-0.58847117 -0.11705419]
Processing direction 19: [-0.55432772 -0.22961006]
Processing direction 20: [-0.49888177 -0.33334214]
Processing direction 21: [-0.42426407 -0.42426407]
Processing direction 22: [-0.33334214 -0.49888177]
Processing direction 23: [-0.22961006 -0.55432772]
Processing direction 24: [-0.11705419 -0.58847117]
Processing direction 25: [-1.10218212e-16 -6.00000000e-01]
Processing direction 26: [ 0.11705419 -0.58847117]
Processing direction 27: [ 0.22961006 -0.55432772]
Processing direction 28: [ 0.33334214 -0.49888177]
Processing direction 29: [ 0.42426407 -0.42426407]
Processing direction 30: [ 0.49888177 -0.33334214]
Processing direction 31: [ 0.55432772 -0.22961006]
Processing direction 32: [ 0.58847117 -0.11705419]

=== Step 21 ===
Current position: [2.9064950942993164, 1.783479928970337]
Processing direction 1: [0.6 0. ]
Processing direction 2: [0.58847117 0.11705419]
Processing direction 3: [0.55432772 0.22961006]
Processing direction 4: [0.49888177 0.33334214]
Processing direction 5: [0.42426407 0.42426407]
Processing direction 6: [0.33334214 0.49888177]
Processing direction 7: [0.22961006 0.55432772]
Processing direction 8: [0.11705419 0.58847117]
Processing direction 9: [3.6739404e-17 6.0000000e-01]
Processing direction 10: [-0.11705419  0.58847117]
Processing direction 11: [-0.22961006  0.55432772]
Processing direction 12: [-0.33334214  0.49888177]
Processing direction 13: [-0.42426407  0.42426407]
Processing direction 14: [-0.49888177  0.33334214]
Processing direction 15: [-0.55432772  0.22961006]
Processing direction 16: [-0.58847117  0.11705419]
Processing direction 17: [-6.00000000e-01  7.34788079e-17]
Processing direction 18: [-0.58847117 -0.11705419]
Processing direction 19: [-0.55432772 -0.22961006]
Processing direction 20: [-0.49888177 -0.33334214]
Processing direction 21: [-0.42426407 -0.42426407]
Processing direction 22: [-0.33334214 -0.49888177]
Processing direction 23: [-0.22961006 -0.55432772]
Processing direction 24: [-0.11705419 -0.58847117]
Processing direction 25: [-1.10218212e-16 -6.00000000e-01]
Processing direction 26: [ 0.11705419 -0.58847117]
Processing direction 27: [ 0.22961006 -0.55432772]
Processing direction 28: [ 0.33334214 -0.49888177]
Processing direction 29: [ 0.42426407 -0.42426407]
Processing direction 30: [ 0.49888177 -0.33334214]
Processing direction 31: [ 0.55432772 -0.22961006]
Processing direction 32: [ 0.58847117 -0.11705419]

=== Step 22 ===
Current position: [2.458350896835327, 2.1466565132141113]
Processing direction 1: [0.6 0. ]
Processing direction 2: [0.58847117 0.11705419]
Processing direction 3: [0.55432772 0.22961006]
Processing direction 4: [0.49888177 0.33334214]
Processing direction 5: [0.42426407 0.42426407]
Processing direction 6: [0.33334214 0.49888177]
Processing direction 7: [0.22961006 0.55432772]
Processing direction 8: [0.11705419 0.58847117]
Processing direction 9: [3.6739404e-17 6.0000000e-01]
Processing direction 10: [-0.11705419  0.58847117]
Processing direction 11: [-0.22961006  0.55432772]
Processing direction 12: [-0.33334214  0.49888177]
Processing direction 13: [-0.42426407  0.42426407]
Processing direction 14: [-0.49888177  0.33334214]
Processing direction 15: [-0.55432772  0.22961006]
Processing direction 16: [-0.58847117  0.11705419]
Processing direction 17: [-6.00000000e-01  7.34788079e-17]
Processing direction 18: [-0.58847117 -0.11705419]
Processing direction 19: [-0.55432772 -0.22961006]
Processing direction 20: [-0.49888177 -0.33334214]
Processing direction 21: [-0.42426407 -0.42426407]
Processing direction 22: [-0.33334214 -0.49888177]
Processing direction 23: [-0.22961006 -0.55432772]
Processing direction 24: [-0.11705419 -0.58847117]
Processing direction 25: [-1.10218212e-16 -6.00000000e-01]
Processing direction 26: [ 0.11705419 -0.58847117]
Processing direction 27: [ 0.22961006 -0.55432772]
Processing direction 28: [ 0.33334214 -0.49888177]
Processing direction 29: [ 0.42426407 -0.42426407]
Processing direction 30: [ 0.49888177 -0.33334214]
Processing direction 31: [ 0.55432772 -0.22961006]
Processing direction 32: [ 0.58847117 -0.11705419]

=== Step 23 ===
Current position: [2.9904885292053223, 1.9255377054214478]
Processing direction 1: [0.6 0. ]
Processing direction 2: [0.58847117 0.11705419]
Processing direction 3: [0.55432772 0.22961006]
Processing direction 4: [0.49888177 0.33334214]
Processing direction 5: [0.42426407 0.42426407]
Processing direction 6: [0.33334214 0.49888177]
Processing direction 7: [0.22961006 0.55432772]
Processing direction 8: [0.11705419 0.58847117]
Processing direction 9: [3.6739404e-17 6.0000000e-01]
Processing direction 10: [-0.11705419  0.58847117]
Processing direction 11: [-0.22961006  0.55432772]
Processing direction 12: [-0.33334214  0.49888177]
Processing direction 13: [-0.42426407  0.42426407]
Processing direction 14: [-0.49888177  0.33334214]
Processing direction 15: [-0.55432772  0.22961006]
Processing direction 16: [-0.58847117  0.11705419]
Processing direction 17: [-6.00000000e-01  7.34788079e-17]
Processing direction 18: [-0.58847117 -0.11705419]
Processing direction 19: [-0.55432772 -0.22961006]
Processing direction 20: [-0.49888177 -0.33334214]
Processing direction 21: [-0.42426407 -0.42426407]
Processing direction 22: [-0.33334214 -0.49888177]
Processing direction 23: [-0.22961006 -0.55432772]
Processing direction 24: [-0.11705419 -0.58847117]
Processing direction 25: [-1.10218212e-16 -6.00000000e-01]
Processing direction 26: [ 0.11705419 -0.58847117]
Processing direction 27: [ 0.22961006 -0.55432772]
Processing direction 28: [ 0.33334214 -0.49888177]
Processing direction 29: [ 0.42426407 -0.42426407]
Processing direction 30: [ 0.49888177 -0.33334214]
Processing direction 31: [ 0.55432772 -0.22961006]
Processing direction 32: [ 0.58847117 -0.11705419]

=== Step 24 ===
Current position: [2.5373353958129883, 2.308806896209717]
Processing direction 1: [0.6 0. ]
Processing direction 2: [0.58847117 0.11705419]
Processing direction 3: [0.55432772 0.22961006]
Processing direction 4: [0.49888177 0.33334214]
Processing direction 5: [0.42426407 0.42426407]
Processing direction 6: [0.33334214 0.49888177]
Processing direction 7: [0.22961006 0.55432772]
Processing direction 8: [0.11705419 0.58847117]
Processing direction 9: [3.6739404e-17 6.0000000e-01]
Processing direction 10: [-0.11705419  0.58847117]
Processing direction 11: [-0.22961006  0.55432772]
Processing direction 12: [-0.33334214  0.49888177]
Processing direction 13: [-0.42426407  0.42426407]
Processing direction 14: [-0.49888177  0.33334214]
Processing direction 15: [-0.55432772  0.22961006]
Processing direction 16: [-0.58847117  0.11705419]
Processing direction 17: [-6.00000000e-01  7.34788079e-17]
Processing direction 18: [-0.58847117 -0.11705419]
Processing direction 19: [-0.55432772 -0.22961006]
Processing direction 20: [-0.49888177 -0.33334214]
Processing direction 21: [-0.42426407 -0.42426407]
Processing direction 22: [-0.33334214 -0.49888177]
Processing direction 23: [-0.22961006 -0.55432772]
Processing direction 24: [-0.11705419 -0.58847117]
Processing direction 25: [-1.10218212e-16 -6.00000000e-01]
Processing direction 26: [ 0.11705419 -0.58847117]
Processing direction 27: [ 0.22961006 -0.55432772]
Processing direction 28: [ 0.33334214 -0.49888177]
Processing direction 29: [ 0.42426407 -0.42426407]
Processing direction 30: [ 0.49888177 -0.33334214]
Processing direction 31: [ 0.55432772 -0.22961006]
Processing direction 32: [ 0.58847117 -0.11705419]

=== Step 25 ===
Current position: [3.0875160694122314, 2.039013624191284]
Processing direction 1: [0.6 0. ]
Processing direction 2: [0.58847117 0.11705419]
Processing direction 3: [0.55432772 0.22961006]
Processing direction 4: [0.49888177 0.33334214]
Processing direction 5: [0.42426407 0.42426407]
Processing direction 6: [0.33334214 0.49888177]
Processing direction 7: [0.22961006 0.55432772]
Processing direction 8: [0.11705419 0.58847117]
Processing direction 9: [3.6739404e-17 6.0000000e-01]
Processing direction 10: [-0.11705419  0.58847117]
Processing direction 11: [-0.22961006  0.55432772]
Processing direction 12: [-0.33334214  0.49888177]
Processing direction 13: [-0.42426407  0.42426407]
Processing direction 14: [-0.49888177  0.33334214]
Processing direction 15: [-0.55432772  0.22961006]
Processing direction 16: [-0.58847117  0.11705419]
Processing direction 17: [-6.00000000e-01  7.34788079e-17]
Processing direction 18: [-0.58847117 -0.11705419]
Processing direction 19: [-0.55432772 -0.22961006]
Processing direction 20: [-0.49888177 -0.33334214]
Processing direction 21: [-0.42426407 -0.42426407]
Processing direction 22: [-0.33334214 -0.49888177]
Processing direction 23: [-0.22961006 -0.55432772]
Processing direction 24: [-0.11705419 -0.58847117]
Processing direction 25: [-1.10218212e-16 -6.00000000e-01]
Processing direction 26: [ 0.11705419 -0.58847117]
Processing direction 27: [ 0.22961006 -0.55432772]
Processing direction 28: [ 0.33334214 -0.49888177]
Processing direction 29: [ 0.42426407 -0.42426407]
Processing direction 30: [ 0.49888177 -0.33334214]
Processing direction 31: [ 0.55432772 -0.22961006]
Processing direction 32: [ 0.58847117 -0.11705419]

=== Step 26 ===
Current position: [3.358927011489868, 2.5452933311462402]
Processing direction 1: [0.6 0. ]
Processing direction 2: [0.58847117 0.11705419]
Processing direction 3: [0.55432772 0.22961006]
Processing direction 4: [0.49888177 0.33334214]
Processing direction 5: [0.42426407 0.42426407]
Processing direction 6: [0.33334214 0.49888177]
Processing direction 7: [0.22961006 0.55432772]
Processing direction 8: [0.11705419 0.58847117]
Processing direction 9: [3.6739404e-17 6.0000000e-01]
Processing direction 10: [-0.11705419  0.58847117]
Processing direction 11: [-0.22961006  0.55432772]
Processing direction 12: [-0.33334214  0.49888177]
Processing direction 13: [-0.42426407  0.42426407]
Processing direction 14: [-0.49888177  0.33334214]
Processing direction 15: [-0.55432772  0.22961006]
Processing direction 16: [-0.58847117  0.11705419]
Processing direction 17: [-6.00000000e-01  7.34788079e-17]
Processing direction 18: [-0.58847117 -0.11705419]
Processing direction 19: [-0.55432772 -0.22961006]
Processing direction 20: [-0.49888177 -0.33334214]
Processing direction 21: [-0.42426407 -0.42426407]
Processing direction 22: [-0.33334214 -0.49888177]
Processing direction 23: [-0.22961006 -0.55432772]
Processing direction 24: [-0.11705419 -0.58847117]
Processing direction 25: [-1.10218212e-16 -6.00000000e-01]
Processing direction 26: [ 0.11705419 -0.58847117]
Processing direction 27: [ 0.22961006 -0.55432772]
Processing direction 28: [ 0.33334214 -0.49888177]
Processing direction 29: [ 0.42426407 -0.42426407]
Processing direction 30: [ 0.49888177 -0.33334214]
Processing direction 31: [ 0.55432772 -0.22961006]
Processing direction 32: [ 0.58847117 -0.11705419]

=== Step 27 ===
Current position: [3.732158899307251, 2.9973981380462646]
Processing direction 1: [0.6 0. ]
Processing direction 2: [0.58847117 0.11705419]
Processing direction 3: [0.55432772 0.22961006]
Processing direction 4: [0.49888177 0.33334214]
Processing direction 5: [0.42426407 0.42426407]
Processing direction 6: [0.33334214 0.49888177]
Processing direction 7: [0.22961006 0.55432772]
Processing direction 8: [0.11705419 0.58847117]
Processing direction 9: [3.6739404e-17 6.0000000e-01]
Processing direction 10: [-0.11705419  0.58847117]
Processing direction 11: [-0.22961006  0.55432772]
Processing direction 12: [-0.33334214  0.49888177]
Processing direction 13: [-0.42426407  0.42426407]
Processing direction 14: [-0.49888177  0.33334214]
Processing direction 15: [-0.55432772  0.22961006]
Processing direction 16: [-0.58847117  0.11705419]
Processing direction 17: [-6.00000000e-01  7.34788079e-17]
Processing direction 18: [-0.58847117 -0.11705419]
Processing direction 19: [-0.55432772 -0.22961006]
Processing direction 20: [-0.49888177 -0.33334214]
Processing direction 21: [-0.42426407 -0.42426407]
Processing direction 22: [-0.33334214 -0.49888177]
Processing direction 23: [-0.22961006 -0.55432772]
Processing direction 24: [-0.11705419 -0.58847117]
Processing direction 25: [-1.10218212e-16 -6.00000000e-01]
Processing direction 26: [ 0.11705419 -0.58847117]
Processing direction 27: [ 0.22961006 -0.55432772]
Processing direction 28: [ 0.33334214 -0.49888177]
Processing direction 29: [ 0.42426407 -0.42426407]
Processing direction 30: [ 0.49888177 -0.33334214]
Processing direction 31: [ 0.55432772 -0.22961006]
Processing direction 32: [ 0.58847117 -0.11705419]

=== Step 28 ===
Current position: [4.061099052429199, 3.2673699855804443]
Processing direction 1: [0.6 0. ]
Processing direction 2: [0.58847117 0.11705419]
Processing direction 3: [0.55432772 0.22961006]
Processing direction 4: [0.49888177 0.33334214]
Processing direction 5: [0.42426407 0.42426407]
Processing direction 6: [0.33334214 0.49888177]
Processing direction 7: [0.22961006 0.55432772]
Processing direction 8: [0.11705419 0.58847117]
Processing direction 9: [3.6739404e-17 6.0000000e-01]
Processing direction 10: [-0.11705419  0.58847117]
Processing direction 11: [-0.22961006  0.55432772]
Processing direction 12: [-0.33334214  0.49888177]
Processing direction 13: [-0.42426407  0.42426407]
Processing direction 14: [-0.49888177  0.33334214]
Processing direction 15: [-0.55432772  0.22961006]
Processing direction 16: [-0.58847117  0.11705419]
Processing direction 17: [-6.00000000e-01  7.34788079e-17]
Processing direction 18: [-0.58847117 -0.11705419]
Processing direction 19: [-0.55432772 -0.22961006]
Processing direction 20: [-0.49888177 -0.33334214]
Processing direction 21: [-0.42426407 -0.42426407]
Processing direction 22: [-0.33334214 -0.49888177]
Processing direction 23: [-0.22961006 -0.55432772]
Processing direction 24: [-0.11705419 -0.58847117]
Processing direction 25: [-1.10218212e-16 -6.00000000e-01]
Processing direction 26: [ 0.11705419 -0.58847117]
Processing direction 27: [ 0.22961006 -0.55432772]
Processing direction 28: [ 0.33334214 -0.49888177]
Processing direction 29: [ 0.42426407 -0.42426407]
Processing direction 30: [ 0.49888177 -0.33334214]
Processing direction 31: [ 0.55432772 -0.22961006]
Processing direction 32: [ 0.58847117 -0.11705419]

=== Step 29 ===
Current position: [4.395711898803711, 3.616237163543701]
Processing direction 1: [0.6 0. ]
Processing direction 2: [0.58847117 0.11705419]
Processing direction 3: [0.55432772 0.22961006]
Processing direction 4: [0.49888177 0.33334214]
Processing direction 5: [0.42426407 0.42426407]
Processing direction 6: [0.33334214 0.49888177]
Processing direction 7: [0.22961006 0.55432772]
Processing direction 8: [0.11705419 0.58847117]
Processing direction 9: [3.6739404e-17 6.0000000e-01]
Processing direction 10: [-0.11705419  0.58847117]
Processing direction 11: [-0.22961006  0.55432772]
Processing direction 12: [-0.33334214  0.49888177]
Processing direction 13: [-0.42426407  0.42426407]
Processing direction 14: [-0.49888177  0.33334214]
Processing direction 15: [-0.55432772  0.22961006]
Processing direction 16: [-0.58847117  0.11705419]
Processing direction 17: [-6.00000000e-01  7.34788079e-17]
Processing direction 18: [-0.58847117 -0.11705419]
Processing direction 19: [-0.55432772 -0.22961006]
Processing direction 20: [-0.49888177 -0.33334214]
Processing direction 21: [-0.42426407 -0.42426407]
Processing direction 22: [-0.33334214 -0.49888177]
Processing direction 23: [-0.22961006 -0.55432772]
Processing direction 24: [-0.11705419 -0.58847117]
Processing direction 25: [-1.10218212e-16 -6.00000000e-01]
Processing direction 26: [ 0.11705419 -0.58847117]
Processing direction 27: [ 0.22961006 -0.55432772]
Processing direction 28: [ 0.33334214 -0.49888177]
Processing direction 29: [ 0.42426407 -0.42426407]
Processing direction 30: [ 0.49888177 -0.33334214]
Processing direction 31: [ 0.55432772 -0.22961006]
Processing direction 32: [ 0.58847117 -0.11705419]

=== Step 30 ===
Current position: [4.6004838943481445, 4.036228179931641]
Processing direction 1: [0.6 0. ]
Processing direction 2: [0.58847117 0.11705419]
Processing direction 3: [0.55432772 0.22961006]
Processing direction 4: [0.49888177 0.33334214]
Processing direction 5: [0.42426407 0.42426407]
Processing direction 6: [0.33334214 0.49888177]
Processing direction 7: [0.22961006 0.55432772]
Processing direction 8: [0.11705419 0.58847117]
Processing direction 9: [3.6739404e-17 6.0000000e-01]
Processing direction 10: [-0.11705419  0.58847117]
Processing direction 11: [-0.22961006  0.55432772]
Processing direction 12: [-0.33334214  0.49888177]
Processing direction 13: [-0.42426407  0.42426407]
Processing direction 14: [-0.49888177  0.33334214]
Processing direction 15: [-0.55432772  0.22961006]
Processing direction 16: [-0.58847117  0.11705419]
Processing direction 17: [-6.00000000e-01  7.34788079e-17]
Processing direction 18: [-0.58847117 -0.11705419]
Processing direction 19: [-0.55432772 -0.22961006]
Processing direction 20: [-0.49888177 -0.33334214]
Processing direction 21: [-0.42426407 -0.42426407]
Processing direction 22: [-0.33334214 -0.49888177]
Processing direction 23: [-0.22961006 -0.55432772]
Processing direction 24: [-0.11705419 -0.58847117]
Processing direction 25: [-1.10218212e-16 -6.00000000e-01]
Processing direction 26: [ 0.11705419 -0.58847117]
Processing direction 27: [ 0.22961006 -0.55432772]
Processing direction 28: [ 0.33334214 -0.49888177]
Processing direction 29: [ 0.42426407 -0.42426407]
Processing direction 30: [ 0.49888177 -0.33334214]
Processing direction 31: [ 0.55432772 -0.22961006]
Processing direction 32: [ 0.58847117 -0.11705419]

=== Step 31 ===
Current position: [4.531835556030273, 4.51669454574585]
Processing direction 1: [0.6 0. ]
Processing direction 2: [0.58847117 0.11705419]
Processing direction 3: [0.55432772 0.22961006]
Processing direction 4: [0.49888177 0.33334214]
Processing direction 5: [0.42426407 0.42426407]
Processing direction 6: [0.33334214 0.49888177]
Processing direction 7: [0.22961006 0.55432772]
Processing direction 8: [0.11705419 0.58847117]
Processing direction 9: [3.6739404e-17 6.0000000e-01]
Processing direction 10: [-0.11705419  0.58847117]
Processing direction 11: [-0.22961006  0.55432772]
Processing direction 12: [-0.33334214  0.49888177]
Processing direction 13: [-0.42426407  0.42426407]
Processing direction 14: [-0.49888177  0.33334214]
Processing direction 15: [-0.55432772  0.22961006]
Processing direction 16: [-0.58847117  0.11705419]
Processing direction 17: [-6.00000000e-01  7.34788079e-17]
Processing direction 18: [-0.58847117 -0.11705419]
Processing direction 19: [-0.55432772 -0.22961006]
Processing direction 20: [-0.49888177 -0.33334214]
Processing direction 21: [-0.42426407 -0.42426407]
Processing direction 22: [-0.33334214 -0.49888177]
Processing direction 23: [-0.22961006 -0.55432772]
Processing direction 24: [-0.11705419 -0.58847117]
Processing direction 25: [-1.10218212e-16 -6.00000000e-01]
Processing direction 26: [ 0.11705419 -0.58847117]
Processing direction 27: [ 0.22961006 -0.55432772]
Processing direction 28: [ 0.33334214 -0.49888177]
Processing direction 29: [ 0.42426407 -0.42426407]
Processing direction 30: [ 0.49888177 -0.33334214]
Processing direction 31: [ 0.55432772 -0.22961006]
Processing direction 32: [ 0.58847117 -0.11705419]

=== Step 32 ===
Current position: [4.413690567016602, 4.875433444976807]
Processing direction 1: [0.6 0. ]
Processing direction 2: [0.58847117 0.11705419]
Processing direction 3: [0.55432772 0.22961006]
Processing direction 4: [0.49888177 0.33334214]
Processing direction 5: [0.42426407 0.42426407]
Processing direction 6: [0.33334214 0.49888177]
Processing direction 7: [0.22961006 0.55432772]
Processing direction 8: [0.11705419 0.58847117]
Processing direction 9: [3.6739404e-17 6.0000000e-01]
Processing direction 10: [-0.11705419  0.58847117]
Processing direction 11: [-0.22961006  0.55432772]
Processing direction 12: [-0.33334214  0.49888177]
Processing direction 13: [-0.42426407  0.42426407]
Processing direction 14: [-0.49888177  0.33334214]
Processing direction 15: [-0.55432772  0.22961006]
Processing direction 16: [-0.58847117  0.11705419]
Processing direction 17: [-6.00000000e-01  7.34788079e-17]
Processing direction 18: [-0.58847117 -0.11705419]
Processing direction 19: [-0.55432772 -0.22961006]
Processing direction 20: [-0.49888177 -0.33334214]
Processing direction 21: [-0.42426407 -0.42426407]
Processing direction 22: [-0.33334214 -0.49888177]
Processing direction 23: [-0.22961006 -0.55432772]
Processing direction 24: [-0.11705419 -0.58847117]
Processing direction 25: [-1.10218212e-16 -6.00000000e-01]
Processing direction 26: [ 0.11705419 -0.58847117]
Processing direction 27: [ 0.22961006 -0.55432772]
Processing direction 28: [ 0.33334214 -0.49888177]
Processing direction 29: [ 0.42426407 -0.42426407]
Processing direction 30: [ 0.49888177 -0.33334214]
Processing direction 31: [ 0.55432772 -0.22961006]
Processing direction 32: [ 0.58847117 -0.11705419]

=== Step 33 ===
Current position: [5.019479751586914, 4.655673503875732]
Processing direction 1: [0.6 0. ]
Processing direction 2: [0.58847117 0.11705419]
Processing direction 3: [0.55432772 0.22961006]
Processing direction 4: [0.49888177 0.33334214]
Processing direction 5: [0.42426407 0.42426407]
Processing direction 6: [0.33334214 0.49888177]
Processing direction 7: [0.22961006 0.55432772]
Processing direction 8: [0.11705419 0.58847117]
Processing direction 9: [3.6739404e-17 6.0000000e-01]
Processing direction 10: [-0.11705419  0.58847117]
Processing direction 11: [-0.22961006  0.55432772]
Processing direction 12: [-0.33334214  0.49888177]
Processing direction 13: [-0.42426407  0.42426407]
Processing direction 14: [-0.49888177  0.33334214]
Processing direction 15: [-0.55432772  0.22961006]
Processing direction 16: [-0.58847117  0.11705419]
Processing direction 17: [-6.00000000e-01  7.34788079e-17]
Processing direction 18: [-0.58847117 -0.11705419]
Processing direction 19: [-0.55432772 -0.22961006]
Processing direction 20: [-0.49888177 -0.33334214]
Processing direction 21: [-0.42426407 -0.42426407]
Processing direction 22: [-0.33334214 -0.49888177]
Processing direction 23: [-0.22961006 -0.55432772]
Processing direction 24: [-0.11705419 -0.58847117]
Processing direction 25: [-1.10218212e-16 -6.00000000e-01]
Processing direction 26: [ 0.11705419 -0.58847117]
Processing direction 27: [ 0.22961006 -0.55432772]
Processing direction 28: [ 0.33334214 -0.49888177]
Processing direction 29: [ 0.42426407 -0.42426407]
Processing direction 30: [ 0.49888177 -0.33334214]
Processing direction 31: [ 0.55432772 -0.22961006]
Processing direction 32: [ 0.58847117 -0.11705419]

=== Step 34 ===
Current position: [4.7316975593566895, 4.929110527038574]
Processing direction 1: [0.6 0. ]
Processing direction 2: [0.58847117 0.11705419]
Processing direction 3: [0.55432772 0.22961006]
Processing direction 4: [0.49888177 0.33334214]
Processing direction 5: [0.42426407 0.42426407]
Processing direction 6: [0.33334214 0.49888177]
Processing direction 7: [0.22961006 0.55432772]
Processing direction 8: [0.11705419 0.58847117]
Processing direction 9: [3.6739404e-17 6.0000000e-01]
Processing direction 10: [-0.11705419  0.58847117]
Processing direction 11: [-0.22961006  0.55432772]
Processing direction 12: [-0.33334214  0.49888177]
Processing direction 13: [-0.42426407  0.42426407]
Processing direction 14: [-0.49888177  0.33334214]
Processing direction 15: [-0.55432772  0.22961006]
Processing direction 16: [-0.58847117  0.11705419]
Processing direction 17: [-6.00000000e-01  7.34788079e-17]
Processing direction 18: [-0.58847117 -0.11705419]
Processing direction 19: [-0.55432772 -0.22961006]
Processing direction 20: [-0.49888177 -0.33334214]
Processing direction 21: [-0.42426407 -0.42426407]
Processing direction 22: [-0.33334214 -0.49888177]
Processing direction 23: [-0.22961006 -0.55432772]
Processing direction 24: [-0.11705419 -0.58847117]
Processing direction 25: [-1.10218212e-16 -6.00000000e-01]
Processing direction 26: [ 0.11705419 -0.58847117]
Processing direction 27: [ 0.22961006 -0.55432772]
Processing direction 28: [ 0.33334214 -0.49888177]
Processing direction 29: [ 0.42426407 -0.42426407]
Processing direction 30: [ 0.49888177 -0.33334214]
Processing direction 31: [ 0.55432772 -0.22961006]
Processing direction 32: [ 0.58847117 -0.11705419]

=== Step 35 ===
Current position: [5.292019844055176, 5.1390228271484375]
Processing direction 1: [0.6 0. ]
Processing direction 2: [0.58847117 0.11705419]
Processing direction 3: [0.55432772 0.22961006]
Processing direction 4: [0.49888177 0.33334214]
Processing direction 5: [0.42426407 0.42426407]
Processing direction 6: [0.33334214 0.49888177]
Processing direction 7: [0.22961006 0.55432772]
Processing direction 8: [0.11705419 0.58847117]
Processing direction 9: [3.6739404e-17 6.0000000e-01]
Processing direction 10: [-0.11705419  0.58847117]
Processing direction 11: [-0.22961006  0.55432772]
Processing direction 12: [-0.33334214  0.49888177]
Processing direction 13: [-0.42426407  0.42426407]
Processing direction 14: [-0.49888177  0.33334214]
Processing direction 15: [-0.55432772  0.22961006]
Processing direction 16: [-0.58847117  0.11705419]
Processing direction 17: [-6.00000000e-01  7.34788079e-17]
Processing direction 18: [-0.58847117 -0.11705419]
Processing direction 19: [-0.55432772 -0.22961006]
Processing direction 20: [-0.49888177 -0.33334214]
Processing direction 21: [-0.42426407 -0.42426407]
Processing direction 22: [-0.33334214 -0.49888177]
Processing direction 23: [-0.22961006 -0.55432772]
Processing direction 24: [-0.11705419 -0.58847117]
Processing direction 25: [-1.10218212e-16 -6.00000000e-01]
Processing direction 26: [ 0.11705419 -0.58847117]
Processing direction 27: [ 0.22961006 -0.55432772]
Processing direction 28: [ 0.33334214 -0.49888177]
Processing direction 29: [ 0.42426407 -0.42426407]
Processing direction 30: [ 0.49888177 -0.33334214]
Processing direction 31: [ 0.55432772 -0.22961006]
Processing direction 32: [ 0.58847117 -0.11705419]

=== Step 36 ===
Current position: [4.918644905090332, 5.229856014251709]
Processing direction 1: [0.6 0. ]
Processing direction 2: [0.58847117 0.11705419]
Processing direction 3: [0.55432772 0.22961006]
Processing direction 4: [0.49888177 0.33334214]
Processing direction 5: [0.42426407 0.42426407]
Processing direction 6: [0.33334214 0.49888177]
Processing direction 7: [0.22961006 0.55432772]
Processing direction 8: [0.11705419 0.58847117]
Processing direction 9: [3.6739404e-17 6.0000000e-01]
Processing direction 10: [-0.11705419  0.58847117]
Processing direction 11: [-0.22961006  0.55432772]
Processing direction 12: [-0.33334214  0.49888177]
Processing direction 13: [-0.42426407  0.42426407]
Processing direction 14: [-0.49888177  0.33334214]
Processing direction 15: [-0.55432772  0.22961006]
Processing direction 16: [-0.58847117  0.11705419]
Processing direction 17: [-6.00000000e-01  7.34788079e-17]
Processing direction 18: [-0.58847117 -0.11705419]
Processing direction 19: [-0.55432772 -0.22961006]
Processing direction 20: [-0.49888177 -0.33334214]
Processing direction 21: [-0.42426407 -0.42426407]
Processing direction 22: [-0.33334214 -0.49888177]
Processing direction 23: [-0.22961006 -0.55432772]
Processing direction 24: [-0.11705419 -0.58847117]
Processing direction 25: [-1.10218212e-16 -6.00000000e-01]
Processing direction 26: [ 0.11705419 -0.58847117]
Processing direction 27: [ 0.22961006 -0.55432772]
Processing direction 28: [ 0.33334214 -0.49888177]
Processing direction 29: [ 0.42426407 -0.42426407]
Processing direction 30: [ 0.49888177 -0.33334214]
Processing direction 31: [ 0.55432772 -0.22961006]
Processing direction 32: [ 0.58847117 -0.11705419]

=== Step 37 ===
Current position: [4.754846572875977, 5.611110687255859]
Processing direction 1: [0.6 0. ]
Processing direction 2: [0.58847117 0.11705419]
Processing direction 3: [0.55432772 0.22961006]
Processing direction 4: [0.49888177 0.33334214]
Processing direction 5: [0.42426407 0.42426407]
Processing direction 6: [0.33334214 0.49888177]
Processing direction 7: [0.22961006 0.55432772]
Processing direction 8: [0.11705419 0.58847117]
Processing direction 9: [3.6739404e-17 6.0000000e-01]
Processing direction 10: [-0.11705419  0.58847117]
Processing direction 11: [-0.22961006  0.55432772]
Processing direction 12: [-0.33334214  0.49888177]
Processing direction 13: [-0.42426407  0.42426407]
Processing direction 14: [-0.49888177  0.33334214]
Processing direction 15: [-0.55432772  0.22961006]
Processing direction 16: [-0.58847117  0.11705419]
Processing direction 17: [-6.00000000e-01  7.34788079e-17]
Processing direction 18: [-0.58847117 -0.11705419]
Processing direction 19: [-0.55432772 -0.22961006]
Processing direction 20: [-0.49888177 -0.33334214]
Processing direction 21: [-0.42426407 -0.42426407]
Processing direction 22: [-0.33334214 -0.49888177]
Processing direction 23: [-0.22961006 -0.55432772]
Processing direction 24: [-0.11705419 -0.58847117]
Processing direction 25: [-1.10218212e-16 -6.00000000e-01]
Processing direction 26: [ 0.11705419 -0.58847117]
Processing direction 27: [ 0.22961006 -0.55432772]
Processing direction 28: [ 0.33334214 -0.49888177]
Processing direction 29: [ 0.42426407 -0.42426407]
Processing direction 30: [ 0.49888177 -0.33334214]
Processing direction 31: [ 0.55432772 -0.22961006]
Processing direction 32: [ 0.58847117 -0.11705419]

=== Step 38 ===
Current position: [5.02657413482666, 5.7656755447387695]
Processing direction 1: [0.6 0. ]
Processing direction 2: [0.58847117 0.11705419]
Processing direction 3: [0.55432772 0.22961006]
Processing direction 4: [0.49888177 0.33334214]
Processing direction 5: [0.42426407 0.42426407]
Processing direction 6: [0.33334214 0.49888177]
Processing direction 7: [0.22961006 0.55432772]
Processing direction 8: [0.11705419 0.58847117]
Processing direction 9: [3.6739404e-17 6.0000000e-01]
Processing direction 10: [-0.11705419  0.58847117]
Processing direction 11: [-0.22961006  0.55432772]
Processing direction 12: [-0.33334214  0.49888177]
Processing direction 13: [-0.42426407  0.42426407]
Processing direction 14: [-0.49888177  0.33334214]
Processing direction 15: [-0.55432772  0.22961006]
Processing direction 16: [-0.58847117  0.11705419]
Processing direction 17: [-6.00000000e-01  7.34788079e-17]
Processing direction 18: [-0.58847117 -0.11705419]
Processing direction 19: [-0.55432772 -0.22961006]
Processing direction 20: [-0.49888177 -0.33334214]
Processing direction 21: [-0.42426407 -0.42426407]
Processing direction 22: [-0.33334214 -0.49888177]
Processing direction 23: [-0.22961006 -0.55432772]
Processing direction 24: [-0.11705419 -0.58847117]
Processing direction 25: [-1.10218212e-16 -6.00000000e-01]
Processing direction 26: [ 0.11705419 -0.58847117]
Processing direction 27: [ 0.22961006 -0.55432772]
Processing direction 28: [ 0.33334214 -0.49888177]
Processing direction 29: [ 0.42426407 -0.42426407]
Processing direction 30: [ 0.49888177 -0.33334214]
Processing direction 31: [ 0.55432772 -0.22961006]
Processing direction 32: [ 0.58847117 -0.11705419]

=== Step 39 ===
Current position: [5.101541519165039, 5.847115993499756]
Processing direction 1: [0.6 0. ]
Processing direction 2: [0.58847117 0.11705419]
Processing direction 3: [0.55432772 0.22961006]
Processing direction 4: [0.49888177 0.33334214]
Processing direction 5: [0.42426407 0.42426407]
Processing direction 6: [0.33334214 0.49888177]
Processing direction 7: [0.22961006 0.55432772]
Processing direction 8: [0.11705419 0.58847117]
Processing direction 9: [3.6739404e-17 6.0000000e-01]
Processing direction 10: [-0.11705419  0.58847117]
Processing direction 11: [-0.22961006  0.55432772]
Processing direction 12: [-0.33334214  0.49888177]
Processing direction 13: [-0.42426407  0.42426407]
Processing direction 14: [-0.49888177  0.33334214]
Processing direction 15: [-0.55432772  0.22961006]
Processing direction 16: [-0.58847117  0.11705419]
Processing direction 17: [-6.00000000e-01  7.34788079e-17]
Processing direction 18: [-0.58847117 -0.11705419]
Processing direction 19: [-0.55432772 -0.22961006]
Processing direction 20: [-0.49888177 -0.33334214]
Processing direction 21: [-0.42426407 -0.42426407]
Processing direction 22: [-0.33334214 -0.49888177]
Processing direction 23: [-0.22961006 -0.55432772]
Processing direction 24: [-0.11705419 -0.58847117]
Processing direction 25: [-1.10218212e-16 -6.00000000e-01]
Processing direction 26: [ 0.11705419 -0.58847117]
Processing direction 27: [ 0.22961006 -0.55432772]
Processing direction 28: [ 0.33334214 -0.49888177]
Processing direction 29: [ 0.42426407 -0.42426407]
Processing direction 30: [ 0.49888177 -0.33334214]
Processing direction 31: [ 0.55432772 -0.22961006]
Processing direction 32: [ 0.58847117 -0.11705419]

=== Step 40 ===
Current position: [4.9569172859191895, 5.146115779876709]
Processing direction 1: [0.6 0. ]
Processing direction 2: [0.58847117 0.11705419]
Processing direction 3: [0.55432772 0.22961006]
Processing direction 4: [0.49888177 0.33334214]
Processing direction 5: [0.42426407 0.42426407]
Processing direction 6: [0.33334214 0.49888177]
Processing direction 7: [0.22961006 0.55432772]
Processing direction 8: [0.11705419 0.58847117]
Processing direction 9: [3.6739404e-17 6.0000000e-01]
Processing direction 10: [-0.11705419  0.58847117]
Processing direction 11: [-0.22961006  0.55432772]
Processing direction 12: [-0.33334214  0.49888177]
Processing direction 13: [-0.42426407  0.42426407]
Processing direction 14: [-0.49888177  0.33334214]
Processing direction 15: [-0.55432772  0.22961006]
Processing direction 16: [-0.58847117  0.11705419]
Processing direction 17: [-6.00000000e-01  7.34788079e-17]
Processing direction 18: [-0.58847117 -0.11705419]
Processing direction 19: [-0.55432772 -0.22961006]
Processing direction 20: [-0.49888177 -0.33334214]
Processing direction 21: [-0.42426407 -0.42426407]
Processing direction 22: [-0.33334214 -0.49888177]
Processing direction 23: [-0.22961006 -0.55432772]
Processing direction 24: [-0.11705419 -0.58847117]
Processing direction 25: [-1.10218212e-16 -6.00000000e-01]
Processing direction 26: [ 0.11705419 -0.58847117]
Processing direction 27: [ 0.22961006 -0.55432772]
Processing direction 28: [ 0.33334214 -0.49888177]
Processing direction 29: [ 0.42426407 -0.42426407]
Processing direction 30: [ 0.49888177 -0.33334214]
Processing direction 31: [ 0.55432772 -0.22961006]
Processing direction 32: [ 0.58847117 -0.11705419]

=== Step 41 ===
Current position: [4.778250217437744, 5.41787052154541]
Processing direction 1: [0.6 0. ]
Processing direction 2: [0.58847117 0.11705419]
Processing direction 3: [0.55432772 0.22961006]
Processing direction 4: [0.49888177 0.33334214]
Processing direction 5: [0.42426407 0.42426407]
Processing direction 6: [0.33334214 0.49888177]
Processing direction 7: [0.22961006 0.55432772]
Processing direction 8: [0.11705419 0.58847117]
Processing direction 9: [3.6739404e-17 6.0000000e-01]
Processing direction 10: [-0.11705419  0.58847117]
Processing direction 11: [-0.22961006  0.55432772]
Processing direction 12: [-0.33334214  0.49888177]
Processing direction 13: [-0.42426407  0.42426407]
Processing direction 14: [-0.49888177  0.33334214]
Processing direction 15: [-0.55432772  0.22961006]
Processing direction 16: [-0.58847117  0.11705419]
Processing direction 17: [-6.00000000e-01  7.34788079e-17]
Processing direction 18: [-0.58847117 -0.11705419]
Processing direction 19: [-0.55432772 -0.22961006]
Processing direction 20: [-0.49888177 -0.33334214]
Processing direction 21: [-0.42426407 -0.42426407]
Processing direction 22: [-0.33334214 -0.49888177]
Processing direction 23: [-0.22961006 -0.55432772]
Processing direction 24: [-0.11705419 -0.58847117]
Processing direction 25: [-1.10218212e-16 -6.00000000e-01]
Processing direction 26: [ 0.11705419 -0.58847117]
Processing direction 27: [ 0.22961006 -0.55432772]
Processing direction 28: [ 0.33334214 -0.49888177]
Processing direction 29: [ 0.42426407 -0.42426407]
Processing direction 30: [ 0.49888177 -0.33334214]
Processing direction 31: [ 0.55432772 -0.22961006]
Processing direction 32: [ 0.58847117 -0.11705419]

=== Step 42 ===
Current position: [5.169861316680908, 5.680126190185547]
Processing direction 1: [0.6 0. ]
Processing direction 2: [0.58847117 0.11705419]
Processing direction 3: [0.55432772 0.22961006]
Processing direction 4: [0.49888177 0.33334214]
Processing direction 5: [0.42426407 0.42426407]
Processing direction 6: [0.33334214 0.49888177]
Processing direction 7: [0.22961006 0.55432772]
Processing direction 8: [0.11705419 0.58847117]
Processing direction 9: [3.6739404e-17 6.0000000e-01]
Processing direction 10: [-0.11705419  0.58847117]
Processing direction 11: [-0.22961006  0.55432772]
Processing direction 12: [-0.33334214  0.49888177]
Processing direction 13: [-0.42426407  0.42426407]
Processing direction 14: [-0.49888177  0.33334214]
Processing direction 15: [-0.55432772  0.22961006]
Processing direction 16: [-0.58847117  0.11705419]
Processing direction 17: [-6.00000000e-01  7.34788079e-17]
Processing direction 18: [-0.58847117 -0.11705419]
Processing direction 19: [-0.55432772 -0.22961006]
Processing direction 20: [-0.49888177 -0.33334214]
Processing direction 21: [-0.42426407 -0.42426407]
Processing direction 22: [-0.33334214 -0.49888177]
Processing direction 23: [-0.22961006 -0.55432772]
Processing direction 24: [-0.11705419 -0.58847117]
Processing direction 25: [-1.10218212e-16 -6.00000000e-01]
Processing direction 26: [ 0.11705419 -0.58847117]
Processing direction 27: [ 0.22961006 -0.55432772]
Processing direction 28: [ 0.33334214 -0.49888177]
Processing direction 29: [ 0.42426407 -0.42426407]
Processing direction 30: [ 0.49888177 -0.33334214]
Processing direction 31: [ 0.55432772 -0.22961006]
Processing direction 32: [ 0.58847117 -0.11705419]

=== Step 43 ===
Current position: [4.732851982116699, 5.659897327423096]
Processing direction 1: [0.6 0. ]
Processing direction 2: [0.58847117 0.11705419]
Processing direction 3: [0.55432772 0.22961006]
Processing direction 4: [0.49888177 0.33334214]
Processing direction 5: [0.42426407 0.42426407]
Processing direction 6: [0.33334214 0.49888177]
Processing direction 7: [0.22961006 0.55432772]
Processing direction 8: [0.11705419 0.58847117]
Processing direction 9: [3.6739404e-17 6.0000000e-01]
Processing direction 10: [-0.11705419  0.58847117]
Processing direction 11: [-0.22961006  0.55432772]
Processing direction 12: [-0.33334214  0.49888177]
Processing direction 13: [-0.42426407  0.42426407]
Processing direction 14: [-0.49888177  0.33334214]
Processing direction 15: [-0.55432772  0.22961006]
Processing direction 16: [-0.58847117  0.11705419]
Processing direction 17: [-6.00000000e-01  7.34788079e-17]
Processing direction 18: [-0.58847117 -0.11705419]
Processing direction 19: [-0.55432772 -0.22961006]
Processing direction 20: [-0.49888177 -0.33334214]
Processing direction 21: [-0.42426407 -0.42426407]
Processing direction 22: [-0.33334214 -0.49888177]
Processing direction 23: [-0.22961006 -0.55432772]
Processing direction 24: [-0.11705419 -0.58847117]
Processing direction 25: [-1.10218212e-16 -6.00000000e-01]
Processing direction 26: [ 0.11705419 -0.58847117]
Processing direction 27: [ 0.22961006 -0.55432772]
Processing direction 28: [ 0.33334214 -0.49888177]
Processing direction 29: [ 0.42426407 -0.42426407]
Processing direction 30: [ 0.49888177 -0.33334214]
Processing direction 31: [ 0.55432772 -0.22961006]
Processing direction 32: [ 0.58847117 -0.11705419]

=== Step 44 ===
Current position: [5.299360275268555, 5.569233417510986]
Processing direction 1: [0.6 0. ]
Processing direction 2: [0.58847117 0.11705419]
Processing direction 3: [0.55432772 0.22961006]
Processing direction 4: [0.49888177 0.33334214]
Processing direction 5: [0.42426407 0.42426407]
Processing direction 6: [0.33334214 0.49888177]
Processing direction 7: [0.22961006 0.55432772]
Processing direction 8: [0.11705419 0.58847117]
Processing direction 9: [3.6739404e-17 6.0000000e-01]
Processing direction 10: [-0.11705419  0.58847117]
Processing direction 11: [-0.22961006  0.55432772]
Processing direction 12: [-0.33334214  0.49888177]
Processing direction 13: [-0.42426407  0.42426407]
Processing direction 14: [-0.49888177  0.33334214]
Processing direction 15: [-0.55432772  0.22961006]
Processing direction 16: [-0.58847117  0.11705419]
Processing direction 17: [-6.00000000e-01  7.34788079e-17]
Processing direction 18: [-0.58847117 -0.11705419]
Processing direction 19: [-0.55432772 -0.22961006]
Processing direction 20: [-0.49888177 -0.33334214]
Processing direction 21: [-0.42426407 -0.42426407]
Processing direction 22: [-0.33334214 -0.49888177]
Processing direction 23: [-0.22961006 -0.55432772]
Processing direction 24: [-0.11705419 -0.58847117]
Processing direction 25: [-1.10218212e-16 -6.00000000e-01]
Processing direction 26: [ 0.11705419 -0.58847117]
Processing direction 27: [ 0.22961006 -0.55432772]
Processing direction 28: [ 0.33334214 -0.49888177]
Processing direction 29: [ 0.42426407 -0.42426407]
Processing direction 30: [ 0.49888177 -0.33334214]
Processing direction 31: [ 0.55432772 -0.22961006]
Processing direction 32: [ 0.58847117 -0.11705419]

Path Sampling Completed! Conditions of step size 0.6 and directions 32
