step	direction	RMSD(A)	Rg(A)	Energy	CVs_grad
0	1	10.4273921114541	13.594201	-2251.1102	-1457.7199820053138
0	2	9.97436175007869	13.162289	-3049.9729	-1398.1151016632944
0	3	10.478249986440984	13.547177	-2486.8297	-1686.9201915235199
0	4	10.271551669441934	13.424334	-2981.9304	-1823.3814508564449
0	5	9.33982016360519	12.650704	-2479.9767	-678.3722831748345
0	6	8.406811670922254	11.649245	-1034.0679	-34.37422696223629
0	7	10.288517657507647	13.4014015	-1853.0299	-817.2278283656639
0	8	10.297450095231536	13.441361	-1890.002	-884.3785110622049
1	1	10.060514499969061	13.233586	-1676.2422	4175.87348688419
1	2	10.12759754538608	13.185353	-1134.9006	5852.4999784038455
1	3	9.079578489297399	12.383158	-1770.0659	761.3164134494223
1	4	9.512260555233803	12.713476	-3142.224	-151.61015732210137
1	5	10.108042680957542	13.286598	-2020.7016	4378.070119367376
1	6	10.273291075138712	13.396714	-2880.7052	1830.7162474561708
1	7	10.60465868573478	13.687673	-2975.5816	16.654571535764298
1	8	9.559607496314989	12.842889	-2566.0315	464.1063191436786
2	1	9.181543407784925	12.503748	-2589.7197	1668.0466812877505
2	2	10.126130443762316	13.290091	-2960.6162	220.1112427570644
2	3	9.006007744888306	12.433985	-1857.0485	2313.914414446533
2	4	8.491638233572344	12.13119	-457.508	2241.0263668998405
2	5	9.475352704615602	12.8124075	-2214.85	6988.244413312512
2	6	9.896974546336153	13.020195	-1545.8414	3427.7308160529456
2	7	9.104748868489347	12.456383	420.4936	7007.83751252178
2	8	8.41545231455952	11.685985	235.5608	2212.414043050132
3	1	9.63945920085636	12.944532	-1913.1977	1124.3921876589025
3	2	8.239059264556161	11.699681	-421.8139	1614.1403884302242
3	3	8.665767270090274	12.073351	-1509.2743	1497.023688657859
3	4	8.496240416971638	11.849883	-452.2724	1940.6693404084929
3	5	8.29886739267952	11.646307	644.4587	2502.597289726132
3	6	9.149001141216862	12.393113	-1604.1465	4417.351099810391
3	7	9.035149262621996	12.111062	376.7394	5362.106902956119
3	8	9.675664362378567	12.84283	-1760.4276	1604.8940512068693
4	1	7.894411490493056	11.286642	-159.2316	1121.4848202892736
4	2	9.334795014717516	12.618763	-1930.1348	-482.69619694185377
4	3	7.61625449428195	10.917389	-1255.931	160.13441402361357
4	4	7.411360255075408	10.811018	-1242.6943	143.3229120663147
4	5	8.232933374804809	11.525763	101.0677	2094.6910010108377
4	6	8.167725077652085	11.566582	-1462.8623	61.39541620038152
4	7	7.309207072118822	10.537425	68.1445	749.4266742066685
4	8	8.122139948278129	11.4002905	-551.3852	980.8858317344465
5	1	8.641525471814104	12.060596	-1558.518	-138.1229175390343
5	2	8.735383013073335	12.0176325	-1144.4454	441.4079081355375
5	3	7.705048595424729	11.135209	-1030.9373	693.0405405347375
5	4	7.743098304607904	11.255541	-563.1576	1611.987299533091
5	5	8.290506744816316	11.655932	-1927.8837	-3966.9017442893223
5	6	8.603296080763155	11.8699	-1967.5177	-865.6259240945641
5	7	7.651311067540965	10.869799	-672.562	801.570240839441
5	8	8.152424388822832	11.76459	-178.0062	5943.415719398989
6	1	5.817259858809122	9.896324	17.413	479.728341647673
6	2	6.768392775106359	9.7642355	-589.4676	242.20631235454897
6	3	4.990779843750219	9.095352	1301.8317	676.2483778431466
6	4	5.218663849561718	9.580592	455.8117	499.9166110799423
6	5	6.53421605036054	9.7878275	101.0455	635.3981034602659
6	6	6.512831541645866	10.422714	264.7255	909.9348102573523
6	7	6.66419148668157	10.418138	-753.3531	205.5387836378011
6	8	6.414308281065841	10.409874	-1729.3789	-411.6861845003384
7	1	5.008512404703216	9.516312	-136.3843	1019.2325255220845
7	2	7.185509574948801	11.111155	-1041.0042	674.9205409091454
7	3	5.943461304135933	10.31697	-1763.7071	-83.73027333697299
7	4	6.863495902425399	10.235605	-2415.9165	-1383.1683790545621
7	5	7.831766770781636	11.377846	951.255	1374.2857612915236
7	6	5.94360689029517	9.612474	-968.9304	889.5634727743865
7	7	6.953931873986851	10.39591	-219.515	2602.9311746508215
7	8	7.258445692895513	11.14948	-1736.7872	-6.512307222603188
8	1	5.542097094478745	9.469196	857.476	2456.8889995166073
8	2	5.705589080567174	9.66254	848.9075	2681.534700336008
8	3	7.798672975658682	10.828024	-1331.1796	984.9691771199278
8	4	7.532091823897644	10.485967	-1415.3111	1377.0164102225142
8	5	7.04456019226098	9.8953085	184.7649	6365.886897055318
8	6	6.203733727744273	8.951024	1106.8025	2177.5633382303163
8	7	5.7152879347127	9.808263	-1943.104	380.63229739681555
8	8	7.528968253664491	11.240156	-1720.536	584.2190633285087
9	1	6.227160943582146	9.156229	242.4842	2686.4911290479836
9	2	6.297951037310023	10.016985	-1431.4919	809.8875093575222
9	3	7.04656520990589	10.594199	-1278.975	434.45416137308496
9	4	7.256204813915977	10.173182	886.6013	1720.6879420320377
9	5	6.771328895546479	9.878659	-53.5121	1676.575838413029
9	6	6.395504756696144	9.860315	48.0128	3134.1273446297523
9	7	6.326393037546031	10.0041895	-1078.5685	1315.1145805175445
9	8	6.241272992336683	9.589515	-32.9803	3430.2628717624684
10	1	5.0084640680456545	8.099256	465.2874	138.38406709018648
10	2	7.362940835776104	10.733468	178.9737	-34.71139319837174
10	3	5.811553115054627	8.808764	-1155.4597	-2557.5178701798245
10	4	7.91183404820348	10.543779	-73.4233	-150.00237263304606
10	5	6.044177529149928	9.466536	-248.913	-1171.869794132546
10	6	7.147202054424776	9.935047	-52.5195	-248.6992341287082
10	7	6.968744037704397	10.269455	1239.1132	718.0691424545048
10	8	6.168612177386978	9.184324	1080.0209	11751.6172798199
11	1	6.244148946288818	9.46253	-150.6429	1293.876541724689
11	2	4.915869021657228	8.347322	-1140.5662	14.551813400530035
11	3	4.885565724461558	8.016475	-2442.603	-1061.5561737222645
11	4	6.472604134576975	9.4988785	1020.6356	2173.3795659093075
11	5	6.66578948284918	9.38115	-839.0227	294.68733222973503
11	6	5.663283783269408	8.672421	-1449.5576	-1299.8453377892467
11	7	7.084470858932192	9.89535	-84.9007	616.0391747675675
11	8	5.445414111163627	8.539847	-1408.2118	-550.1874707039533
12	1	5.619017454638604	8.844231	-982.8216	2670.5951749913397
12	2	6.355685073812466	9.343473	1097.6374	2476.790695929304
12	3	6.614624527108957	9.392724	-707.9093	576.7665620303741
12	4	5.435615063449643	9.15474	-726.1191	1374.334165421976
12	5	6.28618322557206	9.810691	83.2748	1229.4383484555171
12	6	6.554583771674046	9.380549	1032.2512	1836.6925348652796
12	7	6.949870526453376	9.6991625	-66.9274	800.5008024560981
12	8	5.893330944591174	9.37629	-422.1313	1397.7534937876608
13	1	6.938484714386816	9.588344	290.7871	807.9283482534397
13	2	6.594829043936891	9.877354	-5.6142	665.1365171077952
13	3	6.087404573677577	8.839985	-347.231	1377.6161423536485
13	4	5.644541372209957	8.773305	-1247.1532	-3956.519050593586
13	5	5.618178795386621	8.808815	249.2953	16384.402866258177
13	6	5.314352092081244	8.598327	-334.7457	1645.4592981789096
13	7	6.837621112893837	10.076127	402.0539	722.5071006180402
13	8	6.828179640098876	9.483283	-2032.209	-721.2914263652949
14	1	4.6424335164459025	7.772187	-1495.8512	-163.21013655300723
14	2	6.439972448764004	9.307666	221.3605	1517.9732917535728
14	3	5.646469841101345	8.864765	-2363.2723	-9743.514898465535
14	4	7.046820894393695	10.380732	-731.7767	223.87971307099517
14	5	5.408129249039187	8.680401	-494.2415	3045.5168500518153
14	6	6.963473398103153	9.9427	-557.5856	409.45460505607025
14	7	7.3032486557074945	9.883878	-316.3251	448.6636046117379
14	8	5.338849848268334	9.066035	-666.3193	1295.6412367614942
15	1	4.2343163422736225	8.589805	-1713.353	-232.92596113310762
15	2	4.643028178251692	7.683656	433.5705	33886.34063876493
15	3	4.579128797606363	7.5664163	-27.2576	7642.992497172699
15	4	4.871600712654619	8.022046	-1337.7005	469.3140448933699
15	5	4.064622911200657	7.623623	-554.0104	1616.9716379953932
15	6	4.602820699951948	7.5523443	-418.5113	5766.214030765314
15	7	4.364491636033922	6.9507813	-440.0862	1253.1773874504604
15	8	4.689433017020746	7.7961326	-451.7561	10658.977151385701
16	1	4.656756893269724	7.143262	-206.073	735.1045529116655
16	2	4.779432325762884	7.180843	-498.4606	-156.27969742663058
16	3	4.3237177259673905	7.181796	-259.7037	733.4007297597549
16	4	4.656160894980823	7.2490973	-102.3782	805.7366466849937
16	5	4.3361494374100555	7.291008	650.8529	2760.91434141802
16	6	4.55596311395541	7.0551424	-1048.3874	-3808.313715879764
16	7	4.505525213517228	7.4407434	-659.0752	-369.4101011456296
16	8	4.760041441959987	7.550744	0.5468	604.8261692293861
17	1	4.057557314608741	7.3697414	659.9512	2944.4782483544327
17	2	4.765631070155006	7.1348653	-1812.9181	-3541.2636892939195
17	3	4.6964387691913725	7.0713434	-2082.5288	-7543.274552250745
17	4	4.6204449995153745	7.075346	-948.1999	1842.475962073205
17	5	4.4403939654996325	7.38282	264.5504	3829.1237502367994
17	6	4.489090061776608	7.2507024	-111.2185	4341.605916471426
17	7	4.7947722562083195	7.380405	-1167.188	-245.6389532978885
17	8	4.553518438850796	6.9247255	-492.4657	3739.638100121934
18	1	4.32826813805498	7.1191173	669.1327	7378.346459427135
18	2	4.6349754169825035	7.111941	-1008.2186	13496.423198538927
18	3	4.675595409561468	7.765611	-1172.537	1143.5689502413484
18	4	5.165988482440985	7.4866514	-2200.1048	-203.5716113848682
18	5	4.5845400860452274	7.3404374	-858.03	4406.862974689321
18	6	4.5248917336661405	6.8476357	-1138.4477	3869.165989394585
18	7	4.126474197179332	7.7628508	-1198.4078	925.2007964125644
18	8	4.976839916079152	7.422692	-1695.5902	864.7705629532759
19	1	4.720232289936103	7.523458	365.633	2139.5257311995415
19	3	4.701955813717931	7.154176	-2151.703	-3270.576434564863
19	4	4.573585025319126	7.507985	393.44	2157.4574155258615
19	5	4.903438026634194	7.7349133	685.3865	1870.4836434897945
19	6	4.183797993006516	7.304796	858.7353	3657.636672491594
19	7	4.398229978351568	7.3070307	-1639.2375	-953.023688069604
19	8	4.487030120209177	7.005834	128.0688	10412.442915911315
20	1	4.6644375149933754	7.1414804	-49.713	-979.6544255537967
20	2	4.4938670110383185	6.9717164	466.9603	10827.14921494739
20	3	4.530405273037217	7.2421145	-245.1434	-1189.717079925214
20	4	4.461345850811582	6.9721427	-871.3755	-25404.930447832645
20	5	4.721810297802862	7.1020713	-588.4184	-3089.078057086322
20	6	4.607738026313601	6.9779515	-771.4706	-6359.877366521102
20	7	3.3115849574145115	7.866736	-1011.6684	-799.2586839988584
20	8	4.251225689391168	7.8239655	-163.1996	-315.59521921029653
21	1	4.174443790455853	7.1878147	2943.0388	10604.908119558735
21	2	4.44535399414485	7.2243714	-1552.3061	-2296.061137419636
21	3	4.552685777740587	6.8914056	-543.018	3261.953042204689
21	4	4.57984928019575	6.883407	87.6266	7397.430920302911
21	5	4.515228712254983	7.075861	-1638.2988	-4196.690887789041
21	6	4.666926817564221	7.7023335	-1444.9851	-712.1721766940495
21	7	4.774635434236521	7.1188674	-1544.9131	-2002.8649346888837
21	8	4.42262597013891	6.7546635	-612.7374	1404.9670397464988
22	1	5.240514415309309	7.5050826	-1251.2214	-628.3165224057551
22	2	4.5285677383928	6.914007	-1034.1645	-2082.0338286160068
22	3	4.554676794086262	7.0375443	-337.8772	830.0447368301086
22	4	3.87235889754363	7.176781	837.6878	2002.3999497073216
22	5	4.770156670714404	7.182972	-1045.1869	-863.6780522096637
22	6	4.718588387163617	7.6030726	-348.7938	294.7024180521505
22	7	4.576964129808059	7.192079	-191.0507	860.825887312908
22	8	4.4138947322886946	7.073978	-1839.1413	-3291.049174510373
23	1	4.420500080263988	6.920706	380.4737	13174.802079678466
23	2	4.554717455379494	6.889445	-342.5413	12570.89537766466
23	3	4.78093087950964	7.21989	-1568.3014	-1513.5890163091788
23	4	4.694816499215786	7.308017	-877.2285	435.47449556245937
23	5	4.514977827466787	7.1923437	-812.3274	775.79529077754
23	6	4.245467935054351	7.370818	747.9246	3349.460367973447
23	7	4.504559792811445	7.169668	-1472.2771	-1937.3976001227331
23	8	4.498619082579534	7.6402235	-1010.7092	33.315755725503536
24	1	4.715344613238415	7.128987	-1823.112	-5185.126107339306
24	2	4.645635821110329	7.1018925	-410.4098	-218.92927828140594
24	3	4.578600523227743	6.940783	-786.6744	-9866.677062630613
24	4	4.6140388576671185	7.90139	-967.7533	-575.0061568947926
24	5	4.505430713423707	7.1117554	-317.5403	100.34639608784747
24	6	4.496026760930983	7.147373	-971.4193	-2396.3169874318837
24	7	4.390997515925898	7.356585	-375.0844	-62.43842618126526
24	8	4.405063122232106	7.2775345	286.62	1400.5048363009757
25	1	4.317235035549845	6.9549007	-231.396	2628.7521869726193
25	2	4.321588483695779	7.1525345	1251.9343	6553.34363944425
25	3	4.908648356139982	7.4362583	-41.2977	1333.81158851961
25	4	4.8829528577997605	7.182754	-791.657	-12.426055405022055
25	5	4.510980876919264	7.0088325	-161.5323	6236.70415023705
25	6	4.557593236393969	6.954056	-1420.9259	-11002.542759412625
25	7	4.353579014176562	7.6462927	-1.9176	997.4914237532133
25	8	5.054425637810997	7.4212976	-792.0706	-7.985600883325965
26	1	3.913058514803009	7.285043	-348.7172	1575.9403166247034
26	2	5.154964241384025	8.045897	4290.792	4341.2404297317435
26	3	4.780324733978824	7.21784	-1047.7854	1305.7704129264655
26	4	4.346614529665831	7.1111965	119.6625	5977.277046984844
26	5	4.6005726803085105	6.9070706	-2004.9907	-9669.8940075682
26	6	4.6234755148314	7.2061234	-1021.6114	1833.078430702498
26	7	4.530837307811217	6.824654	-334.851	6016.5922655711
26	8	4.233785536000411	7.5927567	-1313.2031	157.25636315899644
27	1	4.600492384173068	7.0501657	-924.379	9939.37531468925
27	2	5.602218823487509	8.707969	760.665	1378.1364997603146
27	3	4.453515193511798	6.829484	-1003.3757	7718.607048145051
27	4	4.687557699594502	7.381176	-1041.3283	2539.978182182551
27	5	4.577773330164814	6.939699	-1288.4752	22245.49132246299
27	6	4.837288749161326	7.3614497	-676.615	2806.8366958644483
27	7	4.630455035549216	7.1702237	-2227.4132	-988.0198841470622
27	8	4.564354984409111	7.156289	-929.3729	4350.720221124115
28	1	4.5331965798218805	6.9728756	-557.9251	2988.821961932012
28	2	4.6039512175030115	6.8837385	-6.2231	8215.550449965613
28	3	4.620657419674551	6.9626274	-1516.7499	-2807.6866576074326
28	4	4.712505189021218	7.102862	-1224.9258	-695.7284455673632
28	5	4.521918961936261	6.965949	-257.4219	5025.609204891881
28	6	4.64979071991146	7.134771	-4068.3769	-10860.928611742744
28	7	4.355702870988808	7.032353	-1392.4327	-1616.5963035736597
28	8	5.320731584317298	7.558135	-1790.0385	-765.5921035239713
29	1	4.549625794131747	7.0840926	-996.9514	4755.768177766376
29	2	4.550262055071754	6.986268	44.6137	30963.776709264694
29	3	4.601591892409412	7.2686305	-968.5617	2243.1716695335713
29	4	4.608601028521195	7.1028767	-612.1656	8480.30183149992
29	5	4.04273975433501	7.127918	-295.396	2184.718398360691
29	6	3.845579942887773	7.2585573	-944.2295	747.9320935970877
29	7	4.649315645723295	7.0551043	-1306.8901	3456.127384009212
29	8	4.634213619396328	7.1242013	-511.8832	9089.94596275279
30	1	4.730021695146122	7.106465	-1811.6382	-2375.800604742633
30	2	4.742639028096741	7.0880966	-777.6251	-731.1552023799164
30	3	4.286201801939355	7.0839477	-640.1257	-1379.676174164908
30	4	4.822592012504782	7.2127457	13.5407	411.8228862255971
30	5	4.795939214840761	8.333818	240.8366	361.8521190817443
30	6	4.073098238010145	7.5858727	-1571.1997	-2248.6658997512227
30	7	4.655909772506601	7.4812407	-131.6628	262.5451050676168
30	8	4.67020069144606	7.268041	-832.3791	-903.8825930323256
31	1	4.521598497921651	6.8663826	-585.5134	4675.644121919654
31	2	4.284654029336353	7.1915183	188.0417	4535.717739803907
31	3	4.27491286441208	7.789448	-433.0362	1687.3524001857181
31	4	4.499869323763472	7.319853	889.7818	8420.336699957385
31	5	4.936059626204858	7.257776	-1539.8592	959.0110114650214
31	6	4.08863669530658	7.217822	-1546.3544	433.7804686881685
31	7	4.498655578809011	7.029432	-421.7636	7517.334243579548
31	8	4.54558885931764	7.188788	-1319.5044	2278.6785579301804
32	1	4.525347267331939	7.4514966	-393.7099	285.2078965063086
32	2	4.749983478111453	7.6189613	-134.0001	583.0445132287496
32	3	4.785416106856712	7.1420593	-1112.0754	-1644.4495007880616
32	4	4.453939128354957	7.108024	1858.7258	8818.133659860492
32	5	4.526260984274814	6.9238396	467.1886	17081.937003124018
32	6	4.379947563804692	7.2565312	1608.3314	4830.059453840042
32	7	4.967222715932756	7.36574	689.0699	2370.4318094446676
32	8	4.4793692472825875	7.254217	-437.3637	358.9310956765804
33	1	4.653940165003051	6.9664726	134.6375	-2376.6239741152103
33	2	4.6556190259305446	7.0722313	-1392.515	-11349.109890651298
33	3	4.313643669231941	7.5415125	2353.8412	2856.129480766595
33	4	4.611755921035022	6.9548726	-328.1042	-7218.3556868035685
33	5	4.874351752579721	7.350899	-2375.9489	-5574.991076824295
33	6	4.491288728810623	7.446031	-999.1666	-2391.5560086952783
33	7	4.708733455197589	7.1313343	-364.8752	-3434.245110466339
33	8	4.821173985775745	7.298415	299.1395	-401.79147333947424
34	1	4.600977896008887	6.908027	-716.9849	4269.011937204909
34	2	4.048538356069439	7.05134	-127.4506	2270.819915933089
34	3	4.632863279751291	7.014245	-939.4232	5986.844341850137
34	4	4.59972829283712	7.0104885	-1369.729	255.31353562863603
34	5	4.539611240871599	6.8903785	-1239.1107	885.6019142841401
34	6	4.553679905411876	6.952363	-975.7677	3759.5289245440554
34	7	5.112045087200447	7.7445908	-168.0707	1512.08000989485
34	8	4.498392424531824	7.072617	181.6034	10936.914620991865
35	1	4.553655266037299	6.792338	358.7151	9017.43057410999
35	2	5.0434397341111445	7.3389297	-1547.0906	-343.54219618373673
35	3	5.011128548119683	7.22884	-535.4331	1836.8962240783294
35	4	4.055046562386457	8.22258	-400.0919	702.6025938755928
35	5	4.387562210737616	7.2309	-1122.6646	770.8859093827401
35	6	4.596731622582311	7.0521417	-1366.3885	30.634337699913264
35	7	4.295666549563096	7.085735	-125.1711	4185.414034211244
35	8	4.561972276443281	6.9257383	-790.9824	6759.693207949481
36	1	4.748826616010418	7.151184	-1169.8503	-1437.50331394369
36	2	4.527174263129535	6.8215857	-455.6151	3618.9496014073648
36	3	4.527917016809759	6.8532786	-676.033	2379.9506701186583
36	4	4.826777853802372	7.374245	-1034.3652	-480.18908668868664
36	5	4.6887714977627315	7.1713395	-151.6188	2363.89792891464
36	6	4.424926587317616	7.4013867	-123.4976	1225.7248604723984
36	7	4.507094174405834	6.852139	-363.7576	6630.560966350528
36	8	4.02296249241175	7.4970717	-853.3559	-81.5209245677117
37	1	4.67986682037673	7.3448663	-2526.7552	-3953.1297625929697
37	2	4.870180289959362	7.2794404	-554.8119	262.8490615761275
37	3	5.206569492313728	7.4620085	-531.2378	169.3169130231029
37	4	4.564121211571008	7.005419	-1133.1098	-3506.6072055282016
37	5	4.174109113897348	7.521988	-503.2263	233.42513205799105
37	6	4.5292951292693715	7.446978	-1277.0131	-937.1645991656142
37	7	4.534475098801823	6.9476385	-2118.0041	-19277.53345721984
37	8	4.957252118041248	7.431099	-2067.0004	-2175.137121196954
38	1	4.603269474851771	7.1591005	-1768.5694	1373.8438820547567
38	2	4.577239395145122	7.43508	1203.5748	6692.744659666438
38	3	4.763845831659836	7.0691514	-971.5862	4273.51280169363
38	4	4.533910302398254	6.975745	-1384.8844	44343.629717644675
38	5	4.411382593828709	7.444491	849.5028	5553.152672904138
38	6	4.733094368051584	7.158082	80.583	7621.091765793574
38	7	4.581816615174405	7.0298486	-1096.0932	11345.485796783922
38	8	4.537555642444547	6.9827757	-124.7459	26217.959533829147
39	1	4.2338934328647895	7.2192364	-516.9346	787.4088585109072
39	2	4.5022086165761515	6.9273777	-915.0215	206.24018089528843
39	3	4.532424249670529	7.0065784	-1307.0992	-1327.7093761223803
39	4	4.5989401911131536	7.280198	-880.7016	328.88794572391845
39	5	4.104587887042549	7.2650027	152.9874	1563.2442685744254
39	6	4.580169589112287	7.0606823	-331.917	4310.711441267992
39	7	4.090550405327873	7.348123	-113.3255	1176.2857699830167
39	8	4.698185259937056	7.1488485	-1588.0909	-5786.471018572589
40	1	4.05598813950793	7.6273537	980.9062	3037.451848428185
40	2	4.582584565635729	6.8670516	-805.0085	3376.5437957434465
40	3	4.467897231671102	6.9581437	-136.3874	22139.79758702389
40	4	4.519111199631761	6.937492	-108.7621	30126.37950008169
40	5	4.988478310567927	8.895506	-859.9328	214.89855410579108
40	6	4.433814415069118	6.939996	308.2442	16000.731638842686
40	7	4.458864191560667	7.017938	-454.1006	13012.268264780281
40	8	4.4071073204274605	7.116263	-1231.6803	415.71541532982224
41	1	4.2914728716302575	7.2922935	1880.1801	4926.769934731393
41	2	4.45719846247427	7.020206	-636.5895	805.8187001479637
41	3	4.663773369017459	7.0844307	-1183.7614	-1859.1885754068073
41	4	4.466420355697189	7.0459194	-603.6834	995.2790530983074
41	5	4.9047444052390246	7.454353	-1247.2116	-681.4416224531883
41	6	4.3627029982880705	7.4653797	-797.6545	10.996176137202216
41	7	4.453853142134305	7.1845355	-45.3344	1912.0567417811505
41	8	4.506575207650367	7.0242534	-1707.2599	-4102.637834787788
42	1	4.456942038987061	7.035567	-281.0521	60788.841848408265
42	2	4.32587632979093	7.2309694	521.7527	9901.258679520046
42	3	4.153157610900233	7.186457	-121.6972	4715.98732204379
42	4	4.350433483355575	7.0676785	753.283	19305.353891967807
42	5	4.435665653713223	7.3417964	800.7277	7694.84059383596
42	6	4.420084598506083	7.271387	-680.9607	4279.448163327639
42	7	4.23343030151146	7.3892508	-715.2731	2306.0496176790584
42	8	4.717424733090218	7.0265965	-1557.7356	685.0603288961503
43	1	4.506583547513378	6.8105497	-355.0777	4179.412814568757
43	2	4.0484042168861265	7.3604703	-418.4874	1522.761904493547
43	3	4.6504979016081185	7.054261	-1920.7956	-5844.619026838657
43	4	4.677172468146171	7.313331	306.4437	5230.728046917859
43	5	4.557248719507929	6.898125	-18.7882	7834.005187798664
43	6	4.676627158198288	7.1952615	-2034.3404	-2786.0289934818957
43	7	4.6880097642309435	7.057057	-777.695	15681.180141611208
43	8	4.5421698120724425	7.0042744	-192.6669	7679.4941606514685
44	1	4.635170980064912	7.2896857	-952.4964	3792.0310739433608
44	2	4.647394129322687	7.135869	-3034.021	-11378.17112048464
44	3	5.016381167281722	7.4754276	-1585.7986	670.5456568499759
44	4	3.9025136696699456	7.307872	1978.475	5520.624574751232
44	5	4.576983035875624	6.877175	-979.2023	5935.18855313944
44	6	5.362614572938161	7.8533564	-1787.327	129.4685340688205
44	7	4.548798700653127	7.2436957	237.2336	7070.341796654561
44	8	4.578098456099749	6.9549713	-1445.3034	4520.547558974705
45	1	4.766364360704465	7.1160893	-1008.2435	1819.3608663879083
45	2	4.129867290417893	7.477658	1255.1202	3934.0853292879824
45	3	4.117637490202994	6.955259	619.0636	5217.625258252641
45	4	4.5368842359905	7.3473516	-86.9303	3144.783168759732
45	5	4.513919380751111	6.936024	-780.3294	21679.72168274656
45	6	4.54671304482442	6.8938303	-766.5479	11376.846889639684
45	7	4.39494320642812	6.888359	-1372.2069	438.40461978687995
45	8	4.519719833231391	6.894698	-1141.4688	3662.984823706938
46	1	4.423604026567997	6.838364	-1380.3634	-111.47868383909227
46	2	4.604926425131252	7.1592135	-1000.1665	1223.2468855417142
46	3	4.655899510828109	7.003582	-1366.325	23.179498741125933
46	4	4.08009060970344	7.224633	-1770.1162	-844.5224369804861
46	5	4.242866386699228	7.055767	-769.7518	2766.2249972262657
46	6	4.3071934404912975	7.976246	-1032.5418	314.01667283795484
46	7	4.036194859914934	7.4304814	661.8093	3028.727360198549
46	8	4.427559228260775	7.391232	-162.4668	2421.68493690473
47	1	4.386727612223222	7.3297777	-120.7975	2382.739015591631
47	2	3.9544098075577314	7.7127094	-137.2393	1206.7831056030511
47	3	4.39342060973093	7.204842	-864.0302	1144.5528487706124
47	4	4.879906734169895	7.348567	-924.3239	721.6613864794746
47	5	3.6699392877129875	7.170091	-60.8988	1685.100986837178
47	6	4.680561240732819	7.070332	-923.9545	1473.6644740626823
47	7	4.486137996513184	7.4831557	-1097.8802	423.81254993694733
47	8	4.965627076655854	7.330855	-1562.6773	-272.70968832176027
48	1	4.467825709395565	6.949148	8.133	4548.843753303526
48	2	4.9386700099654455	7.2865877	-3091.3492	-6253.071288113843
48	3	4.630725115846185	7.3290744	-669.812	712.785926015883
48	4	5.019842483670328	7.460517	-895.579	57.07292139845127
48	5	5.087404730302445	7.375695	-1185.9661	-544.962959852468
48	6	4.459821128699645	7.416282	137.5666	2559.9735131271495
48	7	4.528296138587569	6.8891516	180.1319	5863.469073562115
48	8	4.605904006786079	7.1041207	-642.612	2953.2847692987334
49	1	3.823471146309943	8.079535	-617.22	-472.46539113508294
49	2	4.397475388451331	7.3206377	-427.9367	-1218.0445596371862
49	3	4.531196255692646	6.8641944	-953.7406	-8466.987232635911
49	4	4.642832260753991	7.123437	-202.2079	-715.2557662561663
49	5	4.512196621093062	7.0495977	-799.6879	-5236.944601793083
49	6	4.519334735051646	7.203577	1061.4184	3648.2648459457573
49	7	4.364883924952655	7.2044907	-318.439	-1195.7040723889554
49	8	4.698441231114892	7.599435	-131.0795	-178.25048917229307
50	1	9.652989652458183	12.84204	-2440.725	-764.6505572072176
50	2	9.710417439771076	12.970174	-2629.234	-932.4130660285095
50	3	9.548606328376202	12.766409	-1753.4471	-396.5853740816273
50	4	10.302903714520676	13.46111	-2651.8212	-1591.6968095255156
50	5	9.989650369892898	13.204072	-2168.0106	-823.1540583830673
50	6	9.783608704213163	13.044091	-2592.9348	-959.8569457456557
50	7	10.31467986433147	13.415115	-2372.9932	-1291.2577636562037
50	8	10.28901160168634	13.381019	-3043.5765	-1780.1935013050015
51	1	10.196889737653791	13.373753	-1402.3754	27989.36679735092
51	2	9.294134479803203	12.568937	-2534.5117	408.1797238519828
51	3	9.49123626793265	12.722897	-2095.8014	923.6655873227216
51	4	9.625814508437953	12.925016	-3033.0463	13.97192345185111
51	5	9.025710853997527	12.316939	-2810.154	144.26210994270107
51	6	9.91698920433002	13.107276	-3052.6885	-20.756144689710922
51	7	9.174115975484046	12.453004	-1483.5823	1105.5443804645001
51	8	10.01378805639044	13.126769	-3069.4837	-74.63326352932522
52	1	9.975407546950441	13.122598	-2223.1192	13965.479220914032
52	2	10.043589224184704	13.186075	-556.6265	122241.4460129828
52	3	8.88892423873992	12.164373	-1572.2371	979.8887460764171
52	4	9.560026152155565	12.765532	-3856.9389	-1402.368166543081
52	5	9.151172671795944	12.472872	-2182.2355	842.1907054685781
52	6	9.64537501845487	12.8639345	-3153.5551	-189.19657799842844
52	7	8.921529262701986	12.21208	-2450.0845	441.5113423322789
52	8	8.889815340895156	12.375019	-2381.2108	513.3797739164849
53	1	9.737884610206791	12.918531	-1718.5696	11295.122753654307
53	2	9.040952077149107	12.283388	-1695.0518	3007.2003167861753
53	3	9.313018207282688	12.65394	-1875.0792	7946.357121460976
53	4	8.391328503110485	11.643563	-1453.8845	1416.5380314342156
53	5	7.764143579283331	10.866561	-707.517	1201.8922409272195
53	6	9.83621469275218	13.012374	-1473.4878	6502.818044653035
53	7	9.44195575868889	12.641044	-2827.7416	4612.242999554042
53	8	10.452958645212073	13.579923	-3054.8185	679.3663345752896
54	1	7.044322557805864	10.712408	-96.6337	637.4888715174953
54	2	8.104881475760171	11.148685	-1546.3397	-4840.698746696153
54	3	6.025972468688933	9.844319	934.4953	783.3991450644257
54	4	6.791067358490218	10.543363	-1299.8229	-463.92860175193255
54	5	8.10845545238673	11.442189	-1454.728	-1689.9122127595797
54	6	7.2972897006346855	10.734371	-1625.1454	-1280.9186549135486
54	7	7.94507524239632	10.742355	-1020.0567	-1190.680305670953
54	8	7.260067101089099	10.274311	18.5389	722.1779612651529
55	1	7.716385679419597	11.412626	-2065.7851	-569.0874957169764
55	2	7.302430077566202	10.528212	-562.5371	4643.314078422186
55	3	5.882530081546727	9.961577	-2173.3701	-353.48208791595465
55	4	7.835586241173827	11.43772	-2022.4934	-456.17340763414927
55	5	6.150272924497743	10.483221	-1244.9768	339.5565440009544
55	6	6.361585207697242	10.016197	333.347	1732.4291324461522
55	7	7.448187928976309	11.028446	1869.1602	7495.101789189111
55	8	6.5742354440825315	10.751236	-413.477	2154.1860569345317
56	1	4.549124849488693	9.1875515	-2109.4071	43.185777391961906
56	2	6.979167199516781	10.130893	470.5981	2531.123362055194
56	3	6.677655546500396	10.629257	-1217.007	955.727041157051
56	4	5.4166230702484155	9.946009	-1473.3139	1627.9421489772512
56	5	6.674306951944577	10.750772	-1038.2641	1078.5050070879543
56	6	5.516068926278991	9.516221	1230.8431	5222.964944938673
56	7	4.153078178490574	8.734372	-2721.3818	-260.8172906199409
56	8	4.712973038570692	9.332512	-722.5169	1211.912782361157
57	1	4.501857333226081	9.099218	-1876.9028	1454.368730748219
57	2	4.89394946316465	9.265887	-184.7771	2615.1883357658303
57	3	5.231482471364361	9.383817	-425.7138	1723.1976301322238
57	4	4.393514824165862	8.96984	-777.8661	4939.8834376199175
57	5	4.178086018968547	8.725418	-2036.8612	29649.878485914545
57	6	4.25735986113213	8.785768	-1596.7127	9486.690797131012
57	7	4.170118404153059	8.815575	-2020.5241	6733.210707815117
57	8	4.353019835137636	8.991505	-1468.218	3342.6854116257214
58	1	3.89806445780747	8.062148	1025.315	3952.267791587933
58	2	4.217159697483523	8.835692	-1599.3138	4418.935856892799
58	3	4.242719327670663	8.852414	-2542.5423	-2541.507384456474
58	4	4.404766757431283	8.689809	-847.4395	4180.947895409507
58	5	4.027571429339868	8.803174	-1948.4548	712.624695948401
58	6	4.169984847170163	8.827069	-1069.3271	8619.694333672665
58	7	4.6347060598621885	8.98219	-1897.6246	239.54221331024115
58	8	4.338097970150423	8.82726	-2071.8558	-159.7940267691916
59	1	3.9517799824084014	8.754123	-828.07	-2097.502197733069
59	2	5.290408664519243	9.391202	-739.5118	-903.3338599581733
59	3	4.34610583484205	8.786898	-1808.4144	-2949.312585902528
59	4	4.169555115682937	8.771994	-1360.5849	-2830.9783329869565
59	5	4.399684584241259	8.662632	698.5273	-375.08325097787514
59	6	5.228443677905487	9.3473625	-654.9735	-865.0030689515336
59	7	5.0540493334148335	9.398985	-509.4708	-825.2473925100849
59	8	3.693836096758252	8.426298	-356.8985	-2607.19329051499
60	1	4.112004032212077	8.72849	-667.0501	-708.3205457050356
60	2	4.287496126789262	8.857821	-1613.247	-1943.5118394258266
60	3	4.21905687988119	8.941837	-2083.5003	-2682.941457141381
60	4	4.481446320166989	8.775781	-1259.3917	-977.1297243313901
60	5	4.448896046631699	8.814116	-2161.5795	-2366.3837093277134
60	6	4.085425263795064	8.658221	-1703.202	-3292.8307003293994
60	7	4.572561283120496	9.043328	-2024.8864	-1603.1848392635607
60	8	3.9542243962847032	8.177125	70.4521	1096.4495742289107
61	1	4.155382775281856	8.705418	-1255.9901	-2282.145675452553
61	2	5.165930928409695	9.413995	812.2978	417.0931123067317
61	3	7.066711854646713	10.661707	-602.6153	-170.13154296982754
61	4	6.905793644542861	10.451025	-1283.0786	-351.29012544412655
61	5	3.634548033756987	7.664377	-465.2118	-866.7305670714604
61	6	5.267977129761667	8.93774	2067.3911	1232.3654105169983
61	7	4.225902930892931	8.8172655	-1952.0951	-2802.902586935341
61	8	4.026391799424814	8.577897	1.8425	-150.4779555797527
62	1	5.090461232817779	8.382621	-281.7819	116.41463627919083
62	2	4.635888049725929	7.7175193	-1767.4997	-1333.0302545397515
62	3	3.9513355527831733	7.881363	-90.8252	727.3128814751705
62	4	4.706883599239928	7.5615563	824.5104	1203.1425112948666
62	5	4.343115467673696	8.25744	-53.6292	410.8665903814258
62	6	4.288918377260252	7.668755	60.9645	807.2041275460645
62	7	4.077382924259936	8.229723	927.6604	2328.698748745704
62	8	3.066619928721495	7.97971	-786.6666	-539.184001063803
63	1	5.476652377986536	8.568387	39.5276	-13.652942713774035
63	2	5.176046648264611	8.340543	-471.4085	-461.77560139426953
63	3	4.116808781364903	7.98305	718.2106	1669.9432784690412
63	4	4.6440050821484835	7.6993866	-62.876	-373.9148769692029
63	5	4.385034467556306	7.0172944	-200.7094	-389.5763906911465
63	6	4.720759317964308	8.192041	-789.9519	-1065.3833173523758
63	7	4.798006280331042	8.117944	567.9122	785.6995488018968
63	8	4.674008398334504	7.861173	-453.8443	-1148.2316519291762
64	1	4.455976328151252	7.287921	-648.7345	-1277.0684012486986
64	2	4.540439416196196	6.910227	-1139.2848	-4730.009054945197
64	3	4.414707491281437	7.0083947	-1803.1183	-21491.48464567583
64	4	4.903244412068823	7.2496514	-910.184	-1372.5216187722835
64	5	3.932369275494448	7.666945	-8.5372	229.5153426557139
64	6	4.278643527479506	7.122514	-837.002	-5731.175092579008
64	7	4.460340385540559	7.068909	6.1093	3794.5127820122534
64	8	4.130495760202749	7.0205684	135.4375	1663.6807940728938
65	1	4.353753249412393	7.24743	-1499.6491	1199.9855324651583
65	2	4.670126732562299	7.408554	261.3564	4027.6943038039
65	3	4.1659721237616765	6.957522	397.5554	8132.046228074854
65	4	4.4344271617937725	7.1313934	-1844.4424	-244.04441952364448
65	5	4.390867210266843	7.320706	-192.1163	4272.868538786096
65	6	4.790693644903926	7.310546	-485.2541	3562.5023711647946
65	7	4.525462932241541	7.1657977	-810.1231	4704.9860876634775
65	8	4.517447824263998	7.7316613	-289.4545	1876.3697904376556
66	1	4.05738087314721	7.516295	461.9589	112.57643214890703
66	2	4.798594639195031	7.6504507	406.9275	10.416945061874845
66	3	4.560238594678966	7.242027	-214.2867	-1248.8986974358043
66	4	4.540712582142424	7.0171695	-809.2853	-3083.122650533916
66	5	4.5796764837629915	6.8898273	156.6936	-587.1376720441087
66	6	4.569963769510916	7.0773444	170.6361	-533.1550763503941
66	7	4.335627796351396	7.050914	-871.0195	-6341.72278917866
66	8	4.647209592737164	7.0202923	-489.6676	-2168.349925458216
67	1	4.532387354137794	7.2882915	-481.9995	-1445.622609421813
67	2	4.400453045046429	7.4067745	-450.1284	-973.0564367270435
67	3	4.595671363133692	7.284309	-1954.1117	-4787.755838847919
67	4	4.260254176092141	7.1082907	470.8726	755.6406312113397
67	5	4.566295610307147	6.9860826	-1971.5944	-30925.110015042115
67	6	4.881655456428662	8.0623	1351.8702	931.1103809388375
67	7	4.6041131195555245	7.472973	112.046	-81.93533350537388
67	8	4.280304862522887	7.5852604	1683.138	1991.0883642498352
68	1	4.634470149529238	7.1164513	-289.9822	9267.112300606022
68	2	4.011382978627816	7.859144	-732.5584	1152.4189562536844
68	3	4.404280988264086	6.9125137	-381.2191	9516.812718593968
68	4	4.6327398983622095	7.150281	-245.9037	7275.404608729272
68	5	4.7283874513151245	7.147707	-2303.1393	-1519.6461681983344
68	6	4.7428042568078075	7.272523	-546.079	4828.242371604092
68	7	4.8400704446241045	7.190627	-1048.5242	2846.330219010768
68	8	4.801309189585832	7.570832	1121.4077	5200.272967108208
69	1	4.045740035803304	7.4606996	-630.5912	-368.6209863644179
69	2	5.030991752487499	7.5163713	7.5965	488.9891441600545
69	3	4.255776470803045	7.399868	-662.4934	-511.13185613061154
69	4	4.545398743575504	6.928397	-442.5799	-508.91255117738035
69	5	4.599831589473064	7.1600375	-197.1029	719.8411999282428
69	6	4.483243284142558	7.507026	-424.9762	-66.09649083456537
69	7	3.859734414965913	7.5622907	643.8209	1221.1871744535244
69	8	4.572145606973704	7.496824	-350.589	44.72539716143696
70	1	4.384892081438211	7.382087	65.7318	1054.2099431664635
70	2	4.461655944469609	7.165863	46.8532	1991.2584535733083
70	3	4.26327317322984	7.2583017	486.7249	1841.4708666669558
70	4	4.450119274939363	7.1026654	-853.144	-2080.190201871156
70	5	4.6313094035474816	7.54744	-147.8511	425.28901389676497
70	6	4.645891953498776	7.1575975	-773.5578	-1270.0418444732766
70	7	4.548175462826043	7.2798905	-1814.6641	-4347.4630416113505
70	8	4.650699236425926	7.605328	1904.2594	3220.227953350534
71	1	4.777124917650922	7.186672	-72.4075	2508.2327224699757
71	2	4.26863188745149	6.979549	-1132.1809	-1736.2333519828965
71	3	4.614765666815358	7.105227	-1162.1145	-1847.958275164962
71	4	5.18332639223882	7.429321	-2718.5399	-2383.229635135739
71	5	4.454025714062353	7.8430758	542.9379	1853.4882345151768
71	6	4.8040365874441555	7.264311	-1093.1962	-593.6567593725454
71	7	4.684239291863993	7.150024	-2863.8422	-8084.194171174551
71	8	4.773696245320636	7.194231	-1122.0017	-839.4497189331447
72	1	4.312067802285445	7.340955	305.6053	3324.3473828654005
72	2	4.632848733303167	7.0055947	-206.2607	2686.1487827663605
72	3	4.346904173385654	6.885852	-1165.9395	-279.8953081545555
72	4	4.487231053293237	7.203012	-1231.3444	-384.07637680192863
72	5	4.364934870941627	7.32291	211.5974	4094.715228240978
72	6	4.478305236059955	7.0803013	-604.1992	2136.8274583685734
72	7	4.197246016014715	7.6460404	762.2519	2654.01062119541
72	8	4.4374046533308835	6.928202	561.7297	10582.159690135186
73	1	4.432328817112084	7.598771	593.6413	2301.8265819267986
73	2	4.4968213830651615	6.982905	-762.7495	2188.510581727574
73	3	4.370496715239924	7.867823	552.1413	1703.6377196459384
73	4	4.39982360236015	7.497665	-987.8903	245.45045491599058
73	5	4.538393113983659	6.9405212	607.6031	8224.201859215238
73	6	4.787781441802725	7.526768	-692.4553	630.1167837488048
73	7	4.435230611465624	7.453955	1361.0452	4195.521589295647
73	8	4.391145352093125	7.452403	822.0618	3195.820396937343
74	1	4.597124710909088	7.0424337	-435.9964	2162.3275957648602
74	2	4.472550194538661	6.942849	-629.5793	5046.752106960362
74	3	4.403759660686545	7.158152	-402.3349	1617.3688528213997
74	4	4.419463342582447	6.991975	301.2575	17751.11127994667
74	5	4.752228252165762	7.167875	-2285.3585	-5414.488693760779
74	6	4.163068005362805	7.3609166	-621.9705	270.10763368559805
74	7	4.55405668244887	6.932959	-972.9906	-2715.937421761136
74	8	4.540534316588789	7.1412187	-1243.867	-3697.6648850331117
75	1	4.8217617591387425	7.1667933	-827.5	503.54438561699476
75	2	4.563457512748498	7.0613284	759.0865	17202.60785134493
75	3	4.108664513624621	7.1903543	-97.5085	1711.6037060970993
75	4	4.963044195024172	7.3535733	-2326.6869	-2637.622402747223
75	5	4.450747863031738	6.9271426	-195.4574	6119.304569476996
75	6	4.493465893426381	6.835528	-625.946	2806.325838770504
75	7	4.532487421650834	7.1312933	-471.5843	2328.0750684982404
75	8	4.969622715111632	7.2024326	-858.6772	263.1981186971022
76	1	4.553193555982013	6.9907947	-513.6467	694.5878225670384
76	2	4.810796892611515	7.096841	-999.8675	-1048.7773935694674
76	3	4.586003075246074	7.1457644	-1040.3458	-1539.0071947476272
76	4	4.380253244791726	7.123052	-405.2632	706.6545607922716
76	5	4.539776098529806	6.878133	347.6305	14173.58159270254
76	6	5.368856157931707	8.428522	3125.2535	1960.35568739625
76	7	2.9891540582585416	7.4199915	1307.7669	1300.4011452231398
76	8	5.028772329828148	7.5172915	-914.811	-359.02586219094445
77	1	4.662167663125983	7.048791	-884.3042	-5615.391095753946
77	2	4.54814959644568	7.097127	-1639.7676	-11531.963624850368
77	3	4.205913731150978	7.379989	765.4164	2338.0902491638085
77	4	4.301447758664563	7.2982974	264.4674	1863.2534644032169
77	5	4.32381311014689	7.3066335	605.4678	2555.4358616840595
77	6	4.444707910243243	7.4002166	-541.9413	-73.60222649571627
77	7	4.670760159815383	7.324742	-441.73	212.44726389157185
77	8	4.566544514048667	7.393017	724.6493	2641.106711847915
78	1	4.536979144094925	6.8456717	-339.9604	5438.597639077814
78	2	4.756670125647654	7.3595176	-395.8107	4103.5758403545615
78	3	4.854352738219953	7.2124124	-584.6665	3665.0932613966324
78	4	4.588088557413382	7.0073214	-348.3843	12499.691581688616
78	5	4.62776754829107	7.013506	-1595.1843	463.39579954093193
78	6	4.0088569464828545	7.783317	-290.934	1592.10364489085
78	7	4.846221424521824	7.1906576	-2004.4229	-1209.1155557036368
78	8	5.219299016401938	7.5968504	-1526.5861	143.55189327614127
79	1	4.172136801301338	7.361762	-1056.5041	1001.1805220240211
79	2	5.144376764254794	7.559438	-2533.2018	-1259.610734660515
79	3	4.844440017659814	7.140013	-1382.6649	772.2820294377002
79	4	4.644990011753167	7.065891	-404.1188	63865.24947752428
79	5	4.278311524411147	7.4488196	842.5136	4307.7252985972345
79	6	4.271122799028288	7.0177574	-673.1456	2992.2820974722836
79	7	4.546646673676753	6.9134617	-374.4052	13446.775238221662
79	8	4.444610611675299	7.3613997	787.7141	6050.158943595439
80	1	4.43002099682034	7.121369	-801.4587	-493.5256120318972
80	2	4.778003998445661	7.0499988	-1278.931	-1258.679190120854
80	3	4.826969535076846	7.5688434	-789.6291	-156.29723706101925
80	4	4.605572190037232	7.6680617	301.2375	1176.5757815861316
80	5	4.722539557654532	7.2656555	-789.1505	-250.8996587153727
80	6	4.621993770584191	7.1032968	-586.8832	270.5307161141468
80	7	5.049143637947562	7.276685	-2558.5567	-2381.950598177265
80	8	4.618433739080306	7.103138	-835.2034	-469.12039003567554
81	1	4.090369966529545	7.0841246	-180.5298	1738.3508852252228
81	2	4.705397232156025	7.15539	-1234.5014	284.2217735141562
81	3	4.840293942589041	7.227006	-325.4104	5017.070427130077
81	4	4.42457922503503	7.265501	9718.3269	25624.5935812803
81	5	4.304783866136815	8.408333	-1497.1549	-141.75053357764918
81	6	4.478197673833387	7.075565	-1369.6879	-341.7569404187851
81	7	4.459222777658661	7.3181868	-14.6315	3052.713694555761
81	8	3.990264949223935	7.299561	621.413	2287.3184594095765
82	1	4.558026581120568	6.9222383	-857.2523	2208.07089499285
82	2	4.494275151858086	7.2495584	-1324.2393	272.737200017124
82	3	4.525499518124538	6.989411	-693.2883	4960.929589891408
82	4	4.411462890439812	7.080843	-1013.9793	3300.1688110475434
82	5	4.721368279913967	7.0794907	-512.8594	4706.154939040652
82	6	4.276779680270879	7.055543	-2524.637	-4038.693401341536
82	7	4.5899345365641375	7.0939484	-856.9189	5813.90180014109
82	8	4.531365857193722	7.7443223	1324.4341	4165.534947072094
83	1	4.807287709371019	7.1602974	-1225.5991	2723.6295397618123
83	2	4.588470514290574	6.9269013	-1035.71	4536.7799080871455
83	3	4.6535736687994955	7.0550923	-1299.085	3195.9322187287626
83	4	4.804826047855831	7.160479	-2875.8899	-683.6647945282167
83	5	4.379138381887507	7.480166	-173.5889	5213.276844707482
83	6	4.55868829408448	6.8533883	-106.502	7181.749035576113
83	7	4.558471734205829	6.9521675	-1426.4289	3727.8959738069066
83	8	4.899992586721764	7.2106504	-2917.4392	-618.1610372607659
84	1	4.4976071383700695	7.3905087	-376.4634	2241.90624171189
84	2	5.04056636248037	7.4845095	-1021.8956	632.4830949329569
84	3	4.095658765678156	7.236694	-765.5822	1286.199159619103
84	4	4.457551754694093	7.583362	-2017.498	-854.9103648072295
84	5	4.556165176371208	7.0058475	-217.651	30931.934715700638
84	6	4.085758897254754	7.3063807	-332.1937	1847.5870158331293
84	7	4.526378662964831	7.3435464	-725.8525	1714.6084948095486
84	8	4.881844098721301	7.536118	-874.6137	958.2131740448725
85	1	4.538810815742824	6.8893437	-894.2003	-6086.769589845109
85	2	4.640529701281032	6.948712	-2230.4905	-17345.433769169984
85	3	4.5058210399606144	6.815337	-113.7607	500.0445232136239
85	4	4.460276476720331	7.48672	2379.3356	5084.909123807997
85	5	4.53604030026004	6.9065228	-831.1363	-9480.152920112154
85	6	4.524542663400977	7.027615	512.5901	12837.510326522215
85	7	4.0441557335009035	7.385238	1246.1116	2235.3926936297826
85	8	4.622653509536175	7.00791	-473.9476	-4998.276723092222
86	1	4.567789982134575	6.902593	-331.0601	21832.807362890257
86	2	4.948506222156627	7.414787	523.1642	5653.601193354467
86	3	4.85827613174	7.31304	-1392.9493	2054.634182289354
86	4	4.5287428624206525	6.921482	205.5641	25351.785099278666
86	5	5.116613539531744	7.3440404	-1455.0903	1366.441723902406
86	6	4.553156573715107	7.585459	-158.1809	3348.3995884212954
86	7	4.675459502375089	7.0689187	-1257.5775	5626.636646587966
86	8	4.86591321633451	7.2592006	-1426.9326	2093.7951310087897
87	1	4.463518011203268	7.453139	-1149.7028	-1290.5650900527098
87	2	4.572668415929004	7.104322	-1207.2458	-5490.2981151240665
87	3	5.1064953568243485	7.4879975	-1019.8302	-918.592472711137
87	4	4.136617322694238	7.1446514	-1601.7949	-2632.544966430407
87	5	4.572755259922346	7.2928	472.9238	1738.1932438412778
87	6	4.249947865512536	7.3810563	-897.2251	-996.0688348393932
87	7	4.8325896063855645	7.304952	-1432.4792	-2494.346928809748
87	8	4.719777629605997	7.696251	-330.0369	1.2130038802568337
88	1	5.448505328616248	7.6521635	-1515.4184	-307.3482908301567
88	2	4.684358791801782	7.438602	885.8718	5408.939914045842
88	3	4.677466835567318	7.0839577	-985.0828	1997.877591376599
88	4	4.500860275790574	7.506049	207.6148	3233.660892322342
88	5	4.465201579264821	6.812217	-687.1069	2111.080421564212
88	6	4.634367475820564	7.1072516	-116.3379	12705.934639557127
88	7	4.562622452184274	7.0515556	-1120.2981	1849.699876737198
88	8	4.481951575474602	6.907189	3315.3537	41659.31240439376
89	1	4.543594978326103	6.950341	-1544.3472	-3861.3196551442456
89	2	4.631251791590273	7.4874706	-782.9305	503.9711453973105
89	3	4.628940895985637	7.0528083	-1740.674	-19238.637203231254
89	4	4.672657441779228	7.067127	-781.4753	33059.96200382801
89	6	4.262664982630273	7.062453	230.5455	3479.8679409123743
89	7	5.006753227090994	7.2528954	-1462.9949	-1239.5088943155906
89	8	4.395979655253574	7.07761	-1366.5531	-1820.1422891452778
90	1	4.564933368670069	7.0056834	202.3207	75095.11840033758
90	2	4.484596616272926	6.8823676	-357.6523	26231.147288365293
90	3	4.374759970256596	7.550859	-308.7522	2037.1701466378056
90	4	4.489743148263784	6.7998405	-165.487	8924.467076283949
90	5	4.505255008422733	7.2263126	-971.0884	1954.0351530320033
90	6	4.370035496797868	6.889052	218.2838	11364.927440892712
90	7	3.5406212821311724	7.309264	0.8886	1660.7888627438301
90	8	4.393967313543235	7.048073	-1582.7999	-232.0262901240285
91	1	4.442883978958741	7.192988	-334.6218	-422.3349178610367
91	2	4.41331491442701	7.066049	178.8413	1126.9664177121929
91	3	4.3427193475717525	7.192725	-397.7095	-533.1204899113901
91	4	4.5439667940379564	7.23714	-1580.5779	-2682.62289448315
91	5	4.678100048843042	7.429698	-718.5826	-893.514765865071
91	6	4.504428970328668	7.1449413	53.9084	604.0141258762994
91	7	4.729937172396074	7.1376567	-2332.6712	-5503.8402846990275
91	8	4.611088333102243	7.0927396	-1057.3611	-2540.0500128745934
92	1	4.762599994666604	7.1512637	-1388.8148	34204.65619251021
92	2	4.826629586126488	7.0637856	-1116.6932	9430.876865522148
92	3	4.483835698005076	6.9832053	-384.7043	7390.258108456495
92	4	4.380361501041303	7.5578027	31.0537	4516.412540114946
92	5	4.500855503958625	6.983709	-677.3223	5737.769199191287
92	6	4.842332794478845	7.1897197	-1673.6976	4731.154724337026
92	7	4.638877452448191	6.9948473	561.7065	18595.255807300982
92	8	4.871853084854934	7.1418796	-782.8521	11967.968403795589
93	1	4.417187916500434	7.1474566	-17.4047	3480.828855538883
93	2	4.436377690137151	6.882695	-292.0433	5344.8116914130915
93	3	4.673346974957959	6.9851975	-65.7819	3770.930404397957
93	4	4.82643637627655	7.2584753	-1584.2314	-2308.333803492454
93	5	4.525039931163946	6.893835	326.2745	10905.176253594573
93	6	4.329530746786259	7.466634	115.2873	1285.7266461628694
93	7	4.491460629195449	7.111843	-689.0278	-52.999534342939526
93	8	4.825376623381852	7.865834	1633.4661	2238.1039953945506
94	1	4.520379577394681	7.133887	-1784.0944	-4926.229333303865
94	2	4.8381645560246875	7.160603	-2144.8048	-4231.262657691683
94	3	4.159683367400771	7.3019657	-1227.5366	-1831.3319908165145
94	4	4.58504501382549	7.0158215	-2174.2994	-12128.792319287655
94	5	4.749701885024826	7.083492	-1160.325	-2757.309611220848
94	6	4.569125103373635	7.1217628	-1213.0877	-3591.624402893154
94	7	4.618961734376741	7.1774454	-729.6985	-1437.5486115974318
94	8	4.609416134260105	6.931876	-1194.5294	-4771.850388333886
95	1	4.53479983887334	7.149711	-371.0945	8050.98385945387
95	2	4.8439207752458335	7.2761793	-166.7348	5377.388159919309
95	3	4.453413917683427	6.96479	79.3756	16565.945749068414
95	4	4.560648847727185	6.9481	509.5732	176490.37499863427
95	5	4.479301305490968	7.0702224	-1154.2625	7127.9333541007845
95	6	4.4713993202085165	6.9345813	1043.2136	27637.927619410242
95	7	4.432992391947305	7.6211395	1205.8228	4672.687754048179
95	8	4.462971928316059	7.2539415	-1596.9371	1942.7126411495487
96	1	4.2996768475317575	7.5197926	-473.5509	-892.4637998662686
96	2	4.599850823983729	7.1570396	-1000.66	-4553.2244959990385
96	3	4.629923530378818	7.7556014	621.9437	561.3354353715456
96	4	4.554462377686637	6.8610907	-325.4361	-3221.4826947098272
96	5	4.605173283523324	6.9823537	647.6768	4025.0534445368344
96	6	4.591806170184091	7.100587	-591.9172	-3461.3534319729033
96	7	3.831667733522111	7.7326107	-472.768	-540.7172845120112
96	8	4.5680951364044375	7.357925	635.921	1210.6446344458795
97	1	4.496412487638354	7.2596116	-702.6695	-957.5940692220188
97	2	4.740930386871586	7.1469126	-1058.9205	-2329.0283723985713
97	3	4.537770189577151	6.8774223	-267.5349	4390.866781172189
97	4	4.661407165516768	6.9936743	-744.6839	-2448.225052036989
97	5	4.444770998194907	7.6000695	-123.4394	263.52060479391076
97	6	4.729879241785034	7.704178	226.7813	580.0049875745547
97	7	4.509689173481362	7.000676	-1318.5389	-7507.355302757806
97	8	4.5395629276370295	7.033932	-122.4261	1443.4376535749414
98	1	4.13579191193331	7.5743146	1072.6832	3318.656656342246
98	2	4.570479233645188	7.414488	-306.6553	1994.0863284794175
98	3	4.412320754298838	6.930344	-185.6709	12367.900986040777
98	4	4.615549585037462	7.0106654	-386.8541	6258.918857806158
98	5	4.661638778985297	7.050491	-805.5242	3261.1535709021205
98	6	3.9725841756509914	7.836937	505.0702	1804.894078417108
98	7	4.508141027257846	7.2702637	-876.9217	1852.2813318685944
98	8	4.890093081314639	7.29417	-751.6943	1342.523502229058
99	1	4.492400092020511	7.3146358	457.6668	1702.5834826215867
99	2	4.487703637710911	7.584275	-217.5317	-50.22444789029615
99	3	4.387414416522442	7.6024175	-1513.6348	-2045.8857898337635
99	4	4.498193451401613	6.9388356	-413.4651	-2207.9747640078504
99	5	5.759883532072421	9.536331	1571.8422	607.4090713882199
99	6	4.304004580071695	7.1783414	544.0803	2341.6866291801916
99	7	3.9580038666590203	8.467921	-167.4573	11.014968411823993
99	8	4.172341721106398	7.4477606	-450.6435	-451.2280257177057
100	1	10.22272985466559	13.335641	-2063.7074	-930.7341750344887
100	2	10.282461863850143	13.362687	-1571.9689	-543.1257457719681
100	3	10.195069593967986	13.397823	-2721.4433	-1515.3651785229172
100	4	10.324989538437933	13.440495	-2473.8529	-1444.0094693053977
100	5	9.692622209872386	12.993679	-2487.6065	-854.6034174177906
100	6	9.766749885765645	13.0374365	-2871.219	-1120.3617902133183
100	7	9.784864184845485	12.9707985	-2418.4932	-820.0808309377034
100	8	9.982290065600788	13.144172	-2333.0032	-902.8272440567396
101	1	10.251939274040755	13.3824	-2664.4857	1037.0542036519898
101	2	9.825819109728327	13.011886	-2587.9752	227.90593842375125
101	3	8.871730952460487	12.088746	-934.5237	945.2839529116378
101	4	10.41448549366879	13.527145	-1550.0628	4792.997317794374
101	5	10.067234640847074	13.260301	-2186.0836	2669.5385510452675
101	6	10.272971471701469	13.443637	-1789.4667	12698.207054567483
101	7	9.790452010226934	12.993262	-2850.9932	-213.01271628837912
101	8	9.590495965984788	12.864432	-1960.2738	952.4214169615825
102	1	10.28594319862481	13.403044	-1200.1216	2558.732309706875
102	2	9.910232997774653	13.133008	-3197.5763	-1652.9746423247273
102	3	9.670393082683303	12.81832	-2103.7841	3430.5324159498136
102	4	9.351589902840775	12.631422	-3346.2014	-948.3573171324014
102	5	8.68373643072878	12.101559	-1588.6726	839.2303463387486
102	6	8.893751464485442	12.387125	-1082.2378	1538.888945314357
102	7	9.104229583797961	12.434258	-3562.7556	-822.9352808912597
102	8	9.79830337028835	12.941432	-2402.6559	11933.575485214442
103	1	7.878198201809277	11.134301	-1062.6159	1068.651591366485
103	2	8.861861557812121	12.043705	-2566.9347	912.7575458766408
103	3	7.925725967953412	11.417552	-735.2764	1309.114253738222
103	4	8.411218309339944	11.638912	543.2355	2591.528402862436
103	5	7.647726109129412	11.078038	-53.4229	1369.6548951635464
103	6	7.763560354258595	10.809072	-1199.1895	858.8668136512599
103	7	9.186727659652757	12.413515	-2259.4827	3290.435143825863
103	8	7.834542871726288	11.066961	-31.6767	1359.6407617198338
104	1	7.025581374989151	9.673547	-500.6658	505.83598807185837
104	2	6.797771405081205	9.855206	203.4841	912.9801676795339
104	3	6.441588007455384	9.811359	-912.016	153.7870890725303
104	4	7.0856347300667935	10.375854	-2612.6057	-1521.7270834919425
104	5	7.069003772390824	10.250436	-695.4811	489.9993758499253
104	6	7.361101576151367	10.868427	-2209.6991	-2323.2239073526375
104	7	7.708121615351353	10.656946	797.9319	8278.559289446324
104	8	6.392798753888188	9.4896345	134.6901	680.7800085480611
105	1	5.421553744145281	9.287709	747.189	1627.7721660519544
105	2	7.2470312187170896	10.904829	-1246.0422	2641.6423758321102
105	3	7.445723276683569	10.998035	-113.9289	2918.68378325021
105	4	7.719662875148873	11.028426	1381.7612	3969.5423927804763
105	5	5.990476405149886	9.695702	990.8836	2923.9614819874714
105	6	6.533141719012434	9.68014	-455.7514	2380.013922393885
105	7	6.910410589776387	9.766141	384.4097	5357.378998684608
105	8	5.41149680179847	9.660071	-650.4945	1164.6505098480234
106	1	6.813692155881249	10.958023	-2495.5078	-1081.5539610021715
106	2	6.941615053297546	10.219465	349.6583	665.5900770166098
106	3	6.495796841790223	10.049185	31.8019	636.1219637250795
106	4	5.371801345317803	8.618592	784.4466	1243.9545807496822
106	5	7.002773678348812	10.4229355	-234.3657	261.6164935944906
106	6	5.177874071620861	9.74593	-2968.8426	-7633.9464721731665
106	7	6.33672206149811	10.007308	-1671.8254	-1235.9767066867723
106	8	5.06271594174427	8.959361	10393.0823	9952.596348967074
107	1	6.1822318200456285	9.932772	-130.8158	2636.1778057295255
107	2	5.109379554931637	9.621782	983.8895	67606.10891440815
107	3	7.3858896900796145	10.489546	-1039.7858	801.4488207593323
107	4	4.435961567648357	9.134714	-2361.947	669.8287960272678
107	5	6.593603956058925	9.743962	-137.5162	2206.9576251046806
107	6	7.3631443279402236	10.354754	-591.9629	1060.2295163410577
107	7	4.711043446593857	8.682392	998.7779	3764.8495263090254
107	8	6.8079396678130575	10.356924	-726.0886	1392.289489596837
108	1	4.17788337762043	8.834574	-1896.836	1070.1803941032708
108	2	4.083742651280433	8.68558	-1520.6418	1441.1664628918375
108	3	4.596912272610853	9.151974	-1842.4599	3210.286197701005
108	4	4.043141526655681	8.346535	-49.1231	2512.519748013365
108	5	3.988945292379695	8.350604	-603.7642	1961.0161644240864
108	6	4.139486497340289	8.837505	-690.6324	3577.5599598810027
108	7	4.228438732932097	8.758653	-1105.8933	2431.941293666504
108	8	3.8974984483185207	8.250699	-749.2822	1508.8068810195805
109	1	5.643310276785487	8.934668	626.9053	1804.087201243367
109	2	4.358754742302388	9.051493	-825.0488	2883.8483615739406
109	3	4.236031563772277	8.957972	-2671.0521	-5178.972969464115
109	4	4.456600285282749	9.117112	-2039.8919	-333.3505951568858
109	5	4.12954920347824	8.704556	-1380.0208	4298.322938839082
109	6	4.55909887343125	8.385553	191.8167	3978.3080814717473
109	7	4.348855599642944	8.847433	-1594.4566	2246.713921953364
109	8	7.105841773093022	10.53593	-169.4541	530.5895210883095
110	1	4.48808833275259	9.130447	-2883.2248	-4744.14044289124
110	2	2.9096616077072874	8.215487	88.5547	-64.75843809207325
110	3	4.571559480341416	8.930332	-1599.8182	-3857.2294168241096
110	4	5.15814123029787	9.5190935	1485.1662	1014.6703336578416
110	5	5.001248884110563	9.225298	-790.8597	-1166.7464540229657
110	6	4.336884329821284	8.952873	-1671.8108	-3581.3164286554957
110	7	4.923339282794212	9.24574	-1946.3301	-2712.27938663342
110	8	4.765451509226444	9.278594	-210.0058	-467.33514463406146
111	1	2.9357245701832326	7.9422255	-2092.9421	-7022.424816180614
111	2	4.757389597335772	8.953725	-653.72	-397.5143152100004
111	3	3.605043862620111	8.456993	-2952.9508	-4397.071411823986
111	4	2.77249479397597	7.84517	-311.011	-795.1059502305708
111	5	3.264371443642774	8.220918	-2446.9601	-8766.501232900217
111	6	3.691728237608012	7.90091	872.6172	1024.2311599878926
111	7	3.658766582180793	8.319692	-2323.2891	-3450.60393713791
111	8	3.080280649380681	8.092834	-737.3271	-4260.5150323355365
112	1	4.0067282983223516	8.552047	-1168.5474	1603.0900205549037
112	2	4.034987162092183	8.487536	-1530.3098	1177.0551569475388
112	3	4.189319676254859	8.768889	-1141.0474	1157.884407303283
112	4	4.199948994936787	8.56717	-285.5356	2274.8942050114574
112	5	3.7428043609325408	8.494401	815.5945	6348.148434644472
112	6	2.894485562351569	7.9732614	-1158.0644	2679.252082260841
112	7	2.46400158670323	7.6592126	-2164.8288	285.9312280893499
112	8	4.445352650694729	8.699622	-2116.5165	264.55250893262246
113	1	2.4912309297486757	7.709846	-1230.2501	11873.557304214679
113	2	2.1163867590602665	7.511023	507.2964	7364.163050934036
113	3	3.486928583309051	8.215819	-1841.1923	270.6525191396898
113	4	3.5155805506245223	8.222528	-2592.0008	-347.59109887445817
113	5	2.9730674302273536	7.96334	-54.2223	3517.8742621645197
113	6	3.3169453087908543	8.115514	-2000.6371	170.43079660630085
113	7	4.286539895120422	8.696354	-1265.8995	433.81363061166456
113	8	3.735668217132125	8.435979	-140.5951	1337.1125619842087
114	1	2.49873006810844	7.946751	-3030.8904	-6256.890066570633
114	2	2.450270654031018	7.780378	-1120.9174	-4035.2981472146553
114	3	3.0842019152324776	7.995101	-1657.2518	-1840.3718221908453
114	4	2.6172044738956983	7.7534585	-2476.6167	-5161.066693511142
114	5	3.8907533059822783	8.460871	-2014.0822	-1309.3588263835795
114	6	3.820926062727651	8.37836	-1843.8196	-1231.6369166204772
114	7	3.557572562570428	7.9236045	-394.3243	-615.2547885288191
114	8	2.0119873939432833	7.500786	-7.4684	-3724.581594152587
115	1	5.733719160566601	9.316471	-1940.636	-482.04740232027535
115	2	3.818208100836259	8.399028	-2005.5483	-973.7752990972824
115	3	2.411812558385183	7.9138927	-2164.0962	-2782.236419649376
115	4	3.691086359564723	8.450745	8597.8082	4432.405699496768
115	5	2.047846614028874	7.427336	167.1844	2105.906571255982
115	6	5.043052064635853	9.236392	-1306.6183	-369.71291157994386
115	7	2.9587057212853622	8.2606945	-1064.8866	-813.0523144152675
115	8	3.461011391645703	8.246892	-6.4006	0.6305387796085903
116	1	2.579451491449042	7.757884	-1602.1352	-2605.7273924915917
116	2	3.588033077625316	8.17831	-686.4158	-518.5108118414868
116	3	3.441463544674694	8.207351	-2795.7434	-1851.0943376742957
116	4	1.726453612973181	7.1842384	-1469.0943	-4024.9170965448056
116	5	3.0828506551534645	8.067348	-2725.058	-2380.3239984065594
116	6	3.1744602613096977	8.057658	-2134.6419	-1735.1272520535335
116	7	2.0267486038794877	7.4206176	-2207.4675	-85047.9872855358
116	8	2.4514186076620508	7.6992393	-1078.0775	-2460.498330617574
117	1	2.7633225477463124	8.171614	-417.9812	752.0196793564805
117	2	3.217006034958312	8.367846	-430.1741	566.2562434385346
117	3	3.363852895178235	8.100113	-209.3435	651.2604848557812
117	4	4.041409166009298	8.545271	-1946.4817	-176.04259976816246
117	5	2.5995123695690627	7.720331	-2841.1663	-1304.0226643104204
117	6	3.789172444921813	8.305468	-1172.4496	130.83580785691188
117	7	4.2645053998005515	8.779865	-165.4885	422.23410032814036
117	8	3.005125054304048	8.007035	-2777.9571	-845.9300195219647
118	1	3.971300982112721	8.84384	-336.9764	1430.5323707138853
118	2	3.5307550140295803	8.444309	525.1517	2470.709471872498
118	3	3.476146306627942	8.6517935	-1466.3256	1016.6883313709836
118	4	3.6471929443715387	8.358998	65.9796	2304.32150399953
118	5	2.9303156807386346	8.013874	-1818.7288	2297.0317516540445
118	6	3.489356852626252	8.629256	-1824.7429	784.094924589062
118	7	3.93425667824566	8.770834	-882.4537	1112.5491903916557
118	8	3.7855166872572785	8.459665	-925.7179	1273.9110038396254
119	1	2.647249654274559	7.8128934	-2631.4766	-2324.859960760509
119	2	2.339382612724551	7.659224	-1672.3368	218.3226398157163
119	3	4.091041866455651	8.581414	91.4416	1479.0209200410936
119	4	2.658086933013857	7.908385	-2245.877	-1261.7994846408344
119	5	3.075518140463359	8.046686	-2800.3905	-5546.398107097373
119	6	4.209200543982995	8.625265	-1987.4481	-121.47425927060314
119	7	4.700680991633224	8.56966	-1362.5111	262.04798459924785
119	8	3.238884401674149	8.133222	-703.7167	3131.14123665911
120	1	3.477619204712839	8.398812	230.0394	2341.0079950102026
120	2	2.8219463655937425	7.839994	-2136.4466	2643.0786305016823
120	3	3.0758473384451186	7.9930315	-189.2194	4669.280669311012
120	4	3.352030073164263	8.156101	669.888	4262.1045690103565
120	5	2.8372717297920325	7.9466734	-656.6987	7966.643306816613
120	6	2.505262456733226	7.702218	-1484.5088	6861.283831552426
120	7	3.289427926362863	8.136507	-1821.9076	1150.4994184112056
120	8	2.7022272786408816	7.7736955	-3001.4575	-4863.015617291374
121	1	5.238016799619802	9.155249	-652.7997	835.9948627717934
121	2	2.3642822608735936	7.666268	-2021.4047	2957.847339403104
121	3	4.431639334721803	8.881967	737.0067	1798.6747874965747
121	4	4.314788618190621	8.984916	-1034.312	1004.0247165132478
121	5	4.38114087133821	8.638256	-659.1112	1276.726147140085
121	6	4.192433781477907	8.533977	-1755.474	763.9568518517859
121	7	3.923193872024732	8.541537	29.4216	2094.7936710469558
121	8	3.0854810224211393	8.284527	1775.0619	7557.976774947465
122	1	3.2283014625280537	8.117399	-618.8002	1483.5188517755403
122	2	3.758222072719756	8.533912	-1649.4416	230.76889581041
122	3	3.4845099696576995	8.377664	-402.6836	1313.4322837608272
122	4	2.602600023984211	7.7372327	-784.941	5470.965849810155
122	5	2.2612989335965157	8.028666	-331.9714	3747.827594316361
122	6	2.3672120431984673	7.5284114	-798.8285	8403.45889492464
122	7	3.3515525310875462	8.570891	-859.2694	757.3994247578845
122	8	4.296102348059618	8.592435	-796.6567	584.718980791126
123	1	4.6852667600170985	8.896935	-2111.6766	-502.87560906334846
123	2	3.031159771737748	8.298021	1336.4973	2112.802060671605
123	3	2.507768742968814	7.812776	-1187.2526	-1247.175388226671
123	4	4.156446567270747	8.485245	1115.1847	935.3709150687309
123	5	3.9139922969828937	8.544687	-2820.6373	-1095.4619078389617
123	6	4.411195547183255	8.651934	-651.0746	64.2436143689056
123	7	3.2111736144793688	8.400553	-530.8182	223.16001001707951
123	8	1.9869778278110604	7.4435296	90.8031	2099.212627303635
124	1	3.9558783991467954	8.682782	-1898.9641	-854.7067187699777
124	2	2.384521881534353	7.6283336	-1522.6496	-3498.573588742452
124	3	3.1771648433421706	8.305826	-545.0218	-412.75727525846406
124	4	2.53830481558934	7.4949875	1348.701	2156.9601463432914
124	5	2.7705449732312792	7.94535	-1457.2732	-1685.7147960811153
124	6	3.145526528565682	8.129906	-1882.9249	-1509.0179776080288
124	7	1.8011158386682533	7.3627563	-2709.3763	-13154.642466908572
124	8	4.061814641487866	8.515029	-1054.2434	-494.2051188330128
125	1	3.749226815446995	8.661863	-1317.5715	597.3919710235959
125	2	3.1302145847332743	8.410958	67.4014	1483.4001544162768
125	3	2.5042913888252936	7.9404826	1844.1752	4474.826176927497
125	4	2.4916392779540923	7.684417	-2070.1185	774.0451765586782
125	5	2.7999820284863493	7.887528	-546.4413	1825.1910198993357
125	6	4.0763620106802305	8.526836	-1504.7681	474.20247125399356
125	7	2.70210032989308	8.111878	-805.0064	1551.836084089737
125	8	2.8503018865537086	7.871297	-1308.0712	1200.686016669996
126	1	6.697073264355414	9.472219	-1305.57	177.52884035726416
126	2	2.6797024683203037	7.729594	-229.1394	10513.084021291364
126	3	3.3084390600267897	8.489289	-987.1337	957.4279970159806
126	4	3.981922127360956	8.424768	-1806.5389	168.10927762345958
126	5	4.4184147657870385	8.5950365	-2228.3804	-76.6996846701346
126	6	5.351219194042638	8.647209	-382.0388	607.0008461269814
126	7	2.650970474308872	7.8160915	91.316	19667.577004841114
126	8	4.134344447868017	8.627564	-1629.3588	242.00568891826683
127	1	4.410101966963289	8.782591	844.3208	555.6418689262952
127	2	3.114359821835283	8.028402	-2427.416	-4327.723587149802
127	3	2.7633560641558157	8.038047	-2488.3788	-6904.074615702554
127	4	3.905188721562357	8.352882	129.442	265.0864504868354
127	5	2.54917243037254	7.9708304	-61.9456	454.7044167250108
127	6	2.546944550632149	8.141095	-1698.7546	-3315.2577320617797
127	7	2.821592825653454	7.9126973	-2391.7874	-9932.07848741994
127	8	3.0200761934038627	7.97413	465.7348	1547.5800201879904
128	1	4.125629729026947	8.666474	-496.3277	1303.2565900112763
128	2	3.908049386750551	8.364766	-1234.8357	1008.7215817658573
128	3	3.2780181393263823	8.433722	1406.127	4866.914894916061
128	4	2.727548226893394	7.8698096	-1612.5806	5539.750359461007
128	5	3.553099426178266	8.216503	-1514.7812	1094.1488529625924
128	6	3.6636897159671613	8.422071	-1068.8485	1353.7605243335513
128	7	2.856574682169487	7.8934407	-3157.0267	-23543.03862180994
128	8	2.8475556607675943	7.8941875	-482.3894	29683.6986011971
129	1	2.4582004346598865	7.8438697	-2774.9355	1102.9726438834396
129	2	3.4771279057990805	8.502124	-1458.992	1687.476836652784
129	3	3.0613419141211877	8.177617	-2370.125	1809.4567939651042
129	4	3.9947936805729896	8.545543	-1067.7407	1607.8250297402194
129	5	4.544064214625449	8.921643	1711.6008	2356.5110403497147
129	6	3.806897824254579	8.054359	-1301.2142	2054.610741083197
129	7	4.001476473430208	8.346151	-491.864	2217.974393128776
129	8	3.717365743340911	8.669708	861.2028	3617.172218196836
130	1	4.071485254566258	8.462039	-1893.4687	536.3139540727573
130	2	4.552605424650858	8.947378	-852.7398	794.5146182013402
130	3	4.034071602976737	8.458547	689.2223	2128.231150525406
130	4	3.1326858188948306	8.060165	-3149.5648	-522.7980168594783
130	5	2.4374789258638754	7.7345433	-2246.8313	4359.159397177944
130	6	3.546503172893105	8.146127	-1050.8297	1595.314600443977
130	7	2.2935347877489063	7.971162	-263.9054	11076.288829393323
130	8	3.956999419842026	8.464265	-1410.8082	861.4506993399601
131	1	4.769698855415881	8.792466	-345.7235	761.988644005618
131	2	4.299702047757324	8.681525	-1968.5116	133.9484083769575
131	3	4.131655991821182	8.548017	-2686.7104	-234.01093030034104
131	4	4.120735191895915	8.753631	-771.0984	724.6682280064067
131	5	5.5040047833722765	9.253068	-903.8834	406.45158016655296
131	6	5.545909484702212	9.425223	106.1425	681.8640966256431
131	7	4.351508035695038	8.680921	-783.8177	685.2029196186609
131	8	5.4606203346936955	9.195086	6175.6784	2436.4227389085354
132	1	4.039280562442289	8.258252	-580.4423	6393.782480876539
132	2	5.502979479929314	9.518981	1060.5472	2036.9236594041922
132	3	4.941389586472033	9.536624	-1554.3825	935.8151808035994
132	4	4.326767035654509	8.974363	-1373.4196	3013.044796788982
132	5	4.928606214004342	8.810539	-460.024	2739.3748063960197
132	6	4.3932192614786745	8.875078	-654.3046	5218.113913574878
132	7	5.26288065880165	9.551479	-1526.6695	787.5474321139075
132	8	6.839437561279634	9.473294	-151.5453	970.9521214881577
133	1	5.231075906579408	9.211216	-1302.3286	-474.6140454828012
133	2	5.650142481002229	8.719676	41.762	441.7726755853444
133	3	4.85956690534961	8.634848	1391.5007	2282.9919470378914
133	4	6.080628034290368	9.378583	-836.1845	-106.72613933529104
133	5	5.755074584463423	9.568109	2055.7728	1336.183936821547
133	6	4.417092199985378	9.037572	-125.5923	478.2563044536039
133	7	5.452208140433098	7.8098307	-1229.6225	-473.4501006067141
133	8	3.289382251006348	8.207634	-272.2426	428.3102676900044
134	1	5.598963275364346	7.881962	-420.5315	4204.477294500458
134	2	5.254553977770134	7.717488	167.7272	7586.4575692653225
134	3	5.499969240502412	8.114295	-527.6126	1984.7011648158352
134	4	6.168664845346018	8.327876	-2076.828	-971.774776091203
134	5	5.783115485635708	8.372122	-25.2249	1853.7263370561325
134	6	5.944983884257876	8.6313925	-1736.2282	-525.5317106115222
134	7	4.872157466540828	8.107648	126.9445	2099.441267529035
134	8	5.370969585927382	7.5785694	-2361.3575	-4779.298250009096
135	1	5.219001217544972	7.509292	-1328.4256	7628.298515845955
135	2	5.369883195234831	7.9889083	610.3742	6820.391525098935
135	3	4.182011877831035	7.8395658	-453.4485	1772.5331710870223
135	4	4.80965710722639	7.113316	-868.7944	2201.439226651319
135	5	5.226208076598692	7.5714235	-1020.4541	10254.858252366685
135	6	5.064894297578199	7.8423195	-108.0441	5354.700983746102
135	7	5.894228453221817	8.213695	-400.8532	2489.1722293671883
135	8	5.704839058835888	8.113173	296.9907	4318.714413568016
136	1	4.566632019463037	6.917591	-487.7316	1534.723914136976
136	2	4.458852333512437	7.5657806	-295.4734	921.6009213298257
136	3	4.9964676243186075	7.4285173	-393.3977	1312.3446999383473
136	4	4.516154029661908	7.252729	-1990.5917	-3346.969255878158
136	5	4.369423318044332	7.476476	-223.6722	1157.3839113338802
136	6	4.496487468040902	7.55658	-1398.3317	-899.3605014988294
136	7	4.178020340364566	8.250909	-175.9772	507.1331962986747
136	8	4.39778108436114	7.290541	-819.5218	116.60298536146638
137	1	4.883299544007479	7.4882994	-2052.0335	-2663.592636850972
137	2	4.1970551498251725	7.31727	71.0504	1005.4002434721143
137	3	4.544235747940347	7.1404223	-433.1697	210.84561623869013
137	4	4.481026209566716	6.8687043	-165.1804	3017.454427654013
137	5	4.493644618243982	7.1955404	-452.1421	108.67152083922952
137	6	4.629679291288936	6.919868	355.7829	27237.93579754788
137	7	4.512181573156421	7.4922943	-721.5432	-399.8046714547128
137	8	4.561125597950505	7.215907	1058.3597	5550.652193313834
138	1	4.993577654902728	7.3886867	-786.6595	-941.3379829790446
138	2	4.295013824571391	7.4790483	358.9914	752.6133371794355
138	3	4.87447668780214	7.262467	-2119.4256	-3675.2901023605846
138	4	4.299241859484737	7.14931	-484.5965	-862.7192124381237
138	5	4.450610578043716	7.265462	98.7491	574.5779575239535
138	6	4.619518379727473	7.0450373	-600.6197	-2120.5767295438513
138	7	4.4217946016914	7.378004	-1129.9776	-1884.586799225544
138	8	4.4636795682217025	6.8940473	52.8006	4322.357643934036
139	1	4.582313440931568	7.1569967	227.8691	4957.953110982888
139	2	4.549840162805511	6.865489	-3.6141	3935.4357284113285
139	3	4.0940615015781106	7.3976717	-896.4881	-455.56604237227543
139	4	4.5979371881244555	7.003285	-454.5957	4878.074462200357
139	5	4.322802708877841	6.867205	839.3104	5225.487204946157
139	6	4.464050599877318	7.4650936	242.6303	1789.342231789059
139	7	4.771958057500095	7.3698378	-223.0151	848.6968074099364
139	8	4.616450706527516	7.063676	-1249.5693	-13738.945397707757
140	1	4.567658174113479	6.9052033	-1624.2158	-41408.49382674334
140	2	4.583778820626484	7.0740423	-472.2985	-2856.6317831275524
140	3	4.927465022396713	7.2149696	-1368.342	-3017.4725960577857
140	4	4.769239486349449	7.1557846	-21.6209	-59.36095477641156
140	5	4.277336448640232	7.331615	-270.6352	-483.9122576811258
140	6	4.983328597190965	7.284207	-720.8311	-1366.7649466415319
140	7	4.449616212382696	7.112946	1132.1404	4848.094584226228
140	8	4.298300359606196	7.1601844	-466.5802	-1180.9043330654972
141	1	4.204948967552796	7.5951924	930.9152	3279.61462434868
141	2	4.425075355269744	7.290459	-1610.5939	34.767827676138666
141	3	3.679287327200475	8.706003	227.9917	889.2897533836131
141	4	4.711375982437396	7.7012653	1177.1333	3470.2666185070643
141	5	4.707543655052919	7.015586	-825.1262	4733.261264415021
141	6	4.365932030036472	7.3043294	749.8939	5309.281277700233
141	7	4.430926271318547	7.566079	562.8747	3267.448400332805
141	8	4.675140661314385	7.1337333	-109.9406	8245.607336803292
142	1	4.514181927777873	7.0228953	-315.4715	2528.586392773454
142	2	4.442314659967571	6.952347	-1962.908	-4167.943295176597
142	3	4.67149922674917	7.1130223	-948.9843	-1221.5242339105428
142	4	4.344288941931689	6.8815393	-10.1569	2329.7840015201978
142	5	4.850367079396465	7.9221945	-729.5677	92.14394927127502
142	6	5.1802193408424175	7.756917	-1106.8695	-363.8833433941367
142	7	4.188365408672316	7.6137176	390.6999	1628.8704345058707
142	8	4.346888541928608	7.2424564	-2576.3563	-4152.056422943
143	1	4.39786885139207	7.1619697	-1635.9233	1031.4943455970492
143	2	4.333181415973588	7.082685	102.584	9052.917845755725
143	3	4.387984894533611	7.3657174	834.0853	6664.323853462389
143	4	4.36535497994569	7.3934207	183.982	4034.4977520307284
143	5	4.252301596891893	7.166525	-1568.221	1332.122076950367
143	6	3.9460508965044543	7.7084503	-37.7897	1853.2188240725027
143	7	4.429794235324023	6.885377	-453.8811	48819.46313798185
143	8	4.492507495806732	6.8757052	-262.0657	24564.18451674965
144	1	4.168837764230935	7.3864107	226.9502	783.1578257599361
144	2	4.2689257245104395	7.0400023	-2408.7588	-8784.363836370165
144	3	4.383609132404651	7.080323	-1571.5447	-5305.777931925612
144	4	4.815587911353959	7.2662215	-1341.1824	-2319.3240951175853
144	5	4.483579048771692	7.1269364	-314.6221	-218.38790354845602
144	6	4.5673278370636865	7.246544	755.8666	2284.414541373107
144	7	4.363971877244684	7.0471516	-1596.1597	-5803.893174688283
144	8	4.495733898396754	7.13327	437.255	2630.6775951906966
145	1	4.61373257705612	7.0317845	-325.6312	8015.31131902293
145	2	4.534289213303551	7.428914	-399.0215	4960.806271536277
145	3	4.6381822653780045	7.9418163	788.4175	3223.6665151805378
145	4	5.035283252596494	8.146948	-1061.2875	942.452258265854
145	5	4.806524549268982	7.5798073	-650.9519	2495.014804634624
145	6	4.472861232733332	7.1137085	-21.0558	12359.981143639623
145	7	4.438487205609966	7.5246286	419.2519	5409.036901001398
145	8	4.680575351054041	8.06326	1280.7177	3040.528016857136
146	1	4.514279092450383	7.5391636	418.9822	1379.9011879948316
146	2	4.52800661097704	6.9191227	-1136.5115	-6297.944122738191
146	3	4.56375815558011	7.459824	932.1277	2809.7811818674854
146	4	4.587573939771371	7.3153563	-1305.1171	-3767.840699634445
146	5	4.506526355449729	7.2765965	-918.3911	-2357.631867094791
146	6	4.6689859042784185	7.544996	-2155.3646	-3065.017794620393
146	7	5.46032035840571	7.660573	-2261.4926	-2024.9897569037698
146	8	4.429658415036069	7.511712	-906.8465	-1117.700030073247
147	1	4.251695184881209	7.4274006	585.7271	2976.9541447897577
147	2	4.494579427688785	6.994312	-757.9517	3371.876675786843
147	3	4.507809667985252	7.05465	262.0714	8122.424423607856
147	4	4.601256078356534	7.2473307	-810.683	965.2777498344553
147	5	4.522309661687037	7.010555	-844.4419	3354.8178274106804
147	6	4.717961487778808	7.1224613	-1567.4864	-1636.2609904578517
147	7	4.419326262877605	6.967792	-702.3777	3841.1009745927317
147	8	4.623432001457567	7.313056	-810.9612	634.4587870966559
148	1	4.641641765468873	7.08101	-2187.7647	-8917.704752627817
148	2	4.637539426435729	7.020969	-1544.555	-5912.704071782876
148	3	4.590489299201011	6.892049	-347.3973	3746.8701186548305
148	4	4.722346181705141	7.0951447	-1177.3848	-1677.8427576589013
148	5	4.753843890016786	7.183134	-1514.0994	-2395.6340658595363
148	6	5.076056250261792	7.3468328	-2473.8427	-2643.3086083158987
148	7	4.834943862051659	7.1716447	-2576.2809	-4625.4416935583
148	8	4.9150424461238265	7.3114758	-2831.4122	-3903.043740998349
149	1	4.906195900673109	7.244564	-1493.6454	-2763.4925313160056
149	2	4.554835460508915	6.988708	-92.7576	2269.8577505337826
149	3	4.925469296649355	7.356456	-773.8935	-846.4257394796356
149	4	4.552100263166382	7.067576	-1349.6047	-6530.966502683987
149	5	4.571047072742123	6.960292	-121.403	3433.29134255431
149	6	4.403133480070347	7.128838	-1013.3096	-2052.5083913801245
149	7	4.293761527424034	7.044432	-510.9891	-511.23625738703885
149	8	4.502084275772648	6.812726	-860.2408	-5983.8130559258425
150	1	9.200147734783057	12.491488	-1529.5507	-244.62959706328752
150	2	9.650596986871737	12.926808	-2612.8311	-889.5709026750251
150	3	9.839757476506874	13.013748	-1973.4497	-611.5791898377524
150	4	10.108819082620556	13.248704	-2336.2984	-1028.5029424598433
150	5	9.139703030409196	12.530124	-2419.8873	-591.2533395284626
150	6	9.836219653378748	13.0109005	-963.2951	-32.91090630631596
150	7	10.282737366661959	13.417899	-2775.0807	-1614.4961676948697
150	8	10.498134899307548	13.579433	-2077.0717	-1324.7202055801642
151	1	9.678037072629863	12.857922	-2347.6406	503.71462413727306
151	2	9.137173376835403	12.407693	-1546.0367	786.4176322113698
151	3	9.087028013854551	12.281937	-1649.5743	674.6763821008952
151	4	9.696753052151191	12.963556	-2689.4568	121.87850468104878
151	5	9.367153356865131	12.677731	-3053.7232	-244.44075640761034
151	6	9.904526535831655	13.129467	-2300.5169	1078.8162204871485
151	7	9.702020983424523	12.905703	-3080.1321	-379.2138978093471
151	8	10.010761538999732	13.202774	-2750.6306	74.15954665827799
152	1	8.986333462946881	12.331271	-3214.0783	-151.44390088023587
152	2	10.378673700325086	13.489139	-3116.3655	-38.15995104906588
152	3	8.926154635700293	12.243317	-2481.3949	619.3523862114923
152	4	10.28743140755541	13.425495	-1846.5699	1481.94259810657
152	5	9.715063735045478	12.97139	-3538.1341	-3563.126184688291
152	6	10.038087645732883	13.196249	-1764.8687	2697.1117925316266
152	7	8.462770939239853	11.766095	-364.8261	1602.5727108510325
152	8	9.707198002367036	12.931255	-2486.5557	24659.67678957992
153	1	7.768603223935945	11.5823965	-1395.6799	1201.4528629319666
153	2	5.726449598840937	9.315904	1345.253	986.4241568388644
153	3	7.837024425296043	11.082433	-300.2099	1597.2155289866316
153	4	7.078482541330287	9.82056	-381.4824	866.7466214219284
153	5	5.564365500727563	9.862529	-66.382	746.1380886597389
153	6	6.774388117932904	9.68815	446.3716	1019.1788314076045
153	7	7.162593054890187	10.9541445	-1709.8653	597.3445937371011
153	8	8.371298634596856	11.634288	-869.6713	2491.7507878944452
154	1	9.155992673177254	12.494105	-2255.2022	-197.12837499692733
154	2	6.0476394667510665	10.22645	-237.8639	1125.6981998479037
154	3	7.2338568644833465	10.998579	-1544.3217	831.4177264130534
154	4	4.253709303497885	8.948016	-1732.8858	-6.804036587379123
154	5	5.303430264420226	9.812568	-1835.877	-59.98476454052986
154	6	6.948470139265384	9.9228735	193.3708	2174.446634043753
154	7	7.256978581424328	11.230191	-2198.9159	-1714.898507864177
154	8	7.307315587461595	10.659396	-468.0896	3556.376032941736
155	1	5.7803822918233445	9.803661	1592.0075	5913.762822742931
155	2	6.253528973762875	9.39931	659.4361	2345.7694305119776
155	3	5.560947344671671	9.328611	-623.015	2095.708571487514
155	4	4.610989438030071	9.096621	-1885.6466	-52.20674710713701
155	5	4.136668866392051	8.106054	-394.0202	682.7644680707085
155	6	4.119907185618559	9.022562	-387.923	1098.9250053930095
155	7	7.087383978094128	10.78015	13.0338	890.1716497433191
155	8	7.0863020019331735	10.180946	-1103.349	389.67236353990285
156	1	4.129466450572647	8.762111	-1918.3359	-53.214130447399434
156	2	4.660153083578898	9.329053	-1511.9043	1794.839480263368
156	3	4.301387568817663	8.959341	-2066.621	-537.1905447680246
156	4	4.257116935103623	8.899616	-2165.8762	-684.254859109659
156	5	4.17339717347533	8.685031	-3039.187	-1788.371108895778
156	6	4.4545573247448065	8.926599	-2961.4589	-4685.614973286237
156	7	4.738376815022503	8.919931	-494.386	6363.630969017514
156	8	3.9870203870739	8.296934	1695.8879	3292.965578717935
157	1	3.991016458611459	8.8724375	78.4449	6311.5826699910995
157	2	3.937706515042876	8.58941	1084.1239	7889.20862832937
157	3	4.383304370804547	8.748256	37.6504	18505.90679323105
157	4	4.088109798829312	8.349761	-1278.6652	2454.1457341167925
157	5	4.202774512464009	8.823226	-1842.5028	4831.400003142153
157	6	3.9937943673912737	8.0375185	-39.5153	2768.314672459656
157	7	4.790119324493122	8.974887	-1202.0186	4540.9225096311175
157	8	4.276540696039775	8.912844	-1627.9226	10138.805956228012
158	1	6.031073834813206	9.4200535	-810.6066	226.7000589735581
158	2	4.863587615017109	9.02651	-47.0957	1098.5768601179857
158	3	4.082034056824544	8.705097	-1920.6022	-2058.6688987637726
158	4	4.628861800676208	7.3286667	-1441.9818	-132.6253808629133
158	5	5.6441733348171805	8.853946	299.7177	931.82587097998
158	6	9.944550261693824	13.151964	-2756.0805	-191.7371157032558
158	7	5.910920291301411	9.534267	-653.3704	277.6098163405851
158	8	4.708915135435436	9.0664425	-252.9327	1086.8156993411421
159	1	4.55741667894424	6.987589	-1478.3404	-114.17040145314587
159	2	4.649596278136797	7.2836013	133.1926	45587.5746701449
159	3	4.441509899413343	7.3355937	-916.8664	3341.811101671148
159	4	4.373856587061215	7.0558467	-1624.4811	-558.0246825031435
159	5	3.4523239026496473	7.5158267	-1517.1791	-66.94873803650164
159	6	4.808513911203945	7.202081	-2262.9348	-3850.2223444403057
159	7	4.678847542591214	7.126183	-2595.5279	-5766.714926759573
159	8	4.751230561432946	8.021489	207.4491	2086.968679608857
160	1	4.654365083091801	7.7268877	-1460.1458	1543.1798462481504
160	2	4.582488859931372	7.5712767	-563.9499	3703.161886033468
160	3	4.5902075751579385	6.910436	-1640.9476	5255.77516506777
160	4	4.887208111474594	7.636898	270.3786	5011.179993796746
160	5	4.611257781898216	7.065128	-1353.7061	12378.63868483248
160	6	4.756840586260317	7.122302	-1904.2342	9100.934377550519
160	7	4.557874770141867	7.1370883	-170.8618	19924.99916864804
160	8	4.625427842020627	7.0008044	-1135.1346	11760.268151301378
161	1	3.8981892603158927	7.533705	-896.4442	777.996155850499
161	2	4.478010915765281	7.156251	-831.0075	3267.9452254222006
161	3	4.5108863131645744	7.0888834	1520.7555	15047.540431951362
161	4	4.988034307294873	7.35472	-1644.4604	-6.957775274169406
161	5	4.6322598987180506	7.5584807	690.187	3642.399146386651
161	6	4.478358168456452	7.131456	-801.0062	3409.082187439233
161	7	4.6967273529154685	7.159125	-1935.1971	-1473.1117978281147
161	8	4.043774032705629	8.566722	-1241.8528	227.11136547402862
162	1	4.504377499718049	7.43429	956.3216	7571.442437066034
162	2	5.13058173847175	7.378456	-1441.0075	964.6729693622553
162	3	4.699115933510513	7.1764245	-228.2789	83010.86667605361
162	4	4.040897609463042	7.29896	-554.5863	2231.3248961398644
162	5	3.884130878280645	7.1063166	315.8443	3297.8704021400345
162	6	4.502083525274269	7.225284	-1577.0281	2073.9360730873836
162	7	4.614695366002106	6.9912214	-579.2607	8226.283861309445
162	8	4.597553493503425	7.0316844	-1472.1023	3631.8535779321423
163	1	4.483617534387197	6.8724055	-405.8801	6789.034900953928
163	2	4.8343240388431	7.484189	-898.7061	1295.2676398812043
163	3	4.724101245013581	7.2525716	-518.5205	4384.109448927571
163	4	4.18134124245235	7.4955277	796.5975	3599.3670329722436
163	5	4.012614388149591	7.2031326	175.1377	2780.7320569234903
163	6	4.5487877276415185	6.917908	423.0762	15795.47429735119
163	7	4.561969705426885	7.1428933	-1202.8683	2209.455445906577
163	8	4.896578817017661	7.311028	-552.9509	2279.637092196819
164	1	4.139380044220752	7.3196335	605.8154	1795.9101462348938
164	2	4.613015165542941	6.985851	-1256.3701	-4816.78513451823
164	3	4.741588344023667	7.1329255	-1723.9239	-4060.572439165561
164	4	4.5719466514753755	6.8844614	576.9856	11388.299856589127
164	5	4.4371801548639525	7.018713	96.9551	3522.896505476508
164	6	4.34486695559552	7.393368	-728.2203	-598.4252010286256
164	7	4.720949218540594	7.2330904	-1138.6523	-2048.0927220797853
164	8	3.9869586632182177	7.5698314	-223.4952	207.5088317937345
165	1	4.966848547276851	8.889548	-465.9127	411.64120224521054
165	2	4.1205882583782305	7.276666	225.7411	2734.9058701617637
165	3	6.330700713676529	9.086138	-2358.8818	-396.4711850289104
165	4	4.511842056393635	6.841409	-526.9237	3311.4395658034928
165	5	4.433702711864885	7.041253	-1844.5071	-3203.548267083508
165	6	4.749296533426503	7.1612754	-1771.9706	-2605.5500435560084
165	7	4.427652544019262	7.1159954	-1506.6043	-1101.7149607404938
165	8	4.479202693433229	7.50121	-931.6435	535.9250316326288
166	1	4.455799172184648	7.074748	-2641.0616	-6887.045548629223
166	2	4.706478414500513	7.1802073	-967.8743	-1146.9746588694563
166	3	3.962533745401725	7.6353536	-898.1838	-360.44804956516276
166	4	4.504257158313198	6.9913836	-144.4691	1931.8606713880129
166	5	4.301294201774497	7.0282187	302.0936	2704.961196276248
166	6	4.067610652502425	7.424856	-461.0759	86.51936219880402
166	7	4.543544902653712	7.105696	19.9781	1604.5474460194575
166	8	4.408944782897409	7.1065526	-2057.9086	-4594.168226043537
167	1	4.788266942556189	7.8283577	-1044.3023	-945.8267552820706
167	2	4.845756903804936	7.3437366	-540.3721	-977.8447139467131
167	3	3.9518981081958793	7.607078	-194.3363	-60.291533634908205
167	4	4.798238124931455	7.793197	-1062.9263	-1060.3193548692072
167	5	4.674810857603541	7.351773	-279.5794	-412.36601174867775
167	6	5.182959844259661	8.380896	1909.6564	1237.1022421906819
167	7	4.260996985588146	7.4841657	749.4659	1586.005373475194
167	8	4.462639259804082	7.302183	-390.6921	-680.9372181834367
168	1	4.444936098498378	6.886636	-2165.3604	-3030.4758764855696
168	2	6.062614423961317	8.50538	-101.849	274.4423794594639
168	3	4.534262622968466	6.964687	-1674.0897	-2512.0994351391055
168	4	4.737005198027205	7.063033	-1165.8962	-2123.9831219759944
168	5	4.185889149754735	7.400299	-538.5568	3.0128241802223528
168	6	4.769508705103519	7.200694	-780.2145	-1714.6785128128408
168	7	4.709808278215479	7.1268773	-715.8221	-652.2039850089931
168	8	4.560368538008833	6.834076	-196.0835	648.2459974073355
169	1	4.541965239782166	7.7575946	1517.2343	4168.994734856504
169	2	4.608950924100141	7.2972736	-186.0763	4018.762490327607
169	3	4.041886178990997	7.5601015	-338.1597	2176.43950934143
169	4	4.687127410396219	7.4366603	-127.1282	3654.744147924998
169	5	4.495413821828584	7.1596937	-1659.7038	1518.5004758889254
169	6	4.399051766888705	7.2967997	-150.2245	4603.857304679063
169	7	4.621672414566407	7.467244	-207.1096	3026.8742591905443
169	8	4.522441365452068	6.85666	-215.3864	25273.471054756516
170	1	4.6032981568703	7.0552936	-222.2606	-33.45909809465423
170	2	4.551396291083529	6.8347917	-1179.3132	-33392.071695658466
170	3	4.279457338843538	7.384133	-29.5983	326.4604600777663
170	4	4.64825572025863	7.426391	-861.0858	-929.1797931255923
170	5	4.195180970805796	7.3501706	52.5767	440.1634088951198
170	6	4.302342348700079	7.352222	-132.2784	139.00205106295167
170	7	4.448925115525112	7.7667356	2836.6841	3123.4770362548657
170	8	5.0778040125516215	7.329635	-1040.3625	-1188.9224586601492
171	1	4.491842367849248	7.0663714	-503.4737	3262.0331363914033
171	2	4.627315883259106	6.9729037	-663.6119	3603.4624167477846
171	3	4.576374709526156	7.0559907	-259.0352	4617.536898683673
171	4	4.573212165248405	6.9886565	-666.9314	4367.177609021265
171	5	4.5679057850148945	6.969513	-1679.5156	-3990.7066077868253
171	6	4.8121533335160045	7.417942	-560.5968	1064.7962705750474
171	7	4.67042289654203	7.0363235	-1139.4019	194.9673385411881
171	8	4.234313214040291	7.260305	-1504.2526	-578.976210521446
172	1	4.533636868944474	7.366178	737.4733	5827.009683301835
172	2	5.023883652050684	7.448376	-2148.8172	-770.6769692465547
172	3	4.554878952000226	7.07351	-1239.3989	3713.8097702793884
172	4	4.52335613591818	6.8506503	-376.0046	13693.392556223576
172	5	4.436469052768495	7.485801	-195.4849	2828.6117697714385
172	6	4.46713806922215	6.9910517	-396.7781	11002.98819616754
172	7	4.732476061126658	7.4853187	1346.29	4757.967863850846
172	8	4.5273929210803034	6.9195023	-215.9346	20231.482252374277
173	1	4.758333019565987	7.415994	-1311.5999	-1649.626127118319
173	2	4.482681627211505	7.271621	-475.7204	-229.57137950370492
173	3	4.396000393660254	7.1285677	-1601.207	-4280.985172742874
173	4	4.598527834799499	7.3661327	-411.142	-61.19006318937509
173	5	4.608194756409987	7.1926084	-734.4236	-1205.8721503729669
173	6	4.3050305140574165	7.4779167	-205.8048	260.9333259270441
173	7	4.87565228486622	7.1213117	-1050.2901	-1669.022236620797
173	8	4.919750692327957	7.499716	-1596.4515	-1678.2268909036006
174	1	4.500314358671647	7.1156263	-376.3686	13731.372197309427
174	2	3.663388589722917	7.7571764	-472.5599	1188.1848949102703
174	3	4.575752577330764	7.9613414	394.4502	2594.606955596238
174	4	4.6238629880200985	7.7415185	-1267.787	507.47282498605915
174	5	5.01289184677839	7.85888	1102.6032	2787.5993487411447
174	6	4.282656991206048	7.279093	-656.1518	4350.01476826159
174	7	4.748092561863293	7.8879495	460.398	2634.6079764190063
174	8	4.493823845923698	7.312193	-419.3394	5153.92254858122
175	1	4.715314202304688	7.348261	-782.2942	-1287.596323037732
175	2	4.75932468397405	7.1823316	-993.5175	-3361.6442273845337
175	3	5.195218264589697	7.619606	-1348.3148	-1341.527972129364
175	4	4.5862579007438535	7.600443	-401.3002	-44.2760395207355
175	5	4.815566762580375	7.13953	-2228.6938	-7360.5714202705685
175	6	5.345194037779078	7.624608	-1775.1854	-1664.8382460545088
175	7	4.590339392727305	7.547601	-195.4019	427.61157782232044
175	8	4.787406190830918	7.38658	683.5789	3383.4578837281615
176	1	3.96444523851601	7.358209	-554.9106	1909.845049356691
176	2	4.648892497256769	7.072316	-3077.7778	-5070.564471827567
176	3	4.750990668052171	7.057819	-2425.0696	-2261.403730342064
176	4	4.980221930706408	7.343034	-1904.9528	1450.0897280251029
176	5	4.610214974667636	7.511528	-2451.2361	-490.40134799067937
176	6	4.361854572360599	7.095668	-1311.0564	2283.90474572349
176	7	4.022659858053777	7.7845163	211.4202	2483.2681002218424
176	8	4.5806383440947736	7.037734	-997.2884	6185.3074784270775
177	1	4.621496557246216	7.090534	-1058.9822	39162.72228480425
177	2	4.728251355150996	7.8333926	90.1009	3486.189770681411
177	3	4.417756824039567	7.062703	-1757.4904	6349.266804115633
177	4	4.683807451356	7.8387403	711.2275	4376.6593011399145
177	6	4.255832054391693	7.7798934	609.9051	4418.567265502162
177	7	4.4911556074163	7.1376204	-1365.3582	8591.288164480326
177	8	5.0906280145526095	7.420632	-1437.03	3107.4699273755755
178	1	4.039149074309474	7.434038	352.7729	3906.997337838994
178	2	4.7047909869464695	7.1280804	-2067.2862	-1345.7065745052753
178	3	4.617921195802533	7.022015	-91.7978	8942.157647861288
178	4	4.956633187391333	7.9153595	1409.6669	3656.7512906719285
178	5	4.068443975729955	7.2492213	552.0674	6406.410222731899
178	6	4.600303105813566	7.489803	-434.0461	2597.9246089391163
178	7	4.3877873177981686	6.968278	-568.468	11714.910089032623
178	8	4.971877902119197	7.2671967	-1151.4475	1176.4617383303012
179	1	4.41603156092418	7.152068	-1146.487	3861.349973890781
179	2	4.491385230183985	7.0618353	-997.7858	5062.265100361835
179	3	4.593627104777454	6.894568	-768.741	6196.613169873762
179	4	4.817528650608394	7.1691737	-979.3818	8689.573417157924
179	5	4.996802348389237	7.475912	-1256.1398	2050.621834383944
179	6	4.5205192407362285	7.2564554	-1029.2692	4487.5438203335625
179	7	5.341486403629125	7.7723455	-1712.5219	406.5140510982784
179	8	4.808584316590721	7.29561	-1531.5746	2885.6631023488
180	1	5.2272299839857705	7.5055857	-345.1833	747.9187548222268
180	2	4.465252631398491	7.0167303	32.1916	18241.349314884857
180	3	4.5343862031607935	6.8960824	125.3874	6223.688586420846
180	4	4.482059495681088	6.9656987	-73.8717	9276.077672251955
180	5	4.672489172035837	7.0310674	-2229.2989	-6537.698563569764
180	6	3.986843333075413	7.544813	-1251.9417	-366.92636809660456
180	7	4.837724461521564	7.1250253	316.8567	3885.671276798901
180	8	4.421651133778743	7.301628	562.8112	5655.6816920483025
181	1	4.5641455384955565	6.99016	-1054.3435	12289.360332569311
181	2	5.044537388196878	7.278808	-1730.6928	1110.4612145052017
181	3	4.8953927080737465	7.4297132	-1268.4358	2346.2808892624967
181	4	4.397663573568555	7.100475	-420.3947	7389.913878574604
181	5	4.173466869668399	7.5073075	735.6574	4337.254435175029
181	6	4.696131482699897	7.3620896	-1075.3618	3840.296133051647
181	7	4.555245640501429	6.905859	-114.7934	14690.666778125089
181	8	4.080993568229667	7.399032	-1108.7152	1591.335944773505
182	1	4.0065757723552045	7.6172523	91.022	1405.8418740598731
182	2	4.232245967475724	7.210136	100.8779	2976.4574931529523
182	3	4.382260971571159	6.7088428	2875.1865	14071.266134281435
182	4	5.254245705799404	7.5428476	-1754.8403	-865.5280880007266
182	5	4.6082611661324	7.0182805	-202.2285	33216.88204472573
182	6	4.097407326061232	7.49124	-826.367	352.8571769607829
182	7	4.585068467581471	6.935014	-1672.0326	-6512.0097725905125
182	8	5.319573411695824	7.685005	-1042.2106	13.3292467757187
183	1	4.5320571579278734	6.854135	-440.848	25141.875974100098
183	2	4.538769285897089	7.224464	547.6082	6848.652581370748
183	3	4.569298701498793	7.3930635	409.9008	3967.729609154048
183	4	4.493609665928813	7.2795873	-94.7019	4226.027580645089
183	5	4.479587546252228	7.325917	-242.3032	3051.668377375212
183	6	4.495404665439344	6.8310966	187.4171	18311.376179977568
183	7	4.492298877486943	7.171521	-399.2859	3637.5723618621096
183	8	4.474678650151213	7.2048316	-839.1827	2625.410895769652
184	1	4.672681453458074	7.08198	-1765.5878	-6928.946024865485
184	2	4.594377776930667	6.886552	-658.7588	-7439.398458834697
184	3	4.5547832713211225	6.90618	-171.9449	-3510.4978283225873
184	4	4.510385050850958	7.5408826	-2481.8615	-3278.853169331997
184	5	4.337647381813552	7.0195913	-1494.1307	-7287.264626353535
184	6	4.2420541641122815	7.3324456	212.1706	43.914535040723905
184	7	4.628748880284489	7.267472	-1848.56	-3927.959003644578
184	8	4.989272069170854	7.4698668	-2575.2518	-3789.281944521846
185	1	4.699634315232382	7.275538	377.4401	3172.560465758277
185	2	4.696342510945886	7.040873	-1080.7697	-2773.9123256637645
185	3	4.5008701628175825	7.194146	-1533.762	-2523.4942221190895
185	4	4.011132407139614	7.124991	155.1374	1418.1059319417013
185	5	4.570185890478765	7.657891	-324.5117	399.480567397246
185	6	4.513492306530439	7.1747155	-1217.8346	-1787.5764904349724
185	7	4.531732702242152	7.00943	675.9238	10917.332231020138
185	8	4.93882503498768	7.500915	-1240.556	-905.8512912621693
186	1	4.526167483961648	7.1487613	-1245.6703	-861.1504622645554
186	2	4.641470333577279	7.021127	-1724.9465	-15881.219583850812
186	3	5.119105118790375	7.5308256	-2521.2306	-2329.371279847702
186	4	5.104622535234674	8.145293	-307.6432	586.1551805511718
186	5	4.707694203604588	7.1318064	-2516.3055	-17020.19074979479
186	7	4.568045155275142	6.968251	-244.9249	5881.356182359969
186	8	4.330781245834417	7.601033	-4.0383	1682.6345442598708
187	1	4.585052184697336	7.2395563	942.7587	8666.20169526317
187	2	3.9693905105100327	7.4861817	-1146.817	697.4395117596852
187	3	4.593682498500774	6.871027	-1079.0882	4413.4952892637475
187	4	4.618295685238716	7.078435	-2211.255	-8054.004474979424
187	5	4.558927422095681	6.974146	-508.1823	16711.649892639827
187	6	4.452233246231633	7.1013737	-603.4748	5409.4522849569075
187	7	4.116127113791176	7.360389	60.7996	2866.061877593261
187	8	4.550132275839832	6.958896	-1351.9978	3107.4731909684633
188	1	4.477031509381036	6.812645	-448.2386	7375.16916588347
188	2	4.550317023507308	7.1848598	494.3535	6146.926088435422
188	3	4.757257036208588	7.1421895	-1412.4155	-211.33151813384308
188	4	4.451864256947137	7.3862247	-97.3542	2354.4661418105607
188	5	4.116581441436339	7.348161	-256.4699	1770.9086424233371
188	6	4.039696845891008	7.445826	-880.5117	637.7310406556348
188	7	4.132331806263312	7.054192	-646.6818	1738.6956832528783
188	8	4.632335861040918	7.338813	-1348.1398	9.746852839209375
189	1	4.5186514242148155	6.9297748	-909.8159	-5930.533832441495
189	2	4.509892852543631	7.1780443	-466.5675	-61.00059009868223
189	3	4.732215968696742	7.3187537	-795.1186	-595.0934279692221
189	4	4.4478956245933725	6.9945097	690.1152	5930.930225127903
189	5	4.644687380014279	7.4151945	-1092.677	-980.9876630328647
189	6	4.698929909437217	7.034698	-1365.6839	-3576.5260467884254
189	7	5.506442145636111	8.210028	3143.6375	2088.2025217933333
189	8	4.37999251712392	6.979079	-658.9693	-1084.6170000261977
190	1	4.902735189283479	7.2311764	-1568.6655	-1367.158595310019
190	2	4.666987624394549	7.2380867	-1889.1998	-2958.7118461229247
190	3	3.726049276371182	7.2535405	-772.3233	163.32432500168323
190	4	5.509151243751842	8.874651	876.0588	790.9851228078085
190	5	5.147931482584934	7.3633366	-228.2058	931.1265410646425
190	6	4.288158780255894	6.964775	-662.5132	1098.1898564678995
190	7	4.854499793489786	7.425454	127.2163	1764.4640424178606
190	8	4.406926078776679	7.1726656	-527.2374	1089.6672679039884
191	1	4.37566842422934	7.1731725	-81.2076	3481.345613167097
191	2	4.580620174231934	7.5246253	224.0427	1351.24184269322
191	3	4.306814781677284	7.360101	890.1681	4667.503312683549
191	4	4.281087305312502	6.9461393	1320.6213	49603.01512429855
191	5	4.59742009070913	6.965772	-1860.8069	-3789.4992129017314
191	6	4.594866119041725	7.0441647	-1562.8049	-3127.2965449871276
191	7	4.008965182334609	7.434297	-477.0969	330.1180804936432
191	8	4.885560766729185	7.25325	603.2207	2206.796991799579
192	1	4.072398450782367	7.5419555	-1265.8942	-3754.1424946789143
192	2	4.659463468220989	7.488379	-1511.7544	-3858.517072387567
192	3	3.880041790687837	7.3127522	-1401.9588	-5128.250180514091
192	4	4.077978772390333	7.3930902	-718.268	-4099.313932125981
192	5	4.4352581444048145	7.00872	783.7325	-4322.319459774621
192	6	4.813726842716596	7.2437096	-1699.0371	-5579.219924900705
192	7	4.7998078217991464	7.1196775	-414.2803	-3569.166945644261
192	8	4.611816016524056	6.886648	105.2621	-4372.200200269747
193	1	4.59591738207938	7.5150986	-652.8317	-1019.6341211300479
193	2	4.482863391880605	7.027542	463.7696	1937.0527953560504
193	3	4.825116236734656	7.1387744	-366.4205	-1447.0653533442646
193	4	4.587756845672529	6.9129486	-636.5419	-10760.369733550344
193	5	4.657221021295158	7.273319	-1720.7426	-3840.768982214487
193	6	4.904887030497265	7.573617	610.8032	699.9353000185398
193	7	4.660351329832064	7.1574793	-456.9088	-1739.9850923389547
193	8	4.396930629859087	7.2550154	-892.2588	-2124.159871239693
194	1	4.759474697739318	7.184947	-274.1048	1366.4889404216624
194	2	4.5445238718448415	6.9912686	-126.5117	6095.308533324718
194	3	4.786466531026749	7.118696	-1291.9227	-3636.5574314099517
194	4	4.9229063716229495	7.3226724	-1923.341	-2792.201346039878
194	5	4.507753652411371	6.930855	-452.5986	2283.472342563494
194	6	4.308983986349141	7.355601	-347.9857	555.9426621117285
194	7	4.531541623451168	6.9750085	126.6659	11226.557962389334
194	8	4.889910447845929	7.2951317	-2221.3972	-3773.8795290921066
195	1	4.646659678435137	7.4792895	-254.8862	2074.318904338537
195	2	4.673192096571506	7.0376716	-2323.6885	-9925.501622343636
195	3	4.534885612094226	7.338088	737.0178	5420.946699107094
195	4	4.738984555525338	7.2365365	-1702.5026	-3029.8781135397676
195	5	4.870031827322108	7.1585765	-186.1646	11426.114898629154
195	6	4.959199926412572	7.2385263	-2804.6515	-5804.313419013512
195	7	4.556212647887001	7.0310087	-111.2697	5632.177539602444
195	8	5.480957516507963	8.056663	1098.0485	2147.7675524179454
196	1	5.098198642700318	7.5560236	-1927.4488	581.9117371268295
196	2	4.964498439465708	7.502446	-1885.6075	816.2630735989017
196	3	4.569059655926978	7.014453	-1682.8594	7135.898350929903
196	4	1.930873675171118	7.3357177	-526.5011	715.5229419870758
196	5	4.698850094810984	7.0550942	-946.3777	31310.20112110292
196	6	4.562138213776051	7.5452905	-953.8166	2315.603982311891
196	7	4.532530529681505	6.890796	-467.0422	14093.151129410802
196	8	4.078518694686794	7.745513	602.582	3185.2626758543593
197	1	4.027170767416652	7.4888697	-128.5422	2299.744408474056
197	2	4.57711168368318	7.0448303	-1473.5238	13024.086259603293
197	3	4.870456043496636	7.31475	-1496.0079	493.1785421005026
197	4	4.908519990992412	7.4520817	-560.8516	2140.357265617847
197	5	4.414391062475817	6.887825	-1459.1691	1173.706702542472
197	6	4.936891548161742	7.989221	454.9719	1819.1201429584091
197	7	4.589246732826389	7.397547	-1779.9876	-203.7764912013162
197	8	4.775344761360165	7.2043	-2838.7958	-4083.984343329218
198	1	4.528275055249458	7.089256	-1427.9694	107.19542701394258
198	2	4.63090126433499	7.668152	673.47	2830.0197024248682
198	3	4.042194303128931	7.7335396	221.8282	1702.024630412473
198	4	4.662333692455697	7.165775	-1734.4816	-762.9378931243356
198	5	4.414162819634948	7.1008344	-774.3876	2684.1974968670024
198	6	4.5174036606506505	7.15468	-1101.7547	993.0929087554762
198	7	4.603833141226116	6.994732	-1269.4581	931.910946708215
198	8	4.843004002172894	7.9723287	1704.3955	2881.168783705667
199	1	4.393636590963316	7.06797	-573.8773	3648.4931837115296
199	2	4.835269447143074	7.2521005	-1275.6674	-18.494202275984943
199	3	4.3924846375483	6.9855995	-1070.0206	1038.5227552340789
199	4	4.4477049383859955	7.078794	1302.2037	15459.523024516626
199	5	4.853706492385051	7.377226	-1417.5324	-359.33139817652625
199	6	4.651116684761118	7.1903534	-1201.5905	367.320934728738
199	7	4.358531360700652	7.209798	230.3396	4562.986024774633
199	8	4.990694431506193	7.3345447	-2479.8627	-2726.2705657165625
200	1	9.681495480354217	12.926261	-2729.9943	-949.8346685810608
200	2	9.739991675203973	13.012839	-2646.1036	-974.2369125783674
200	3	9.8702732724654	13.101105	-2112.7063	-736.912607295998
200	4	10.377159329778815	13.473193	-2610.667	-1629.5251228508284
200	5	9.729195934849026	13.004835	-1975.8956	-599.7548193791711
200	6	9.619652154597427	12.850097	-1478.1128	-284.3025619778322
200	7	10.045251046294295	13.233298	-2627.2048	-1200.3024272353773
200	8	10.180583997016287	13.369547	-1836.5629	-742.319829643745
201	1	9.117344446067248	12.437564	-1995.1854	390.4110413070213
201	2	9.45049858008578	12.7373495	-2553.2911	49.9527172475175
201	3	9.327086824742942	12.627859	-1900.0546	531.5571498988248
201	4	9.71202057312649	12.908024	-1508.1447	1243.9856127543273
201	5	10.331519353962179	13.498922	-1951.7528	12366.547367915851
201	6	9.424572693094534	12.670048	-2636.0598	-20.332940003929608
201	7	8.546023128317662	12.248467	-1651.4729	423.9204956755938
201	8	8.766755565688886	12.206611	-1112.4702	723.5467270712942
202	1	8.576528968416339	11.860037	-776.5062	1581.8329027334084
202	2	8.704631574594684	12.011493	-1551.4802	1144.8025648756084
202	3	8.993786299873193	12.332719	-1310.1723	2464.5296997861965
202	4	8.28973784186185	11.57753	835.2111	2170.2924929622086
202	5	9.185242240944445	12.434684	-2675.9534	-116.98955646253083
202	6	8.273900585197858	11.534834	-1374.8757	770.310005807018
202	7	8.67473491158593	11.962679	-816.6577	1788.0512106327235
202	8	9.201988112753963	12.439472	-1202.8776	4221.355288794236
203	1	8.637044765029982	12.025687	-2166.4855	785.9994448224309
203	2	9.464646995807406	12.726601	-3143.1551	-1006.4856145880972
203	3	7.876699817745948	11.2040615	-1764.6794	490.79934456640524
203	4	8.627304351033702	11.918293	-1467.6009	1650.4719616813852
203	5	9.26655506234447	12.503375	-2069.0695	6237.600397820387
203	6	9.800394260710387	12.973564	-3195.7519	-637.2743083952621
203	7	9.362095394653343	12.62047	-2168.2347	2183.1255885057985
203	8	9.6807598312607	12.899328	-2350.5032	438.21604952264704
204	1	7.022723633559962	10.752366	-1317.9658	409.34154067169646
204	2	6.402957007627276	10.213025	992.0072	1544.6280800500874
204	3	7.132508472721239	10.336151	-1125.9807	586.7175217475386
204	4	5.896969462653487	9.483274	1899.5888	1333.5428741836952
204	5	8.096978113000729	10.677482	817.8115	4416.334952060156
204	6	7.65019379002232	10.302093	7.2084	1839.4560951263218
204	7	8.029286159519893	11.26754	-909.0712	3526.3272135419707
204	8	6.983392242266005	10.47103	-1648.2033	101.11024604599672
205	1	8.195737715209102	11.544346	1250.1573	1796.4312100438776
205	2	7.599256158767343	10.374812	-664.3647	1694.3723752714654
205	3	5.017215743406922	9.551029	-492.3141	527.6553430101735
205	4	5.655379034676432	10.002377	94.7528	1181.096319357134
205	5	7.099232807672606	10.73992	-1505.6391	763.5319791729069
205	6	6.5367080779299265	9.8317375	10724.8704	16947.07161673845
205	7	7.6466228730205605	10.458664	221.319	3171.169853817646
205	8	5.228288049283277	9.212912	1565.3867	1503.8732430954815
206	1	3.74784544853487	8.832399	-1428.0419	-671.5612808614912
206	2	6.9821410596104565	10.482888	-1474.6228	-446.5461708386274
206	3	6.534666923374742	10.081645	-1369.3134	-592.3799095082385
206	4	4.23657280792923	8.621445	1103.1347	1378.7993389588235
206	5	5.1913399940807	8.705163	-304.9631	200.57950187646293
206	6	4.3184596678660885	9.011382	-3195.7024	-3099.508528304475
206	7	2.8732770488543466	8.181403	-561.0409	-28.259549633202468
206	8	5.19302606022834	9.629159	-1042.5766	-1915.0672208018577
207	1	4.10709483306003	8.662235	-659.0787	5208.0575231598705
207	2	4.121843941195493	8.457831	1070.5838	6891.523914200559
207	3	4.8054147750042455	9.450473	-2920.7978	424.8853996099294
207	4	4.675999031066755	9.090313	-1255.9697	5925.7981399830105
207	5	4.259615299833167	8.923348	-2727.5487	3630.0016451329866
207	6	4.540377029506193	8.844744	-591.8462	10169.580894463183
207	7	3.526030431066118	8.378429	-1075.7739	2076.8031587396536
207	8	3.982328222250092	8.527399	-1186.9055	3103.333821519235
208	1	7.173798566305427	10.354393	-736.1368	81.35738520356594
208	2	3.3392051536915317	8.159273	-1296.2974	-864.3010013721141
208	3	4.130272208286031	8.602876	-903.6647	275.80767806875923
208	4	4.66134201233371	8.877167	-988.4766	71.71112721187765
208	5	4.553808046908706	9.0775	1825.191	2218.6495927367564
208	6	3.4941225372051887	8.393972	528.8243	151048.18772500387
208	7	3.7492214806845614	8.6243515	-137.8262	2424.8860219999306
208	8	4.386128518346771	7.8348083	250.787	1390.5396436534136
209	1	6.402188856698974	10.090999	-839.2578	133.53696087850153
209	2	4.069698446855329	8.561257	-2504.1052	-1622.8517436777659
209	3	5.617123051877069	9.349088	-226.8733	464.99541569206906
209	4	3.4065314239524014	8.177679	-1064.8238	4440.320235252235
209	5	3.6912852781106396	8.419209	-2616.5359	-3406.7148868946147
209	6	4.6916202111069625	8.943255	-868.9187	289.287804923195
209	7	6.252276692140188	9.469384	-318.7106	331.6930765857751
209	8	3.740862093147556	8.49393	-70.2354	2404.207860252989
210	1	3.5163414551715557	8.238006	-77.8854	7139.77605238688
210	2	6.706072317014618	9.553379	-1748.8687	-193.83688865819363
210	3	4.48475337403992	9.112067	-1469.7212	-298.25044056488497
210	4	5.190647481918596	9.214055	-422.0694	312.36887934368116
210	5	5.976759480649104	9.288726	-1394.0241	-119.5810717256078
210	6	4.722681944699579	8.836966	-2244.4798	-837.6753340942233
210	7	4.159947491367164	8.516091	-2009.0367	-1162.4656924250341
210	8	4.439388703334882	8.91483	808.2568	1418.6138405117788
211	1	3.3964032813025407	8.363856	85.0858	667.6147447368712
211	2	4.465041905797428	9.078169	-491.3547	-329.0359287009774
211	3	4.505910576157251	9.140799	426.1068	384.6358726178427
211	4	5.282772973596017	9.381117	154.8873	114.14945438113712
211	5	3.6526742255375115	8.53837	124.1802	565.446466854134
211	6	4.160639710663911	8.887652	-651.299	-671.1845777811079
211	7	4.727440660585504	9.348805	-2725.3145	-1678.0098699206378
211	8	3.0195875833220005	8.367747	-2029.0061	-4262.633316602647
212	1	2.96498227568438	8.20744	-6.2213	-397.8720796042696
212	2	4.9507193645156695	9.062714	94.0351	5.156021381844318
212	3	3.9891544039670928	8.246125	563.3935	767.8505730797979
212	4	4.154127116644811	8.620517	-1176.4534	-1671.9254167478127
212	5	4.499417820065396	9.063635	-570.5638	-491.17364291491094
212	6	4.8278594907232835	9.273555	-1135.6866	-724.6972896732472
212	7	4.53103832688074	9.222602	-2011.9911	-1339.8353441011925
212	8	4.449999571547832	8.699892	-457.2683	-508.2712213693008
213	1	3.9140990787442416	8.551412	-510.7081	-602.5655198587102
213	2	3.8375300691615197	8.504289	445.7676	628.3024072655454
213	3	4.925443172456749	8.973345	-723.6184	-400.5012966794176
213	4	5.743335230336212	9.3297415	-1475.9306	-560.8117174161117
213	5	3.6425623770537907	8.088002	-678.1598	-1237.080348272487
213	6	3.611044096295065	7.795371	595.8392	845.562818793116
213	7	4.18778790226102	8.630876	-1543.871	-1466.0855133524067
213	8	2.7036837597676016	8.007312	-660.0684	-1208.877650678829
214	1	6.151684546371108	9.949096	480.2222	356.5802074512616
214	2	6.125064819029828	9.528205	-1043.4121	-126.25748811445354
214	3	5.412543365620436	9.609428	-722.3481	-18.877630117924234
214	4	7.100779258080082	10.134482	317.1841	253.4545478529286
214	5	5.716160183642234	9.240949	466.7874	484.97964384986795
214	6	6.245519986747089	10.033709	254.4594	269.5286576531023
214	7	7.773922475838741	11.076749	-1338.7569	-128.09649396862017
214	8	5.3406882156346125	9.3971815	-1794.7729	-513.8527985818946
215	1	5.715270864458369	9.428031	-1054.2533	-11103.303267187952
215	2	5.981520419500036	9.377095	-214.1215	-2309.7953371333374
215	3	5.792637870575592	9.400817	-127.6954	-5742.5757265925395
215	4	6.520109289169839	9.56655	403.6023	-75.44973898299257
215	5	6.7382469315436895	9.670372	910.4085	399.02120319509515
215	6	6.035167366140167	9.755421	-122.5259	-903.5191725904725
215	7	5.5568877139801085	9.503126	-927.3597	-3565.6712731775433
215	8	4.006279699120594	8.539854	-1088.743	-843.8499016085972
216	1	4.20329057935232	8.584423	-535.4715	2147.3963821556017
216	2	5.73722264472278	9.979776	-1611.0872	-238.77216412567972
216	3	5.107727218346929	9.279953	-1639.723	-411.50303279179326
216	4	4.14426648924163	8.835959	-2476.0789	-3984.340280042398
216	5	4.192085546919148	9.004492	-913.327	344.0505418280587
216	6	4.781519307942572	9.397978	-117.2704	811.7078216347152
216	7	3.8273034561355055	8.710278	-616.8895	1635.1031925579798
216	8	4.27885761236102	8.683735	-680.0464	1247.525707691451
217	1	5.67595951705369	9.895833	137.6202	447.0135918535698
217	2	4.717606508709207	8.982167	565.2955	2414.377488442569
217	3	5.363277189852881	9.517295	-299.751	266.6386815034915
217	4	2.921538395897063	8.201013	-163.5988	374.76995227950965
217	5	4.207719650494536	8.722264	-1398.3525	-8962.707869345311
217	6	4.267032752836004	8.947652	-3901.3661	-15535.62178603692
217	7	5.0669333425401515	9.177035	202.4853	902.0679825296296
217	8	2.569661565515387	7.7420707	-1323.096	-339.9762736170321
218	1	4.468673801393619	9.018509	-241.7283	2407.116109460291
218	2	4.21984145058784	8.800538	-1173.646	3468.8496416684993
218	3	4.592258961126534	9.06962	-1863.1767	-883.381918625931
218	4	4.1697149281056065	8.684275	-1510.8119	-1073.2344186322862
218	5	4.1312228190708264	8.746799	-968.2085	6045.637107301964
218	6	4.442762953854288	9.101462	-1389.7661	17.604338831816595
218	7	4.31879936829437	8.743834	-1684.8621	-1418.3070052140754
218	8	4.284983878936457	8.952281	-1989.1059	-2305.5886177172024
219	1	5.147584432005286	9.02263	181.5811	1391.541611960423
219	2	4.2479377664364995	8.623327	-509.3132	12163.96777226397
219	3	6.570804447221834	9.921288	-1611.8253	-35.893993221362464
219	4	4.142661866316729	8.791487	-1567.936	-425.3696254486566
219	5	4.137114018306576	8.652087	-2047.741	-113018.92251546303
219	6	4.368787762736078	8.9448395	-1453.0566	125.79531967095278
219	7	4.241533596890514	8.755423	-1086.5262	3027.1391030346467
219	8	4.985323344343188	9.218959	-1543.2423	-32.015350862714385
220	1	4.007510796982639	8.559968	1605.8082	55733.408930133344
220	2	4.481548960375469	8.839412	-102.0158	4389.110479376819
220	3	4.28543503948833	8.635645	-69.9005	13279.047750388596
220	4	4.136525998808133	8.75008	-1434.6016	4175.888042319677
220	5	3.2411460271971886	8.502411	1415.9599	4782.785198801722
220	6	4.5196131111241	8.946153	-1067.1569	1816.232696276467
220	7	3.718130758600016	8.743894	-263.9159	4554.279146179387
220	8	4.302093428642747	8.757112	686.2361	9698.920666749664
221	1	5.871394711407601	9.83435	-720.3063	-769.3369115035347
221	2	4.128890165197709	7.57151	895.0458	-415.7826414632892
221	3	3.3877957203925826	8.398099	-513.1528	-11092.841203258473
221	4	5.6600339103677975	8.632981	37.9292	-611.430411243768
221	5	4.730168473815952	9.243884	-1873.8765	-2143.918140612165
221	6	6.510568938788788	9.599335	403.231	-315.4820863684604
221	7	6.23302367796984	9.426291	667.5935	-248.63799777821038
221	8	6.0838179363146505	9.491368	946.7966	-162.33644026541413
222	1	4.044357097666908	8.606845	-646.9534	-215.4421666595808
222	2	5.1494648880463325	9.364235	-658.2965	-75.65846514211569
222	3	2.9347779235332223	7.9165106	-1851.7088	-1995.4332216057649
222	4	5.017767794187545	8.86145	-692.3048	-115.2121102410377
222	5	3.3701453391650946	8.261552	4394.8834	73383.1199053425
222	6	2.8998851655402227	7.935656	-2352.7547	-2723.082801211963
222	7	4.123509441916264	8.571525	-794.297	-369.9874595764443
222	8	3.9319380748675203	8.697768	658.3975	1819.659604397743
223	1	3.102646756509244	8.090727	-1088.733	5102.524120729575
223	2	2.98951121246425	7.92171	-1792.3343	4700.201988274231
223	3	2.6009739763339397	7.4664197	623.6834	4515.793009106455
223	4	3.64487242832961	8.505588	2042.0645	3832.495460688966
223	5	3.473509334665326	8.317557	-2073.9895	382.2427165068261
223	6	3.368854328260315	8.25598	-194.7237	4478.725360268899
223	7	2.422488873961298	7.6742764	-1733.4452	1211.187256386828
223	8	5.09198581910622	9.026552	703.7519	1286.0994398818261
224	1	2.5749109834485155	7.7214026	-2051.0258	-1664.7850353025192
224	2	4.108651318079954	8.659782	-2218.0421	-244.63817507579188
224	3	1.6443749419637135	7.1196384	-1767.8329	-34.36475526802612
224	4	4.303811035960928	7.9088597	-526.9066	675.281139814277
224	5	3.580231676178535	8.21889	-635.5645	900.7823492932041
224	6	4.326792732495714	9.188828	-55.2396	709.9248658788548
224	7	2.5704176293601813	7.7420697	-1373.7205	2727.225005735761
224	8	3.4993133385563944	8.203305	2543.688	3998.416926551994
225	1	2.3065982968208756	7.620774	-2074.8173	-354.6193877770707
225	2	2.9443884199056876	8.072036	-1673.8532	54.34119372071429
225	3	3.19274152224355	8.083416	-1833.8142	-35.45179092678475
225	4	4.787451521333613	8.701477	-1204.4444	157.22105084136712
225	5	2.804194167849869	8.191346	-1187.9593	376.48945083485523
225	6	2.31003171310671	7.397763	4279.7987	7535.487344509114
225	7	3.9545018688966223	8.540622	-1911.4986	-52.52822137121586
225	8	2.665224006290462	8.073892	1529.6708	2466.1921009946855
226	1	4.797107854804529	8.344635	294.6619	-1576.0040414330147
226	2	4.4994067325866824	7.752408	994.0979	-1657.4085404247353
226	3	4.8961407688916845	8.423757	-957.6035	-1978.887930811521
226	4	4.544115370201292	7.222298	881.3291	-1672.4694532228139
226	5	4.450646909646061	7.775627	-596.3918	-2488.687535340386
226	6	2.549733587200755	7.7358027	-2548.209	-15068.246350301828
226	7	6.765337927500532	10.131678	-1351.9808	-1117.1233074307618
226	8	4.780345947741671	8.690553	156.7716	-1557.6805748853174
227	1	4.5655101296406	6.833984	-2062.6819	-7988.285321235885
227	2	4.729833099719726	8.025368	-1182.832	-2482.7354745221646
227	3	5.213519444300554	7.603543	-1513.5767	-3482.811813005854
227	4	4.844026003856631	7.1706657	-2010.7133	-9526.682019690541
227	5	4.6579349529024405	7.2300014	-894.6806	-20862.133104602923
227	6	5.189418866824186	8.253528	-1516.404	-1747.156598197151
227	7	4.405328272989694	7.823542	-331.0738	-1898.186929816573
227	8	4.432877591363658	6.966308	-312.3715	-3981.997367396872
228	1	4.524656820512985	7.0178614	-1003.5075	-403.96259201970145
228	2	4.321304289532731	7.2325706	617.0138	4887.191616614141
228	3	4.693722447091528	7.618061	-481.0289	843.1920189812453
228	4	4.502919084958856	6.9716306	-1071.7713	-690.9415302593882
228	5	4.5674469876433115	7.3896484	1308.0973	9325.215240812477
228	6	4.712116299109984	7.162964	-1666.6596	-9725.39601303815
228	7	4.631536731449469	7.0152593	-838.9534	245.91268398604407
228	8	4.412514666769455	7.057641	-1282.7134	-1438.834681305775
229	1	4.610527457289902	7.0862203	-660.0161	6436.906627739662
229	2	4.039187092183148	7.455237	366.2074	3002.482726460682
229	3	5.431681911745025	8.271494	1748.539	2284.6019451335337
229	4	4.523047666228781	7.171766	823.2716	15420.028705301453
229	5	4.647466802295098	7.068412	-1807.863	-2243.5860597182195
229	6	3.712285386777707	7.581328	-127.3298	1384.391692543974
229	7	4.771335225324853	7.351888	-1105.5962	3377.6325403712735
229	8	4.638601416414494	7.177076	-952.4322	6874.273278270617
230	1	4.646426795325435	6.9996934	-908.5018	9203.854724035313
230	2	4.816643459458552	7.6560793	460.4316	4022.2412102667863
230	3	4.596785687062571	7.12917	-519.7586	17490.298785346207
230	4	4.911385993240471	7.361115	-312.7878	5804.200554134272
230	5	4.501379443590056	6.8419113	-997.8464	2645.115356824116
230	6	4.518273854200733	6.9650316	214.8237	8135.425584107835
230	7	4.714150403967409	7.178911	-1307.0505	11460.600357557609
230	8	4.7571400737093015	7.254054	-1264.4152	3654.913605562092
231	1	4.672988603536384	7.0298476	-1087.8252	-453.1208351687424
231	2	4.522292824428314	7.0405364	-964.8163	150.11572902356895
231	3	4.537063019629023	7.458337	-530.7972	727.0769469562457
231	4	4.506301209309479	7.162435	-360.9833	2032.3286850796935
231	5	4.679404749316739	7.158263	-1099.9942	-307.8672583296328
231	6	4.589428204408953	7.4269385	-1602.3491	-907.7808212963272
231	7	4.496973065007642	7.0091357	-710.1093	1889.8426984473626
231	8	4.059155329637039	7.306204	-418.9381	907.2477296895136
232	1	5.028091344342203	7.344112	-961.2973	273.1823513110125
232	2	4.536717724164281	6.923295	74.6659	8560.992846407047
232	3	4.435772822519814	7.2515187	-634.9878	1517.7257327029865
232	4	4.474379992593974	6.8724875	-989.3725	446.45526818368853
232	5	4.604455765726941	7.1469646	-1094.6907	-52.75662522964785
232	6	4.799136598498559	7.191373	-1432.2657	-1557.402003186318
232	7	4.497113647910677	7.459603	-1302.669	-435.8475980520743
232	8	5.07221346856044	7.979205	294.7654	1335.5518686999606
233	1	4.5411551043368865	7.201448	-321.6478	2130.1737501356047
233	2	4.533214784449697	7.405448	-1575.2013	-1055.6983885039208
233	3	4.259550550337132	8.325309	87.7927	728.9434571474856
233	4	4.381102478527051	6.9623604	942.606	18239.12187190638
233	5	4.5569450621109215	6.996767	-312.8139	6048.883244632337
233	6	4.410590317080425	7.2494206	-1180.2576	-437.8741675521444
233	7	4.5509622743685245	7.3678174	226.7859	2182.972409768548
233	8	4.521384134821647	7.5895376	-1122.0548	-175.87544863066054
234	1	4.114084662410895	7.295462	1214.8778	2924.0207273300657
234	2	5.032855157179425	7.400775	-1544.5984	-2102.7738866635996
234	3	5.256843685828658	7.821706	-532.807	-205.209504079349
234	4	4.980456767805372	7.219761	-2973.6354	-5503.529830109141
234	5	4.650607751467978	7.8485956	1100.1315	1519.9990428819672
234	6	4.614371305288531	6.940454	-419.3068	-1413.7896257444418
234	7	5.4359799278565655	7.6309085	-1465.9948	-1170.3313149970195
234	8	4.501760080761655	7.5116096	1500.5558	2951.400152163937
235	1	4.2298486559789845	7.4289246	506.1469	1417.6133408499943
235	2	4.495826822233369	6.9068184	-662.5711	-3141.7724732569477
235	3	4.487524790674468	7.328433	-774.6796	-877.0589677384445
235	4	4.587994791895586	7.623044	45.4985	638.3836156496411
235	5	4.451053084438917	7.5850735	1015.0088	2193.149451840671
235	6	4.5814893553952745	7.3765283	-1019.079	-1110.8568528101978
235	7	4.317773457226593	7.205443	-607.796	-445.9171864806494
235	8	4.581829806139651	6.993972	-918.8975	-4839.459529699346
236	1	4.567942904815976	7.4033294	177.776	1449.9811623972
236	2	4.540862666306725	7.2135243	-450.8416	694.4209314668759
236	3	5.312671341337133	7.6416945	-1196.1151	-535.607716859762
236	4	4.17103078986833	7.5214643	173.5907	1156.6034186942854
236	5	4.549606488605909	7.8670573	1455.9166	2007.7688771356577
236	6	4.531832177795346	7.319114	-305.8356	739.0641154239156
236	7	4.746847514616538	7.2992306	-962.4343	-726.2815292785742
236	8	4.660324353697264	7.2064514	-1020.3492	-1177.8167530640196
237	1	4.596341436289697	7.2837744	-739.3393	3222.715627834434
237	2	4.487999931183478	6.8289084	-1382.9478	-1076.9364457639372
237	3	4.941166257892993	7.2485185	-2056.933	-3466.7794179508523
237	4	5.3738061726801405	7.6418114	-1467.3673	-582.4926882743326
237	5	4.489349853010194	7.2675915	-849.1626	1087.2618026733799
237	6	4.556184501185498	7.3712444	-1771.2358	-3019.345091406265
237	7	4.4797704771619316	7.0492706	-1254.6967	-1101.8361756372985
237	8	4.833312892962046	7.1822505	-1323.6697	-1739.6251821016203
238	1	4.572004721051498	7.0742226	-357.5837	4459.961818396905
238	2	4.367551186024218	7.168326	-1707.1892	-988.9416759102263
238	3	4.719081041560905	7.156626	-301.7865	10741.93421653504
238	4	4.679588515467472	6.9950123	-1010.3923	1575.9915976974087
238	5	4.655987745451928	7.861437	1303.5348	3488.044137615666
238	6	4.576497611276899	6.9158287	1.5494	4302.03069133472
238	7	5.109632256676707	7.5790095	-934.2868	802.4152088883459
238	8	4.726835364377231	7.9732285	642.2736	2241.4307829600966
239	1	4.695471342933273	7.009481	-2811.6487	-87466.4299606233
239	2	4.703140144449877	7.9246006	1200.3055	2253.4934906818303
239	3	4.279456739923008	7.5759897	83.9593	1470.885442698285
239	4	4.203142451664851	7.479553	1202.1496	3206.9251670570334
239	5	4.513832512811843	7.0106335	-1078.8742	-392.2586444284847
239	6	3.8561263243519193	7.892202	-1775.7626	-608.0810861123457
239	7	4.85911088587273	7.2121987	-1651.2668	-2607.44220963629
239	8	4.518728895915082	7.395927	1103.8346	4802.5913888421155
240	1	4.515763150819291	7.051139	-1824.4219	5120.049487283575
240	2	4.777954747217364	7.1206436	-1912.9761	7300.71222239675
240	3	4.508259929023496	7.0639853	-1383.464	6848.329211180528
240	4	4.5911550782277715	7.0494494	-939.9734	14914.145119885143
240	5	4.769817440332141	7.0968914	-624.739	23539.365790331303
240	6	4.680466114093695	7.070334	-1368.1051	27263.813138759604
240	7	4.880888772377367	7.3715205	-121.5635	6426.003747524723
240	8	4.1398993329440765	7.6116834	455.1348	3937.181149595063
241	1	3.895442007281541	7.495915	-353.9065	1908.084928146558
241	2	4.357381290722132	7.6046915	1057.1565	4538.380789919976
241	3	4.998443684903492	7.8655763	-133.8022	1684.646676571691
241	4	4.049421384655633	7.557686	-466.4618	1969.1412140020252
241	5	4.550215778726703	6.940108	-1063.0222	7531.504314819812
241	6	4.573195369051265	7.1584563	-883.8288	8426.075389550972
241	7	4.784248908998815	7.201306	-1467.5515	1125.329190828846
241	8	4.589689116121638	7.115842	-240.0761	7164.739952391891
242	1	4.447972331669335	7.184405	-499.098	1750.0868352259224
242	2	4.476887014182564	7.4229603	-441.3161	1185.608237790339
242	3	4.270912203366394	7.4171104	-1182.7008	-217.26470898637277
242	4	4.364939860696771	6.806012	-65.1461	6475.504604616868
242	5	4.484062020701947	7.3332663	-1559.4395	-1213.7452585839094
242	6	4.494080423376063	7.506157	-618.8588	689.3893604604872
242	7	4.369251631580361	7.4900966	-1954.8011	-1469.7919601387423
242	8	4.860449541219457	7.1897693	-478.3777	1545.714234227072
243	1	4.453051888888862	7.0414486	-1312.9294	-6284.272739399125
243	2	2.449950634653224	7.623584	329.5782	202.9653608602041
243	3	4.5629719816050445	7.563042	-1871.1903	-2080.621384242921
243	4	4.467296953336834	7.109589	-156.6392	-246.77859491825237
243	5	4.459516952133299	7.3375716	-482.1307	-739.0853635222857
243	6	4.2930273948367175	7.3708663	-1194.709	-1817.9077241864704
243	7	4.398115910231285	7.2873178	-1640.2705	-2923.259695386706
243	8	4.529336122808124	6.998482	-591.7642	-1920.5215121596136
244	1	4.795078754142945	7.3924503	-467.5765	1773.5337028951099
244	2	4.633649884285288	6.9730835	-564.8793	3750.3054218630487
244	3	4.507694770945355	7.931615	1399.6465	2793.8982080125893
244	4	4.505137195168484	7.3161926	-951.2634	1191.3959653440018
244	5	4.672745475588325	7.2829814	-754.4013	1360.1887483430028
244	6	4.218784694897948	7.600527	-112.0067	1762.0827489124997
244	7	4.669441399579801	7.09966	-25.5432	5801.40052034632
244	8	4.579357858872345	7.4250197	-966.1751	660.5777971527284
245	1	4.552349148405151	6.971842	771.2751	18801.014722524178
245	2	5.2170780309007485	7.4293284	-2768.6872	-3231.7222615570518
245	3	5.2376839643803095	7.5954742	-2165.1582	-1908.606483824071
245	4	4.557901597368919	7.150277	175.3597	4049.7183558227243
245	5	4.539471154632464	6.9490976	-586.734	-258.50610579620184
245	6	4.43912174410136	7.1622424	616.5115	4787.1302034790715
245	7	4.7773719888074115	7.1844077	-2168.5895	-6367.520028786182
245	8	4.7939685594929715	7.246234	-1927.0779	-5109.2841959048155
246	1	4.5951614795687625	6.969944	-911.9366	-8146.04181834141
246	2	4.676499423778912	7.4387493	712.3921	2472.422157432083
246	3	5.373791412342982	7.7753177	-2182.5564	-1408.244214682176
246	4	4.547622947687065	7.607352	184.4797	1212.806818777229
246	5	4.8016038714757565	8.228715	-444.9928	103.08731583038518
246	6	4.277279310039948	7.33537	-514.3994	152.78146072957537
246	7	4.748428921089594	7.1655817	-1586.1456	-3567.871165989361
246	8	4.485431294537716	7.1320076	190.9484	3373.3104753818748
247	1	4.60528486888418	7.6761975	-1161.5768	-337.1874950976898
247	2	3.8341875562448338	7.49275	-1170.6427	-279.2255216764175
247	3	4.503961873018648	6.8861895	-787.1748	1314.4441360256512
247	4	4.9838595101391245	7.342438	-887.5053	47.370881305788345
247	5	4.797978363316714	7.164986	-22.7581	2773.317813114202
247	6	5.175339980127093	7.517897	-2051.1538	-1504.0817183524
247	7	4.3593673583717605	7.2941327	-926.2898	-33.726910640212644
247	8	4.737588504824336	7.2094274	-652.7409	939.2662206198701
248	1	4.43140202171367	7.0275187	-1039.0766	-1367.0735299132205
248	2	4.25781613150547	7.5256367	378.1562	1512.4541574848006
248	3	4.637268589432606	7.057281	-1093.1463	-1064.7654476577766
248	4	4.701868528068572	7.4062	-499.2413	512.2526970127986
248	5	4.33967502968336	7.157971	-30.1414	2257.655705446051
248	6	4.744503015936911	7.743188	207.7939	1073.0184273786397
248	7	4.601468047275513	7.0466385	-238.454	2370.462050293989
248	8	4.5139214172318765	6.846079	-725.0016	1506.822898455471
249	1	4.283491458012803	7.0547566	-1002.4382	-880.1193992288768
249	2	4.519624081159803	6.833119	-193.3563	13101.15127833491
249	3	4.143423191751665	7.334676	-39.1108	1161.7777895642712
249	4	4.397104362995767	7.219557	-187.1122	1230.6146447944895
249	5	4.289625468926563	7.220039	689.9776	3210.421645217663
249	6	4.295123304242541	7.430319	-621.9247	156.07261334808683
249	7	4.182367317745159	7.3368077	-219.171	837.4428026028711
249	8	4.423044099764493	7.440844	-922.9491	-298.86114158870106
250	1	10.17001834155192	13.368517	-2699.4954	-1433.3620126931144
250	2	10.301874864857059	13.425697	-1699.9573	-709.2900055156297
250	3	9.855495240821774	13.0780945	-1961.6045	-637.5675578427122
250	4	10.10150977032706	13.298508	-3267.5925	-1757.588505909038
250	5	9.188617586662977	12.495684	-2151.1666	-477.06312956480974
250	6	10.296410835154068	13.473441	-3274.9652	-2111.773224679751
250	7	10.092417541248485	13.307251	-1936.0354	-759.716029399331
250	8	10.520926453397998	13.612411	-3044.951	-2506.971349912646
251	1	10.246934766773164	13.407195	-2206.7912	2534.479254097631
251	3	9.613027189378414	12.850497	-2567.5855	414.9056865819236
251	4	8.874022814248828	12.160031	-1000.382	930.3156994599165
251	5	9.512438461508314	12.805076	-1762.3883	1049.3717404415147
251	6	9.858036555675916	13.026275	-2752.7004	328.65308779093516
251	7	10.233049875659088	13.356166	-2113.4592	2413.7753631180826
251	8	9.167260043898418	12.469177	-93.7236	1654.2159240363258
252	1	9.067882809627884	12.315776	-1140.9477	1475.231688727971
252	2	10.188157090064857	13.3840885	-2353.1026	796.9973725822341
252	3	9.597888745215354	12.834393	-633.4162	6601.1625755061405
252	4	9.930923240312282	13.160789	-3152.4138	-2016.481087832851
252	5	9.803328851459165	13.040917	-2645.2062	2067.941940469113
252	6	9.444207530058248	12.772726	-1531.6601	2808.254660654946
252	7	9.179901105209781	12.450747	-1644.8315	1280.352514734672
252	8	8.67066535187902	12.234737	-1485.2037	843.3198983070372
253	1	9.19366162859038	12.413403	-3231.5979	-2933.1788198081445
253	2	6.508074938871463	9.423763	-384.4965	302.44136179595154
253	3	9.410065430651295	12.601631	-2689.9679	-1330.4886800901536
253	4	9.336799587571354	12.59727	-1972.8029	-580.3945305358989
253	5	9.299516149895172	12.532048	-1533.0684	-63.16820473521513
253	6	9.27705227503026	12.554777	-2440.6451	-1200.5178328610855
253	7	9.579229421616017	12.752044	-1677.6042	-168.60832237192767
253	8	8.761065975120047	12.06746	-2081.2969	-2887.1861695471357
254	1	7.157370012664738	10.824828	201.5688	1108.9583363769023
254	2	7.4726292836699315	10.688872	-1853.8641	120.95635118120919
254	3	8.498900365899095	11.758568	-1432.1614	1599.8000890838182
254	4	9.946482028571618	13.116115	-2997.5734	-559.027535619581
254	5	10.571683329519207	13.669001	-3280.6302	-485.8744259154935
254	6	8.997392659615466	12.313401	-1204.6717	2253.1726756957078
254	7	9.103267965635554	12.388766	-83.0383	3932.7713192927617
254	8	10.012497366156252	13.127582	-2280.703	-117.96702763269991
255	1	8.121150082795175	11.069824	-251.6332	2892.6073428397854
255	2	5.514949164248066	9.292603	-486.2567	564.4477209755673
255	3	7.68342213759369	10.723366	-848.9473	11099.818696800527
255	4	6.723015658496387	10.430356	613.4056	2869.3960756502465
255	5	7.030226122150884	10.08064	184.9832	2473.229703663648
255	6	7.207832651566632	10.667143	14244.7517	54245.025423481035
255	7	7.6135904016724245	10.98626	258.0016	7702.976648149761
255	8	7.699667316688371	11.054093	-2708.0482	-1961.8546961728955
256	1	7.0946973524921795	9.689672	438.7197	575.1694828136008
256	2	6.409328582937468	9.39952	-667.1693	-204.18379995883768
256	3	4.948418956897266	8.051369	-31.7932	306.7637640110051
256	4	6.8750007785779585	9.949907	654.2416	779.6328702033842
256	5	7.443165091922943	10.044683	517.497	489.8198963749471
256	6	6.95592291414585	9.758433	-925.728	-292.0576163726618
256	7	6.2319935486450015	9.372766	601.4982	1647.4137851355176
256	8	5.970709655644667	9.005923	296.7022	1463.5359906927413
257	1	4.696617469481244	8.750145	-516.8163	-657.1525467658487
257	2	5.00281817295557	7.635092	1284.8456	2517.3531533804867
257	3	5.404983831165833	8.597198	-1486.7209	-2088.981692565593
257	4	5.421444728327432	8.524432	-555.1062	-739.4095399472716
257	5	4.763386348770632	8.100359	-349.5634	-2153.3055820291156
257	6	4.35578954938128	8.087551	1178.1822	2242.3511839802723
257	7	5.355387773651701	8.917603	-1094.4363	-1129.312904143468
257	8	5.848690534851706	8.853636	1016.1133	869.8364871442144
258	1	6.266679126524359	8.2297325	-1518.9612	-2123.30687670931
258	2	4.951912925134922	7.307733	-2914.234	-14106.933347539303
258	3	4.497966035269962	7.587164	-1606.6032	-5912.723356974624
258	4	4.891485418754405	7.921494	-803.886	-4784.016939954963
258	5	5.175297541814181	7.966106	-449.2078	-3559.1362396353097
258	6	5.204358225978023	7.4654236	-1972.4005	-12147.22645114101
258	7	4.869530516075467	7.315765	-1818.9273	-9629.327029083506
258	8	5.364728975629829	7.78702	-1062.578	-6487.41752047537
259	1	4.116323640981517	7.2660317	-986.8364	2586.9195726533853
259	2	5.22843934715332	7.7769127	-2544.4652	754.1879982202422
259	3	4.77066195898503	7.904533	-2191.391	1013.3862709932982
259	4	4.639908324729478	7.363559	-866.7211	6289.179580300399
259	5	4.866206777956145	7.1647425	-1825.095	5971.216923949578
259	6	5.629858214755484	7.698314	200.3717	4897.264431907545
259	7	5.182457602437393	8.166002	-240.8818	2620.971002712778
259	8	5.356255061537497	8.424639	-372.4552	1934.6035285722578
260	1	4.525439351319912	8.152974	1350.5925	2856.05977355196
260	2	4.506543428057233	6.908846	-1392.8743	1084.7611633969345
260	3	3.7921256216115236	7.272652	-936.4323	854.3451418476122
260	4	4.615682954155007	8.489408	-1888.9606	-43.96918848869646
260	5	5.629818583421272	7.747441	45.8394	2244.246180240521
260	6	4.530507583095385	7.2880173	-652.7397	3159.462179238611
260	7	4.20299861150472	7.140373	1629.0766	5608.494511123754
260	8	4.538564941431134	7.159025	-432.4512	4604.397340272013
261	1	4.555942025148295	6.8845057	-839.4567	11517.043314139612
261	2	5.3723802912631395	8.168746	-263.9196	796.9200055364294
261	3	4.860095107421055	7.2891803	-707.5381	1436.0720318102353
261	4	4.778284404394705	7.2055206	-2098.6106	-2114.5608758112025
261	5	4.533913202872818	6.9159203	-717.2447	18125.122706276616
261	6	4.6459435296870755	7.210839	432.0641	4644.28924429341
261	7	4.417931250042516	7.041617	-89.6994	7643.727851880269
261	8	4.712484682016371	7.2027125	-300.3819	3305.0988097319446
262	1	4.48656097973465	6.8570814	1025.3303	25922.58170402014
262	2	4.132615239765862	7.6293826	583.464	1706.9941714399763
262	3	4.926820096886879	7.3971925	-1763.5735	-1446.188899118056
262	4	4.334731445343862	6.959392	-877.3937	-147.76998918278377
262	5	4.812675772917422	8.861181	1038.5498	872.9687667271099
262	6	4.456051527748444	6.990837	-605.9559	1558.1807030564341
262	7	4.631013026828412	7.1371555	-655.6214	608.0302530741695
262	8	4.585451925524953	7.105322	-1198.7737	-1821.0035764401557
263	1	4.1143946882325375	7.6299367	-433.0163	-1756.8757743784206
263	2	4.525457722802846	6.929941	-2021.2803	-42863.225400571435
263	3	4.819253927463405	7.9637084	1688.6519	608.8928272586627
263	4	3.6748132455111393	7.551994	1037.596	11.9365272642437
263	5	4.533192560982942	7.3259177	420.5525	-1233.5750941087397
263	6	4.794458664334067	7.4691963	196.9181	-1140.1523130868438
263	7	4.5074755673471705	7.3782296	659.9561	-673.4858636246767
263	8	4.508869147088165	6.8341627	174.6012	-14077.56975237737
264	1	3.9628847727474446	7.525838	-352.3145	-557.3779005890889
264	2	4.552952980030063	8.527144	-404.1411	-336.000532576098
264	3	4.727711361312133	8.191256	212.5064	26.29485765960592
264	4	4.572817434940269	7.39193	-857.5628	-1848.990501725998
264	5	4.516903725417827	6.9433327	-96.9922	-2301.936580989746
264	6	4.788123583653559	7.58901	-418.4802	-665.4945891337437
264	7	4.576233168446066	7.041378	239.1498	354.6358725930798
264	8	4.604641060380468	7.388947	-2416.2038	-4145.3026445510495
265	1	4.228716824695115	7.2588587	-57.9305	85.8877321947696
265	2	4.9843524112702156	7.59962	-919.2176	-1214.325247681566
265	3	4.476399120397442	7.2792945	216.5531	903.8920508111523
265	4	4.116133885865779	7.1642547	11.3161	235.5556982238902
265	5	4.623580131356764	7.078311	-2160.2034	-15141.342991747137
265	6	5.211746306695366	7.780613	-518.0294	-419.73697986729275
265	7	4.893701050242814	8.015179	-576.1002	-386.4450581859774
265	8	4.526475086602118	7.340896	-601.8853	-1036.6293941295473
266	1	4.3643600120081345	7.120924	-1548.7589	3105.662730569011
266	2	4.466850500684915	7.104586	-650.3238	14071.47352025614
266	3	4.504779029384247	7.1092386	-1249.0554	11140.21878795502
266	4	4.583355330099069	6.9248443	-503.6823	13252.16455930802
266	5	4.361975091171672	7.0351744	-96.0973	8454.70587779622
266	6	4.841011607013535	7.1793275	-1786.2998	1493.2002341442476
266	7	4.704443792037938	7.1893744	6628.3068	54677.07993497306
266	8	4.7294344096836385	7.097506	-1785.1474	2881.561401148548
267	1	4.818912055195461	7.204721	-1300.5987	-2573.1563208103535
267	2	5.320602458984493	7.559357	-1345.7688	-1233.2438715938094
267	3	4.208461224784717	7.3333135	-1480.9769	-3878.3650331226854
267	4	4.451715999982596	7.0240326	-651.3628	-6072.509495210604
267	5	4.514746295890567	6.830182	-1771.3594	-6234.520638543176
267	6	4.207605410855669	6.9799137	1329.7466	10405.40791381983
267	7	4.28989042624222	7.450384	1062.8731	2722.813904179511
267	8	4.474541250288305	7.011864	-200.9816	-623.8587869966333
268	1	4.602101189650569	7.159705	-303.2346	3297.984926416777
268	2	4.451399071621487	6.922124	-1398.1153	2735.7107701047344
268	3	4.43729726088334	7.4037123	334.866	3295.366221858311
268	4	4.124586785288478	7.1316876	196.8786	3870.9211775749354
268	5	4.66050063871042	8.450607	6123.2039	4728.102734894502
268	6	3.5748071697891826	7.7285576	412.6682	1720.134032038829
268	7	5.177964772970788	7.509964	-862.562	1046.3368713560533
268	8	4.119676631813582	7.635978	-1118.204	662.1756979603232
269	1	4.5300710324888005	6.885923	-797.5223	11566.559971095066
269	2	4.397501947900561	7.189934	-1236.9074	635.7038359807299
269	3	5.828509330391449	9.1333885	1247.3029	1073.7678813042726
269	4	4.63680578605028	7.0068874	-2055.8223	-4103.531446089546
269	5	4.567973216410812	6.875181	526.4627	15447.120997788068
269	6	4.568794281085492	6.806744	-1142.0883	1657.579948062686
269	7	4.354768911729694	7.526004	235.7929	2422.400281851017
269	8	4.376020509370162	7.419524	-1185.7395	444.3308444199419
270	1	4.365828202616869	7.5679693	104.062	1514.496415731741
270	2	4.599739011719435	7.8501954	-2191.3679	-980.9369260291852
270	3	4.603741721185729	7.121728	131.7145	4322.723386015474
270	4	4.812053251264101	7.202231	-1846.5858	-1637.9375392570562
270	5	4.576846007908954	6.8909283	-378.0423	11728.419565993581
270	6	4.900518952727171	7.47341	235.2549	1886.6815473161778
270	7	4.562210553042701	6.9345803	-557.6552	5043.808300583857
270	8	4.600811949418706	7.434367	-994.3062	241.2563427092459
271	1	4.040578820501341	7.2003446	-221.29	614.8690657037755
271	2	4.623608867916448	7.0642653	-762.5185	-1400.945088408389
271	3	4.829712533065504	7.405266	-414.8743	274.14324972399834
271	4	3.791443890624901	7.481427	-489.9284	69.2919160955397
271	5	4.494830853431957	7.4356403	-524.9546	53.6073414511429
271	6	4.753032419960723	7.961761	-1780.5776	-1088.497683445604
271	7	4.481761501229856	7.4822373	-1309.4165	-1176.8707122194035
271	8	4.5485938316399785	7.0882635	-721.5457	-875.4708242709481
272	1	4.718749216970689	7.275606	-2215.714	-7331.213128713681
272	2	4.227793063618388	7.3071094	-245.7199	1207.2141020009954
272	3	4.799910389661409	7.2785625	72.4972	2534.9062413734086
272	4	3.5887853089085597	7.245653	508.4372	1315.1910226387774
272	5	4.636457663624156	7.3129873	1009.4834	9883.821588031526
272	6	4.4297500051761585	7.150096	657.8596	7292.309481143331
272	7	5.042685506526152	7.662899	-193.6778	800.3330340894356
272	8	4.4368309482751735	7.8084598	-684.6171	103.43886170151391
273	1	4.489939323492493	6.8577437	-238.9702	4891.727764093786
273	2	4.485616181775634	7.650791	821.8315	6134.335160748237
273	3	5.132791689354711	7.44955	-1365.816	2045.0220472571762
273	4	4.746357105207953	7.8472657	635.4879	3906.6795468678074
273	5	4.433360160590051	7.497275	-564.9564	4614.380891009039
273	6	4.592999752273021	7.4626813	-609.4565	5459.616201347525
273	7	5.219488128649405	7.5141788	-1531.8039	1376.58417627775
273	8	3.884698313270959	7.2947707	-998.836	1626.0166223358765
274	1	4.737992592762734	7.6437025	329.6611	679.1065838403981
274	2	4.520488393897021	7.4797354	1471.32	2646.999365021923
274	3	4.2006956781058555	7.3523526	1220.5862	2484.6694131888507
274	4	4.8482698604815635	7.2511077	-541.2318	-687.2919686820716
274	5	5.068933441551303	8.133995	-81.3181	110.41616049846667
274	6	4.554911193637398	7.1088233	243.1122	2113.5369641888706
274	7	4.475957944785375	7.032979	-864.2254	-3316.74189239863
274	8	3.9143366726512085	7.4499846	351.6176	701.5111389216111
275	1	4.615714834820785	7.5678678	-257.1158	990.4565907633648
275	2	4.453910588603435	6.986265	-1413.4183	-7550.778694639089
275	3	4.548289940950005	7.1671762	600.1562	19477.947812162936
275	4	3.9728850845419723	7.744972	1887.7732	2934.4869195013516
275	5	4.892967550340743	7.2302055	-862.4954	4.901161183565248
275	6	4.842531811895977	7.4399176	49.4041	1763.176157563066
275	7	4.446487309056086	7.1408587	-1377.9955	-3848.049559096146
275	8	4.5270868002787035	7.0583615	-1293.72	-18437.320457240025
276	1	4.874492848748546	7.156222	-2053.6342	-2158.0331560064405
276	2	4.444069366921214	6.860975	-796.6225	2387.898787457506
276	3	4.4069570030522796	7.1840477	182.8642	5706.976944371769
276	4	4.668984011337181	7.0580397	-789.3978	3738.238647067127
276	5	4.5053154623124945	7.0028563	-548.9535	37966.67825609928
276	6	4.5532111569422025	6.991788	-801.5026	8508.56569499409
276	7	4.322918520090194	7.024862	531.4301	9565.489807128879
276	8	4.94804875146687	7.396684	-1527.0214	-465.9314013372653
277	1	4.202046901590184	7.028434	-565.0161	768.1931496773828
277	2	4.949820887672189	7.327977	-1401.4771	-991.8464253917847
277	3	4.650054452003294	7.518924	-1483.8505	-1047.8197770961933
277	4	5.32035677795072	8.480037	-374.9043	214.4611394696815
277	5	4.524829644150022	7.5494814	-19.073	940.4549936542214
277	6	4.430285497976257	7.393433	870.0111	3111.160103901187
277	7	5.394110098406488	8.7581215	594.2108	636.0948561215304
277	8	4.712758910604964	7.660377	839.7842	1914.7734827975248
278	1	4.596837680346753	7.306579	-1319.0656	-1452.7143464425872
278	2	4.338586787959672	7.1566854	-558.9783	41.97646136427921
278	3	4.746617220852824	7.151879	-2171.8483	-3168.910901159525
278	4	4.745706280403355	7.3087835	-558.7945	11.345651788910338
278	5	4.32235726098546	7.1300406	554.5966	4770.942754272201
278	6	4.640006275204071	7.740054	-1384.8301	-922.1657934739238
278	7	4.729212207152288	7.086351	-361.011	439.568316342388
278	8	4.082830639597502	7.3157935	-2225.4576	-4890.4974590328775
279	1	4.55084057146925	7.92931	639.9257	3263.9171732779314
279	2	4.61745493964883	7.6154885	-247.989	3585.9141806627504
279	3	4.83798682443507	7.2597737	-1283.2247	7536.963003273783
279	4	4.496986615599699	7.558566	632.719	5429.813563253956
279	5	4.127538679797985	7.395716	-980.7766	1776.940264701068
279	6	5.470072938645317	8.150845	-859.5776	1084.2934442211779
279	7	4.114428370803002	7.2135634	531.591	4599.82235823295
279	8	4.740787960162466	7.786463	-773.9057	2261.6092361024444
280	1	4.736692693582461	7.077868	-1437.0176	-3244.771425613263
280	2	3.9979381586082363	7.194313	-210.7668	-6653.092204746178
280	3	4.413970749783316	7.200374	-1284.7625	-6474.086039130939
280	4	4.913004668495704	7.2670527	-2554.4002	-4192.350079313264
280	5	3.9301557710854618	7.8510017	-236.5894	-1017.8289532251737
280	6	3.8918382964159095	8.059773	3179.2751	2898.2545481778734
280	7	4.697185938353761	7.088797	-1334.7427	-3380.7772511556836
280	8	4.650958696537943	7.679032	864.8398	564.6529257872353
281	1	4.456803714882652	7.217952	-517.3716	85450.47063193689
281	2	5.227571360155898	7.5632143	-3891.4902	-3216.850161102065
281	3	4.857466356219693	7.884751	317.9463	1911.1056737505999
281	4	4.545546060774971	7.329259	-1020.0422	1224.3281420782237
281	5	4.450294822918944	7.2590184	-683.2472	6070.757788716864
281	6	4.480885344308619	6.9894857	-1572.4678	-1219.7805401348771
281	7	4.50871793256326	6.971537	-439.403	3171.7475404662136
281	8	4.654683537285718	7.2182117	-391.7234	4252.567142857143
282	1	4.334034533420817	7.228336	-746.39	2676.8201466497685
282	2	4.46203846190619	7.6347785	691.7268	3153.964920360306
282	3	4.607538883057177	7.380829	-646.972	2431.604098594816
282	4	4.937181413514278	7.2654767	-1226.4597	668.395888404476
282	5	4.466782303929787	7.249979	-572.9315	3166.5414452113723
282	6	4.700293627697024	7.1886716	-1061.2486	1700.2451928098105
282	7	4.836470189464393	8.069853	-439.1032	928.3296585823149
282	8	4.0128832385841005	7.8474894	389.1481	2000.132016047427
283	1	4.848311143404554	8.496362	-1128.9257	81.58927073110125
283	2	4.367754224896314	7.4921317	-1627.1425	-682.1651498256984
283	3	5.001914755184664	8.041607	53.8855	1402.1573306640137
283	4	4.445545913537539	7.1972017	-1491.1862	-557.7565237313296
283	5	5.8389709407446615	7.9928045	-1021.5886	203.66979545208102
283	6	4.43716374596086	7.2555923	-830.8251	913.1455335050057
283	7	4.797436447669339	8.59477	-895.1297	238.3955215773376
283	8	5.167015988552873	8.628757	-2054.3309	-553.5544934028936
284	1	5.257688915149035	7.913363	756.9434	2256.303537950397
284	2	4.427941247497797	7.1800303	577.118	45147.859333932334
284	3	4.4973235487916945	7.395176	-383.8257	4862.830169001968
284	4	4.113021208021909	7.629108	722.6154	3796.747133222528
284	5	4.391851077958566	7.0754952	-1527.3562	-401.52718163101036
284	6	4.67254951517169	7.12687	-743.8998	3494.74500548284
284	7	3.7992149870977365	7.676871	-734.1852	973.2957055731248
284	8	5.635080229901604	8.833492	680.6716	1010.0148905926468
285	1	4.952111325357486	7.77355	-1426.7274	128.14069126526732
285	2	5.118237833405892	7.3693414	-1498.466	40.90047933130989
285	3	4.34706880868486	7.577167	1296.9381	5639.368213898099
285	4	4.1216695780435995	7.108677	-1093.9847	1445.2249757284944
285	5	4.472290307794899	7.4206176	-368.6759	2565.028562575726
285	6	4.376570771351333	7.064232	-1745.6339	-55676.5652365964
285	7	4.522914025405476	7.2134714	-827.3928	5095.053681929643
285	8	4.778413129930664	7.1688538	-1277.3685	724.4708722183578
286	1	5.1843225458285165	7.4470515	-861.3215	1150.8380731886375
286	2	3.7343737587005594	7.7911835	457.0867	2434.3652394299847
286	3	4.045723374359832	7.909009	-1664.4464	83.79916530536296
286	4	4.472602294500269	8.577259	-661.24	688.7384625619173
286	5	4.063753761866745	7.5441794	131.4248	3009.240314811332
286	6	5.188397672860771	7.9370346	-452.7878	1168.3659483620224
286	7	4.403441202508299	7.8348203	649.0525	2940.6795762934184
286	8	4.827708251116658	8.14559	-450.4472	1090.0485374116452
287	1	4.969663288237493	8.095636	-1414.6614	-716.2784308588643
287	2	5.501285636393967	8.6488905	446.8523	920.8042861434599
287	3	4.6529512218531375	7.099251	-370.4021	836.1275960684444
287	4	4.537175769660054	7.282446	-1050.472	-341.58218157316605
287	5	4.625400003583332	7.497049	-1209.4301	-690.5842062315678
287	6	5.100407105809445	7.3446927	-2858.8817	-23537.517442561028
287	7	5.990351325822455	8.380415	-1000.489	-119.31552708921332
287	8	5.1201681156430485	7.4048123	-983.8587	-2955.5795066952046
288	1	4.549835559926464	7.031906	-50.0766	5094.186095323412
288	2	4.409840507781	6.993491	113.1936	4105.795108657642
288	3	5.17802961393501	7.4234195	-1434.2402	18984.06907967589
288	4	5.54089449465712	7.6977363	-1509.5774	2756.710376473034
288	5	4.666261363747553	7.84289	1035.0484	6151.842130954622
288	6	4.517682342513436	6.982037	-214.6683	4333.66367616505
288	7	4.346544459915374	7.4470577	-505.7691	3430.5513517392656
288	8	4.489366110650408	6.9521403	228.0527	4569.396059240541
289	1	4.953290338853714	7.477237	252.9251	218.87658881278745
289	2	4.627695610913072	7.1798425	-555.3308	-2616.2002400662705
289	3	4.576933660946624	7.13731	-409.0763	-2988.797783545087
289	4	4.686725184278197	7.208038	-529.5551	-2413.0780716399613
289	5	4.368958867672748	7.248568	521.9277	1854.9515416203312
289	6	4.554356056043257	7.459738	587.7302	949.3505838029245
289	7	4.265782041935645	7.4099007	-630.2351	-1744.7222748958122
289	8	4.892967339597164	8.010768	-2021.2986	-1815.2089809586128
290	1	4.534205584965812	7.133041	-31.6205	8030.574585236995
290	2	4.465261452749215	6.9641824	-2122.0682	-14248.513138064107
290	3	4.578686446677574	7.344042	-912.4021	-1649.5778355709158
290	4	4.387708129975521	7.116194	-861.1664	-3601.855354905264
290	5	5.057422496250877	9.241455	-757.1961	-144.06796565046258
290	6	4.129610425655989	7.2477784	-94.6667	811.2233598262446
290	7	4.47575249284481	7.460944	481.2189	2227.204400838846
290	8	4.210642177702106	7.4667563	209.0502	1226.7981143202244
291	1	3.9100647844772967	7.565134	-24.1273	2600.713416928052
291	2	4.344681486626857	7.0873303	201.9316	16696.275480346136
291	3	4.915748198105813	7.490637	-1229.949	1513.8630501027578
291	4	5.079544571548893	7.413002	-1076.0543	1595.0870251242736
291	5	4.344869715913493	7.0861464	-1506.8376	3968.4789997377725
291	6	4.552994462938861	6.8744097	-1370.4008	5034.672964282346
291	7	4.036992098574194	7.333843	-619.6314	2635.0476262829557
291	8	4.565650376149665	6.9414515	496.5563	22990.663836708016
292	1	4.275019422840461	7.123864	574.5635	5375.437222595835
292	2	4.596877697083957	7.5371585	217.43	2496.386579423657
292	3	5.817954275611483	8.721642	-210.7074	474.26232048480205
292	4	4.422408863086834	7.398026	-709.069	1311.7892083905554
292	5	4.581103576913604	7.097516	-1863.627	-2459.109813619781
292	6	4.8987850178687795	7.2044263	-911.4956	931.158889656166
292	7	3.9617772643161744	7.7740545	369.2584	1636.627995942194
292	8	4.63071440790043	8.015495	36.7085	1208.0731153588933
293	1	4.396896878954039	6.9424667	-1324.8276	2404.1078386282575
293	2	4.508540060133684	7.0564246	-746.9523	58538.50354995165
293	3	4.474730116719904	7.1764135	-505.7157	10495.193077872902
293	4	4.392512609883175	7.1154814	-859.5177	6871.086338360409
293	5	4.59770781281471	7.483762	-409.3151	3160.9393059174877
293	6	4.976881755379014	7.773224	-685.1631	1608.6534188974956
293	7	4.6137316031471975	7.6125026	-2067.556	-359.49159681966376
293	8	4.665912285805798	7.21285	-1133.532	4969.521974464997
294	1	4.538857968787537	6.942999	-1135.5474	1216.712813423875
294	2	4.583363699104691	7.0503707	134.523	7199.263716574417
294	3	4.3443868765006775	6.8897557	-347.5273	18953.137508974723
294	4	4.485249774575212	6.872647	-882.2352	3324.9159520600106
294	5	4.925714792443245	7.376357	-1710.0279	-594.9869642160049
294	6	4.573127188475105	7.0492005	93.3045	6200.06298606305
294	7	4.587321427005085	7.0366025	-612.2687	2757.4103318514326
294	8	4.733264965576997	7.236666	-2153.8494	-1939.1965755677143
295	1	4.7953127281860075	7.2316318	-1580.2913	-1101.1106987139465
295	2	4.542591158209812	6.9961104	1077.1194	31752.24556383136
295	3	4.53055336460223	7.055721	422.6196	13208.780459622963
295	4	4.819243682924496	7.113995	-1050.4814	266.43923780592047
295	5	4.491803806363178	7.475131	229.1766	2097.0073165839717
295	6	4.459495944223867	7.298751	-66.1995	2605.6540922670215
295	7	4.569120201621034	6.89137	-571.6616	11245.509994709115
295	8	4.743876717632922	7.423802	-469.0471	1287.0273843690286
296	1	4.642007842691736	7.5427585	714.09	1744.306234004824
296	2	5.161315216280018	7.613156	-1431.8967	-1048.192831660707
296	3	4.604715779160615	7.7338896	-1119.4998	-592.6698122394195
296	4	4.797050716847184	7.95467	-636.9629	-56.880448646250876
296	5	4.59997277591197	6.8814945	-110.6539	14150.930731099397
296	6	4.68450732779058	7.4595656	42.8139	1063.2009080177838
296	7	4.178075752614395	7.1325145	227.5052	1835.894996320423
296	8	4.47085833548142	7.1132336	-493.5875	350.9319424489213
297	1	4.09359889786154	7.484074	-1380.3986	-1570.2557071971685
297	2	4.477511660366848	6.883626	-663.8607	-5971.534105654072
297	3	4.809596025368802	7.322101	-1815.6836	-3650.790332811535
297	4	4.553536417920114	6.9699755	-742.734	-5863.459330990435
297	5	4.585820988487101	7.166657	-1269.0942	-3195.5072199917417
297	6	4.596279368887329	7.239728	-68.6197	88.54142663362097
297	7	4.8839812395904145	7.301693	-2251.6185	-3967.703958525421
297	8	4.6182502319754235	7.1616225	-338.2276	-873.2513826897135
298	1	3.6867761663802767	7.5653205	-188.9934	459.21649066775535
298	2	4.748933252819937	7.407807	-861.3444	-346.6603505160666
298	3	4.5761146551902	7.2013693	348.0793	2639.9163689051293
298	4	4.512118673991459	7.2211447	-999.6657	-858.3234334633215
298	5	4.539575900403212	6.953081	-363.9364	3247.3244542492876
298	6	4.598207995533035	6.8969574	-695.4469	-271.8197198965765
298	7	4.488355810926055	6.8161707	-180.3446	11784.455989447486
298	8	4.481390621179001	6.949207	-1029.6212	-7024.341424525211
299	1	4.767490967632378	7.299531	-1315.5418	-1867.9430705496975
299	2	3.9574073848402294	7.3865123	185.0825	443.7082598788547
299	3	4.503668294331319	7.4703245	-1047.3545	-1379.954140683715
299	4	4.600400977266375	6.9880185	-799.6368	-3140.549330199857
299	5	4.443642115001152	7.1881213	-1299.839	-2899.2246320626923
299	6	4.269491063216031	7.6674304	-153.3042	32.24968924386658
299	7	4.544583623644107	7.1983843	-696.3769	-1392.309562424068
299	8	4.594371784208629	6.9335594	-578.8753	-2620.829975033412
300	1	9.88951815006154	13.096036	-3518.4276	-1590.0684783514807
300	2	9.318109731348533	12.652234	-1579.3153	-288.30130957591547
300	3	9.62237824023503	12.841789	-2461.8871	-765.3325253582193
300	4	9.967944804176991	13.127129	-2070.3576	-736.5034139187449
300	5	10.04339685639936	13.184575	-2261.9856	-906.7802801060798
300	6	9.912756967533506	13.120749	-3225.8196	-1458.1237403530788
300	7	9.430359508118835	12.684986	-2652.1915	-772.7598011061602
300	8	10.378485985498404	13.490588	-2110.7289	-1197.2969343637722
301	1	9.498932531914164	12.780011	-1515.1301	4112.780994296124
301	2	9.742672246504517	12.923914	-1482.4859	9092.827302554499
301	3	10.46410682239063	13.565837	-3158.9699	493.2169441798085
301	4	8.908895336333734	12.141921	-932.904	1749.7328762728073
301	5	9.38632188377242	12.684635	-2545.1832	1530.1020256458135
301	6	9.928947262413898	13.139354	-2235.3832	17553.023865512623
301	7	8.593737673310555	11.939395	-1094.9404	1365.770852082962
301	8	9.227834208782072	12.510913	-2901.9061	702.8622464474067
302	1	8.88808670391002	12.258387	-2643.6203	596.8655663809471
302	2	9.859412293798515	12.99336	-1167.1936	2238.322219289348
302	3	7.4898662614330185	10.98852	1330.0596	1939.212437638124
302	4	9.194955284407909	12.324685	-2111.2494	3322.8129881969485
302	5	8.221848513246938	11.879164	-435.608	1978.4089032145928
302	6	9.90521341539429	13.153381	-2892.6527	9.711579169169097
302	7	9.921930240445604	13.124346	-2252.1641	698.795840917894
302	8	9.994338802696404	13.128002	-2873.3481	29.72890025251529
303	1	9.745311367759399	12.906278	-1673.8848	930.7742200816896
303	2	8.249086988197805	11.1624775	-636.6417	1348.3413513338648
303	3	5.757518312314784	9.5244465	-158.8551	575.6280401356481
303	4	5.8537585252861755	9.750314	562.7948	788.8078913595556
303	5	8.055707068903068	11.682762	106.952	2313.389335939779
303	6	9.15436651484768	12.329264	-1470.9223	4714.436296327867
303	7	8.733444560196453	11.994191	-494.3005	7544.090300056169
303	8	8.524615515645653	11.945313	-2443.5268	399.8510982300445
304	1	7.649490331851296	10.425756	592.6985	1558.7482525803273
304	2	7.637759768466566	10.469514	-1389.6184	555.460645211138
304	3	4.879879487067651	9.463341	-1065.2788	303.1081254370813
304	4	8.60814943198605	11.802889	34.9399	11190.596155991021
304	5	7.146848678856932	10.541192	38.1813	1238.503234823706
304	6	8.502871762317744	11.68316	-2525.6745	-315.55055158186093
304	7	7.869039589805375	11.103318	-1513.3634	851.628796079448
304	8	8.727511911359615	11.910024	-1777.3001	3005.0946266829073
305	1	8.106444152538176	11.386444	-583.0079	4054.13752331236
305	2	7.806947260904162	10.5677185	37.3852	1695.7527561745233
305	3	5.839541387723001	8.736979	3180.8769	1344.6780864418993
305	4	7.515223547130945	10.906546	-770.3846	1312.6792969445905
305	5	6.952692037746476	9.65525	-271.195	860.7472833554101
305	6	7.907955705725328	10.657929	-980.7228	1118.5583443332598
305	7	8.366561774830796	11.646992	-1395.6865	6458.778573619812
305	8	8.852965524538785	12.183998	-873.7066	2811.563154084722
306	1	6.496103820137333	9.412462	-1005.9919	-1043.6239672937982
306	2	6.146526859078381	9.775606	-1577.5525	-1592.9343066419583
306	3	7.276745076361556	9.929423	391.9374	1491.1704082163699
306	4	6.939716147373891	10.106714	-401.4433	-396.41426545
306	5	4.81773703253027	8.734946	-306.1774	-15.631273200189131
306	6	7.115173221495218	10.815575	2045.4437	1939.7581268390636
306	7	7.043825057544645	9.971151	-401.8024	-559.5451878599721
306	8	4.935605093647971	9.350226	-785.3076	-259.0777247687159
307	1	7.099647699663993	9.203978	100.6661	1626.7923960373496
307	2	7.357445687571787	10.18985	1238.21	1844.5163730010415
307	3	7.070775585636946	9.930085	-228.4993	934.3670841977967
307	4	5.25664142737317	7.8222256	285.5328	607.5460507895932
307	5	6.165846741950443	9.836708	-357.641	1417.6300188900639
307	6	6.002816773080736	9.6607	-1045.4196	-106.63410779979293
307	7	7.7454404772238625	11.176434	-602.0142	172.31383871015095
307	8	6.784787122021823	9.403742	-804.7073	568.8111007173633
308	1	5.030511859042128	9.056576	-1461.8036	-402.2798010776447
308	2	5.2404703226862654	9.364424	-1293.4127	-345.14473702267446
308	3	6.310206306899753	9.779644	-1534.968	-1209.7203787269573
308	4	6.781385683082929	9.659011	1964.3864	7187.747757621337
308	5	6.403486867076915	9.365548	954.5954	8513.83757093727
308	6	7.3593597200463	10.10167	2807.712	2944.3790413205074
308	7	7.043295214815551	9.774743	3082.9131	5333.467951825649
308	8	5.776271336306963	9.783409	377.3486	1205.6081413120132
309	1	4.740745244548667	8.851674	-622.3077	2340.936604233013
309	2	3.660698172179603	8.34596	-2556.2823	-747.0697530185255
309	3	4.896200125198277	9.109222	-971.3653	3203.620459528792
309	4	4.435400261137952	7.7176957	1477.6068	1803.3614008745967
309	5	5.145131102608763	9.351293	221.3635	5069.167875990716
309	6	7.272385650643539	10.695754	275.3152	626.1560850117544
309	7	5.941339358656448	9.7197	216.3016	1597.7919808739675
309	8	6.938589351425049	9.365241	750.3519	1331.6790397807215
310	1	5.055306400441036	8.466702	-623.5951	1503.3338302493937
310	2	5.0008547189693875	8.578236	-1006.8597	1210.4011551669362
310	3	3.1432816981946665	8.325642	-562.7945	4284.363362218477
310	4	4.628647774236063	9.182904	-28.5533	1980.9676832096166
310	5	2.456870742513933	7.8006444	-1535.5031	742.3412886342929
310	6	4.523032658080111	8.74506	-2143.1707	465.022447607072
310	7	6.198287628158121	9.559574	843.919	1251.0102844958164
310	8	5.091754715046009	9.337157	1510.6253	2294.8235885784384
311	1	3.8818029102102454	8.485636	139.7034	1061.1739763062212
311	2	3.560806976294283	8.235033	-1304.1863	186.3569212769979
311	3	3.264499153372165	8.109013	-1395.9206	152.06431560811535
311	4	2.288686945877837	7.8660603	-27.3883	11853.047479804483
311	5	2.861779451369307	7.8402853	-2227.487	-1655.3484380082991
311	6	3.0390502750305575	8.321025	1379.6942	3339.285288491203
311	7	2.937885773711489	7.540493	1085.908	3941.873261756201
311	8	3.790979108908848	8.367266	-625.2158	626.2811245790052
312	1	3.813956803064452	8.6986	-799.1767	-1287.1538501626187
312	2	6.402507491966454	10.180232	54.8956	-241.5731374378985
312	3	5.020550500151035	7.773906	-2123.0206	-1683.6761501844019
312	4	6.586345510361204	10.133387	401.6467	-154.05380518959655
312	5	5.956241204975379	8.841032	-1354.9534	-812.7699176733597
312	6	4.883758192276185	8.105789	-273.3201	-709.1202444874283
312	7	2.6646551584420783	7.8378887	-367.1078	-2780.094248126744
312	8	6.345448398359762	9.257567	1870.1351	208.65311483097761
313	1	3.8955694788288864	8.709682	1170.5254	1074.6069916827742
313	2	4.332140911245474	8.64433	-409.477	-22.72126121725073
313	3	4.133706902656079	8.6252365	-1072.0552	-433.56276235972246
313	4	2.2980218515697177	7.59359	-2091.8274	-4534.5768142515435
313	5	5.3371580332718445	9.177013	-1862.8126	-510.483563723926
313	6	3.293296704314525	8.157254	-2433.5904	-2733.5992370386803
313	7	4.236106794599421	8.73789	-1072.8694	-391.52746838387185
313	8	4.066697243582635	8.553386	-1799.7363	-917.347954133377
314	1	4.696088551631383	8.987674	-1049.7609	382.73240489791027
314	2	4.02275541604225	8.396412	-1640.1154	249.5240749074682
314	3	2.5780910192251434	7.9593816	268.4739	5587.156603082031
314	4	3.139114475047838	7.9271984	503.0624	3321.7478161760064
314	5	4.402519360204456	8.650166	-1769.8784	142.63113440812302
314	6	4.098955829051228	8.491033	-711.8875	703.4704054672555
314	7	2.7113247732398946	7.887402	-1408.4373	1349.58456542143
314	8	4.4667361374105266	8.792325	-581.9338	624.6051377582555
315	1	2.029600215671745	7.4356513	-1674.2616	-330.70627762575
315	2	3.7310198752653525	8.339974	-1952.0365	-505.65849121798095
315	3	3.1893589053282057	8.010449	-1774.7892	-868.9800508989985
315	4	2.1820963058975678	7.606457	-1478.3322	-119.12203764698675
315	5	4.829495787045172	8.866818	-819.6866	262.55951653156956
315	6	2.2851427752593527	7.5645194	-1534.6587	-231.24318157724363
315	7	4.727401671982652	9.047686	-1551.3944	-63.54213908745387
315	8	3.7578479473720954	8.840007	-545.3642	647.0251227116955
316	1	3.074039890279184	8.036672	-815.8042	721.9170173001152
316	2	2.276718100208575	7.573243	-1574.485	379.4224561370935
316	3	3.6949660802112865	8.259492	-835.3324	478.01465237612416
316	4	1.9117799998478813	7.3800025	-2189.1717	-2630.0718296348628
316	5	3.549264050221039	8.243526	-1473.5871	118.30705934802073
316	6	3.166877512067975	8.102939	-1086.869	445.0411315869991
316	7	4.26675922187508	8.682667	-3167.3083	-588.7332505302443
316	8	2.9543719784273064	7.9704323	-888.7693	757.7588205941573
317	1	3.4655835402867323	7.73107	198.4858	1476.7833064404142
317	2	3.060383305814843	8.284471	220.0696	1593.7980719496811
317	3	3.858005996620098	8.49772	-2100.868	39.02282886075155
317	4	3.1347517364194446	8.004736	-2100.7902	62.76736695738833
317	5	1.970595216320837	7.525581	-1519.796	4332.187616718833
317	6	3.689140528735257	8.287025	-1303.9088	442.3492631192135
317	7	4.4872974321797505	8.352238	413.3188	971.1353287286531
317	8	2.457627365711105	7.764584	-1175.3435	1376.5811057510725
318	1	3.403252120150229	8.156917	-1244.6059	175.1348536770372
318	2	2.2177147611424277	7.7015896	-1574.3929	-173.7765936899915
318	3	3.6678622779865124	8.30086	-854.15	354.82674610975397
318	4	4.220870154924988	7.9127145	-243.0465	586.4827670062502
318	5	2.076220399492418	7.6592064	-392.2587	6463.186536701504
318	6	2.2175509021209914	7.5434113	-2592.1559	-4158.185407838367
318	7	2.5497236038643787	7.778907	-1654.5614	-200.50048747350405
318	8	2.8910763756575255	7.8644724	-2039.5697	-518.1962424272035
319	1	4.208493983362501	8.542973	-1616.7542	446.843677231467
319	2	3.6758381914177924	8.585708	49.1235	1389.8119423848502
319	3	2.25783802095884	7.6219916	-2107.8915	4972.634537825527
319	4	4.582209432436362	8.78277	-1201.1907	533.0664822958504
319	5	2.3162817010863135	7.5996957	120.2324	19218.56867632098
319	6	4.488389777057143	8.931303	-127.4282	923.9641825795034
319	7	2.5013426405935646	7.6496577	-2649.238	-178.58223146063975
319	8	3.7436118177396067	8.577065	-2334.8052	142.84813329742272
320	1	4.120259086038069	8.572275	-1514.8792	618.9910731570461
320	2	2.411044002431089	7.829765	-573.3548	11190.96616654007
320	3	3.2904657492421427	8.294458	-1856.7585	800.1977205250528
320	4	3.7402253513065356	8.375866	-2599.7336	34.40863534904529
320	5	3.9277261402834953	8.725671	-2535.1404	60.86943228957344
320	6	2.9094014839083693	7.941096	-2202.337	893.1301008825309
320	7	3.557312293615691	8.364645	-98.2837	2151.186488377542
320	8	4.053359630467118	8.518336	1919.0669	2625.986374236634
321	1	2.226479960392296	7.9209194	-996.1656	-2622.8589403608453
321	2	2.595745765498115	7.794875	1406.0911	10609.099569356053
321	3	3.2831974095847225	8.483754	-948.1989	-351.3170261587218
321	4	3.832711298628584	8.703568	-26.2684	337.54924180900787
321	5	3.0313942823712674	7.9454246	-660.8803	-147.0674689546778
321	6	3.339919889936668	8.464171	-955.8751	-337.8727304297067
321	7	4.984984754751994	9.362928	38.7064	204.2429685269467
321	8	4.365226153907201	8.658746	-533.1314	19.246411623293888
322	1	3.3481660581886548	8.455795	3832.8608	2018.3860698700557
322	2	2.054104662303984	7.514268	-1639.01	-4963.419226851504
322	3	3.7129108641573962	8.391711	-1752.9242	-2527.6566208754334
322	4	2.315099658246484	7.7245874	-814.5111	-7669.998050922859
322	5	2.329319718965664	7.632253	-1088.7138	-8828.14009365672
322	6	4.478498443408597	8.593159	-356.209	-914.4570017924121
322	7	2.1659191082243265	7.485009	-1866.9402	-6298.3570902383035
322	8	3.694945591538764	8.795901	-2672.4992	-2608.0322699339968
323	1	3.0646388012416117	8.064032	-1493.2831	-499.1893862580508
323	2	4.114993082368651	8.568291	-2174.9444	-545.1319510337797
323	3	2.483772780836074	7.728775	-2791.7431	-8147.036060223846
323	4	3.0103518281877437	8.397601	-1965.5822	-816.1263437010219
323	5	2.914335773603619	7.9117217	511.8941	2477.8973852646727
323	6	2.6860079431761523	7.8027353	-1340.2847	-669.2809149502528
323	7	2.6868359600080414	7.9279685	-1184.9933	-220.60432075775515
323	8	3.9983323960231503	8.429103	-1670.9996	-324.08359078201096
324	1	3.492299808535701	8.231102	-2346.9619	401.0935541220451
324	2	3.8006327053687596	7.8597913	1372.5051	3392.6379372758056
324	3	3.0002312479438733	8.047222	-1321.3557	2952.1946616124487
324	4	4.084639537730627	8.8796425	-151.6035	1400.733569126142
324	5	1.782944464906468	7.1475987	-1085.0711	1774.396219806338
324	6	2.6834650913039604	7.9532304	-737.4347	8612.574274324163
324	7	5.084700947231439	9.111216	-1162.3525	574.3568648997531
324	8	2.8448307103495907	7.940799	-730.464	6208.654808053633
325	1	4.435174790730472	8.809529	-498.4217	193.40217373656836
325	2	3.592495895107593	8.284834	-188.2515	414.53838790142254
325	3	2.177740465038596	8.035525	-2463.8761	-1278.2784342988148
325	4	3.8063286876313254	8.482188	-741.7216	142.8403508153254
325	5	3.428506917354142	8.200935	-1174.2526	-45.44153674326896
325	6	3.526693326626443	8.595255	-528.4084	251.50644249318148
325	7	4.457723097183477	8.975313	528.2752	483.92819684663306
325	8	6.672539983012722	10.435242	396.8106	245.52005975836337
326	1	3.9258439444141247	8.697351	-852.3489	950.6630154766661
326	2	2.8931003821388206	8.13327	-502.6705	3967.220508292899
326	3	3.2907891131406672	8.340725	356.1456	2671.0594864220075
326	4	4.0853683859586996	8.559436	-3195.6519	-399.0970938403099
326	5	3.0670462131040206	8.259831	-975.5766	1789.795130820678
326	6	3.842532392641108	8.7669735	1092.4671	2132.985188312836
326	7	4.6962345907572836	9.001118	-1509.0301	394.2406118865431
326	8	4.245154543079308	9.113018	-519.3525	798.0860266565892
327	1	4.463475770137342	8.774569	-57.5462	645.4354665058705
327	2	4.420374468680969	8.700111	-1897.3906	-697.6278670196987
327	3	2.3999387385961803	7.644737	-1642.0529	-750.5565814091916
327	4	5.181322505888007	9.222615	-2439.1792	-654.7607580360499
327	5	5.627201134406223	9.365929	447.0546	502.3746293843987
327	6	3.0875716845725862	8.092418	-1637.5761	-4825.817892702112
327	7	2.5167891378873266	7.6455555	-964.8881	12.882028514407205
327	8	2.40394604482257	7.70445	-2090.8615	-1314.0403658458574
328	1	3.7032016965540095	8.446269	96.9516	2561.8077434754478
328	2	2.094394890122384	7.7703714	-314.7713	1276.08427238711
328	3	2.4383830451017228	7.759678	505.6906	2730.505565304642
328	4	4.796585488167158	9.135959	125.4393	898.8636123010468
328	5	4.262468620205043	8.937197	-3277.9182	-1188.9538813462211
328	6	4.253589996792158	8.905144	-681.1998	657.2126562687222
328	7	4.492744016671918	8.726457	-685.0911	632.8344330398182
328	8	3.9914837572327015	8.364361	691.4684	2854.553702011649
329	1	3.760887381947299	8.262635	823.5314	671.995078117051
329	2	2.841074750565123	7.8694005	-1834.8364	-2049.277864607812
329	3	2.920956739993759	7.8596377	12.9021	402.19114852163386
329	4	2.4994336463216396	7.7620645	-1027.7288	-1895.5838191160867
329	5	1.8745208818046222	7.3271813	-3773.0471	-7303.343625142977
329	6	4.069207695165843	8.929743	1401.9344	766.5329726792083
329	7	3.873401905805197	8.777335	-3131.0626	-1405.1682563248958
329	8	5.010231990587137	9.093043	-2444.9443	-680.9654419553265
330	1	4.1108095499329185	8.596614	-1656.4043	847.2807332443294
330	2	3.6862170487486057	8.341505	-2614.3329	563.8637393491915
330	3	2.944058590913445	8.0282545	-1138.0089	2250.86116156966
330	4	1.986451269506169	7.3994074	-2011.7916	25544.818584970573
330	5	3.7833744236779547	8.343326	-1999.5596	819.1136037977765
330	6	2.8160835544478653	7.783026	-518.3844	3052.613929118318
330	7	2.305342021417258	7.786414	1522.9099	7185.087476317289
330	8	3.0329552315805244	8.20953	808.5624	3013.6905938367813
331	1	3.278075255891323	8.253615	222.7956	1424.6855043951489
331	2	2.6589522381208557	7.6586475	-1316.5944	969.4307927471607
331	3	3.2844086810311373	8.323938	2044.1997	2334.140041523015
331	4	2.9974468454410244	8.254923	-1038.5185	671.2991253470602
331	5	3.9119748414795588	8.680299	37.308	886.4810636882263
331	6	3.8171775411616946	8.516012	-567.8289	668.5675368508721
331	7	3.9605137997676456	8.7215185	2089.9979	1627.2647408508008
331	8	2.947028593171126	8.342042	2117.1427	2758.858034587605
332	1	6.632580693472684	10.285751	-1304.3836	2.5366967335808073
332	2	4.487157706486161	8.679345	-1937.3545	-302.66950209839047
332	3	3.0690883022138675	8.132726	-1581.8835	-413.5623990515434
332	4	2.5405935299184397	7.742042	-1586.207	-2152.3776388567403
332	5	5.909358749326573	9.417619	-1516.6837	-56.07887041124054
332	6	3.2270029739123496	8.156184	-1624.276	-384.75125833382566
332	7	4.30166830667192	8.62677	-2417.6304	-577.5126989730637
332	8	3.6692118939941105	8.502183	-942.0557	257.0446970925081
333	1	3.4649461863936173	8.097804	2232.6755	4319.34579198765
333	2	4.091343998166066	8.621297	2724.0212	2357.218811754746
333	3	2.62027938257825	7.7459164	-2051.8728	-8600.583416124175
333	4	2.22242343174464	7.618226	-685.997	2584.771360116789
333	5	3.0747124525001928	8.311117	982.4021	3232.9820482147525
333	6	2.913968263741427	7.2745557	-359.1902	1637.9715081892928
333	7	3.3722327673821253	8.0292635	-42.8748	1896.5854911135239
333	8	4.494141417097142	9.022387	-1754.4524	-77.58169280550061
334	1	3.805244918790661	8.560429	-975.9953	-400.01660300918047
334	2	4.25762506219784	7.37811	-469.5914	-92.32567890772573
334	3	5.159235757177917	9.009176	17.2514	127.1089945141572
334	4	4.7965316650479854	8.110317	973.9487	695.8911328162504
334	5	6.04139555537744	9.614608	-482.4795	-30.990648192491488
334	6	3.684076563565589	8.216001	-511.9957	-119.17956749775986
334	7	3.931297515705483	8.264997	1186.2058	1106.8320724575967
334	8	4.124803347500431	7.849828	1358.9461	1365.3065098574343
335	1	4.67744145064512	7.657418	-1265.5108	-1597.2399265445267
335	2	4.841240206265599	7.204085	-2239.9413	-2981.629979951706
335	3	4.876103185030726	7.264748	-2449.6057	-3358.252819774814
335	4	4.582243330697645	6.9626484	-199.1195	477.59838999708984
335	5	4.694640674363971	7.4007635	-857.8934	-862.3900573272819
335	6	4.756426570616661	7.964865	883.8334	1823.7477240559094
335	7	5.949692796187397	8.363826	-1312.5911	-491.16947480266793
335	8	4.592513354174473	8.241725	2263.6795	3164.487777741609
336	1	4.848063663111962	7.304733	-941.3643	18175.01320175905
336	2	4.942988984715876	7.652459	415.4045	7009.502021933042
336	3	5.622259126855219	8.707654	1012.458	2111.9933910357095
336	4	4.586427524004978	6.9133334	-902.947	3753.2265186495115
336	5	3.9503646228879035	7.7513156	-417.5645	1951.3479159610622
336	6	3.678003434525831	8.2468605	-1320.243	712.0856230790306
336	7	4.34579984493232	7.031514	-1.3605	4944.674669331536
337	1	4.725447501759428	7.166677	-1279.8491	-1409.0167342613825
337	2	4.88340241215849	7.7346053	-763.5028	141.25128643157947
337	3	4.512341301764096	6.9065857	-367.478	8332.747600605868
337	4	4.4513361313234725	7.241599	-989.0474	-211.484424336578
337	5	4.232208672392501	7.352776	-259.0714	1149.5045157681825
337	6	4.650002915945222	7.893829	1029.4121	1838.9815651099543
337	7	4.968255748981339	7.540314	-1126.6694	-313.14609631956773
337	8	4.546134979421716	7.5787277	1.813	1236.8504016439474
338	1	3.876713610564413	7.151009	1780.963	3462.7749334122823
338	2	4.5933461736841386	7.3765316	87.9561	842.9398537495621
338	3	4.632078178141087	7.5288887	-565.3919	-325.1747009340135
338	4	5.455880772164012	7.925922	-1395.4301	-777.3667301447769
338	5	4.335341148258937	6.9769583	-633.5291	-1449.5796289504572
338	6	4.952416834872584	7.8527527	-890.775	-494.46065329331856
338	7	4.0810079744092285	7.302094	7.8502	653.2689338862066
338	8	4.703019198710343	7.2971077	-1860.3394	-4097.225724087358
339	1	4.773832352210101	7.1703267	-1521.1538	-2056.3300558116593
339	2	4.402857763978108	7.205404	-1623.5844	-2957.8118083374097
339	3	4.586535415162636	6.9913445	-259.1933	1615.4105490636946
339	4	4.568564131038176	6.958106	-378.0603	1251.4752397875034
339	5	4.575155026422643	6.9867268	-1218.2381	-2859.041806519843
339	6	4.54890440666781	6.8940988	-914.0379	-1361.0792914581161
339	7	4.627732666872158	7.0508285	-1098.7886	-1515.561308672868
339	8	4.5156475933045375	6.8977456	-1066.5293	-2369.3873158118327
340	1	3.6849959443856095	7.018361	1149.5503	3006.9650268767937
340	2	4.679508389391421	7.059972	-1256.609	-332.3230941054888
340	3	3.5720004262869884	7.8277426	23423.7299	19867.803854008933
340	4	4.456728730270583	7.3171816	-484.3284	1764.1268042855284
340	5	4.680720071878091	7.8625364	763.0229	2071.9082677779356
340	6	5.000768450784893	7.553887	-755.9594	683.4052570759189
340	7	4.023307890539754	7.67698	-1428.3426	-245.1798864286296
340	8	4.4026420288890815	7.432766	504.0704	3320.0837931300484
341	1	5.030160415099206	7.891103	-409.097	931.1209084201689
341	2	4.957577425160392	7.44214	-1532.4076	-644.579768338463
341	3	4.771788771675804	8.643689	-550.3339	414.13723810384016
341	4	4.849208653898761	7.5239406	196.1163	2795.065581892951
341	5	4.644906846601567	6.9791045	-766.3124	4818.119186507822
341	6	4.874708566889545	7.2736893	-1747.185	-1634.3381785826289
341	7	4.482803297233115	7.2848864	-1005.4935	693.5774535606979
341	8	4.550297295952243	7.40016	-603.2804	1821.0508229787138
342	1	4.5083563263162025	7.2009892	143.052	3021.2192164286034
342	2	4.829511235162293	7.344017	-2523.1908	-4154.609380293069
342	3	4.470250687838711	6.8607073	-1084.0736	-2846.9020187926194
342	4	4.802247918778825	7.160532	-2011.6263	-4659.445696675802
342	5	4.580312610407283	6.971965	-605.5986	3831.1914328000576
342	6	4.755461647442597	7.452583	-615.4673	289.06818083372775
342	7	6.64782159361457	10.18633	-902.6867	-32.686925225721225
342	8	5.107961137654133	8.241162	1795.1403	1745.4144015044367
343	1	4.64873224602799	7.328328	33.2955	2723.315949031008
343	2	4.417662148300092	7.5071526	-621.1153	689.0091624997066
343	3	4.450648053798171	7.254	519.5349	3867.34030205648
343	4	5.076707109961095	7.3009543	-1429.7227	-530.9806805173074
343	5	4.6641032926055095	7.701051	-524.5732	612.3159776845033
343	6	4.65617473830721	7.730427	608.6029	1671.457889258897
343	7	4.386255605898461	7.3091063	-1262.9239	-418.80320559821735
343	8	4.814520100710877	7.2588	-1259.9831	-400.70052039853607
344	1	5.154710529186828	7.5620832	227.3647	7453.951712510833
344	2	6.424685513865398	9.231267	-156.4839	499.80540338478596
344	3	4.874687351181882	8.004305	-1476.7281	-57.39077773740723
344	4	4.619421923189371	7.129309	-1474.846	-91.57933877456976
344	5	4.546197840793733	7.110916	-556.5181	1654.301947492225
344	6	4.427502370780479	7.076827	-1209.6071	360.4602453417299
344	7	4.806334024629994	7.6473837	329.042	3858.504923280503
344	8	5.964808408869903	9.0259	-801.5799	342.46170652329306
345	1	4.554148483284082	7.0796237	-892.6975	10964.473580433085
345	2	4.486081858029099	7.2173705	-599.9875	5250.434363004436
345	3	4.7670164073441414	7.1448765	-1368.7199	640.8382290115778
345	4	4.535152661187213	6.9673314	-1393.4776	492.2244867252771
345	5	5.282295816743378	7.6342754	-1506.0424	-37.94125700967277
345	6	4.520582820408428	7.745911	301.4451	2471.0822767335408
345	7	4.463482234729393	7.2037287	-887.8423	3205.6848438057386
345	8	4.1313839219214445	7.470252	5142.083	11272.692726271302
346	1	4.495194374923514	6.927472	176.3344	55984.43703054213
346	2	4.480131975916572	7.015756	335.1303	17472.768191772277
346	3	4.313937970859951	7.398374	-222.7611	2294.1025588588655
346	4	4.593172711313189	6.9686575	-297.5103	24056.535847154875
346	5	4.665092948659667	7.8615675	-1214.1517	182.64343165548152
346	6	4.127845655059638	7.5847282	-291.2476	1444.070561549632
346	7	4.5507520419447385	6.9678555	179.0671	46789.286701679084
346	8	4.712118352077314	7.143447	-1823.2579	-1757.9679135017266
347	1	5.05372888989994	7.4432144	745.5939	1618.6852522517904
347	2	4.0079245077214285	7.478886	-190.2952	136.49075871115332
347	3	4.768830531666363	7.9502935	-1184.1931	-831.271027532324
347	4	3.888701178225903	7.3656955	2622.5198	3712.276152084775
347	5	4.221850892863729	7.1147738	826.4055	2819.584125053524
347	6	4.582379846229688	6.9278297	-787.8728	-22998.407151320156
347	7	4.597683155937966	7.115497	-888.9277	-4115.377462370561
347	8	4.539861639499427	6.9011073	-1265.141	-11480.026206445815
348	1	4.544196684529712	6.9710746	-71.0926	13382.363931353666
348	2	4.124523916851667	7.240275	-657.6155	243.81668593317195
348	3	4.421198704842336	6.9381933	-924.7868	-936.6735988846046
348	4	4.496850224195936	6.95043	-1049.8033	-3112.348220720482
348	5	4.5324263250941375	6.9724674	-1555.9379	-13277.497977100662
348	6	4.378532371726428	7.005776	-17.6317	4172.221936523712
348	7	4.5565847091869385	7.7425423	1693.7568	2622.286380833439
348	8	4.906037236434216	7.921583	-109.6645	589.0383483663655
349	1	4.501309908510881	7.229171	-1261.1497	1024.3889868529084
349	2	4.337238631125201	7.4044695	-1301.2813	524.0706702836283
349	3	4.54528092552181	7.0083466	-1046.4828	6577.0151364542135
349	5	4.600399592038998	7.1006036	1001.2299	22893.093797624017
349	6	4.061997544728981	7.363484	-51.4592	2438.5949523921904
349	7	4.372869388220887	7.2423873	773.3778	6911.305973596286
349	8	5.184319561031407	7.658549	-2049.332	-593.2949450451421
350	1	4.708227887219198	7.300633	-354.5272	-84.98352744585259
350	2	4.415478353944514	7.082995	-1180.2678	-944.9886343801674
350	3	4.486769919364103	7.252714	-308.9504	-38.55714004865006
350	4	4.603551121578096	7.087763	-757.511	-576.4071246129737
350	5	4.418397532714227	6.8606415	-27.4674	309.58549060634635
350	6	4.481132831802092	6.901488	-1295.0945	-1324.939020374647
350	7	4.613105009656148	6.960634	-710.6794	-570.5801961136048
350	8	4.523165579099769	7.034644	-1337.1301	-1236.1788011656847
351	1	4.669822766338902	7.1614714	-929.0058	1019.1770659189702
351	2	4.798935934575953	7.1102967	-1106.8983	510.0682569964502
351	3	4.837058015617148	7.2621665	-1146.5289	346.25855185655
351	4	4.451352066573796	7.0055547	-1259.2489	214.27365403838235
351	5	4.542695465879518	6.8195133	-1755.5324	-4977.215510363711
351	6	4.596830640504678	6.9704175	120.3461	10813.115987304174
351	7	4.389195564806518	7.264321	-38.4821	3498.8527021849263
351	8	4.558502842981498	7.004045	100.461	15648.535645289396
352	1	4.324117469115943	7.6461077	-245.5064	1561.7788392750288
352	2	4.643069923735299	6.9324403	-161.3792	5504.703266166189
352	3	4.638861225496147	7.219862	-1307.7737	-271.63903949096965
352	4	4.352718566272847	6.9725585	-600.2418	4769.906658096078
352	5	4.245515910705959	7.4016953	-124.5727	2863.325190232175
352	6	4.402317680214167	7.148233	-1973.7578	-5087.783730862268
352	7	4.550204077175928	7.2085943	-205.0801	7018.213217131846
352	8	4.571250834548948	7.668366	-1296.4741	-59.37557601556873
353	1	4.414453180474232	7.342248	213.228	11086.484724444246
353	2	4.76983276018815	7.086848	-1635.9879	981.9415224130598
353	3	4.3432199577331065	7.0620303	492.7834	17701.78217798606
353	4	4.431522669328484	7.0816727	407.8795	20872.73235708422
353	5	4.556442853846018	6.8252187	-648.5567	3320.4989366035593
353	6	4.581111412577955	7.0911245	-1226.2019	3900.8656894677565
353	7	4.758324002779287	7.4925976	-445.0362	3903.7760701102775
353	8	4.802485191614626	8.190333	115.3558	2126.9049360896897
354	1	6.396600241044337	9.442298	2086.1065	941.4063135966901
354	2	4.014096414345153	8.012697	-768.8568	-1389.6503648858918
354	3	4.717804197880943	7.0362616	-1665.7256	-1592.8019277564988
354	4	4.651271612225606	7.074273	-1309.152	-1316.8161630253956
354	5	4.447060670080678	7.2097025	-1182.9481	-1272.178173104525
354	6	4.949645677132942	7.297262	-1140.1585	-1403.0925307570858
354	7	5.00286051286116	7.9597497	-773.7792	-2539.892193794969
354	8	4.500301378149293	7.2000303	-763.672	-929.7560490320908
355	1	6.949373367773656	10.281974	-2339.7981	-4165.453495876864
355	2	7.720501030914847	11.101897	14447.6125	5178.831741011865
355	3	6.409757731449746	9.650256	381.1182	-4147.321543086199
355	4	6.049226664161155	9.196493	-97.9345	-6894.458328979448
355	5	5.264842540441836	8.468169	1496.3766	-444.9191797272938
355	6	6.876087684821703	10.470545	2909.8551	613.7328154649897
355	7	7.835108217918109	10.838924	-1439.846	-1712.0469090884615
355	8	5.853863519023409	9.868404	-1025.6524	-4480.975773922591
356	1	7.033847798047648	9.628307	93.851	889.5579752993394
356	2	6.410778324849361	9.922985	-1185.2564	-314.86814304769445
356	3	7.9220101001066405	11.358002	-1319.9641	-111.47060346035308
356	4	5.200452908758283	9.492142	-435.6667	909.6042878403604
356	5	7.015799523426124	9.828329	162.4486	982.3517651770803
356	6	6.373816857721457	10.076145	5.326	2053.6225323382946
356	7	6.371174395264355	9.943548	337.5508	2452.8386773133147
356	8	6.008808551026994	9.483511	-806.4297	443.55454491399894
357	1	8.778110978777242	12.151521	-527.9895	678.361443181246
357	2	7.927041464712628	11.279146	-1371.4069	-334.7503664257007
357	3	8.219200844817625	11.649735	130.5447	2894.6396304248287
357	4	9.238656385959306	12.6058445	-1360.7537	-22.137201519967316
357	5	8.854578208278397	12.20745	-1642.2793	-251.855789045478
357	6	9.357051616093653	12.624373	-2731.2173	-725.2874235323633
357	7	8.183113529582538	11.45661	-99.5941	4430.848564303304
357	8	10.120180275689364	13.281501	-2064.954	-248.28905793138287
358	1	9.523433867649121	12.741415	-2194.7265	2392.177711826655
358	2	9.05663432531725	12.352931	547.0507	7643.9822235370175
358	3	9.964389892093646	13.199124	-3079.1929	-395.21177359544697
358	4	8.592661424193084	11.995001	-1268.3133	1500.2902138625245
358	5	9.012117890274482	12.342661	-3056.8023	-763.9711477694402
358	6	8.751451698594671	11.995181	-2116.9757	697.4439015836828
358	7	9.078825980646954	12.41665	-1617.2543	3483.9633518256123
358	8	8.757990694255659	12.227683	-1668.9462	1435.0641023088701
359	1	9.565921759427797	12.690441	-2066.1828	1522.7569011694368
359	2	9.502878367581632	12.708737	-1803.256	1670.3691441742242
359	3	9.298485917094487	12.5900955	-2314.5143	809.4424693546003
359	4	9.54835161411371	12.743947	-2447.0044	948.0771710882177
359	5	8.954776605590345	12.228765	-1489.2099	1094.8368447220178
359	6	9.511298563084388	12.697885	-2711.7646	514.255424892928
359	7	8.566221005589265	11.969932	-2326.3006	392.3011283130281
359	8	10.360729886946157	13.457333	-1140.1201	4417.798344805633
360	1	10.230940457625197	13.321576	-2397.8615	-5677.54092126023
360	2	9.153678820012678	12.459795	-3353.3876	-1409.5202970309256
360	3	9.51950333101666	12.7724905	-1813.2167	-622.3492313797642
360	4	9.765403221701172	13.032165	-1522.1947	-532.0309146772851
360	5	9.473896924971251	12.7738905	-1902.2803	-696.8993199897538
360	6	9.749826574384452	12.938655	-1999.1516	-1062.062956004813
360	7	8.952100041883815	12.305539	-2165.7578	-563.5863197812865
360	8	9.248619691328122	12.563263	-2705.7703	-1121.0671064274843
361	1	10.033707365036012	13.198847	-2492.5606	-424.03826639818476
361	2	9.188601613173162	12.488852	-2660.018	-204.54462060490818
361	3	9.373201707399039	12.70439	-3344.6394	-904.4788390205441
361	4	8.953280076020057	12.23903	-2707.5355	-188.86833291707765
361	5	9.01137670440368	12.2236595	-1040.9276	853.0871592428748
361	6	9.642772369991787	12.891233	-2828.6421	-630.3520452528096
361	7	9.714984347070407	12.866535	-1399.7699	1539.6465012391627
361	8	9.998776240655666	13.160703	-2327.0411	298.931823256392
362	1	9.593146001921722	12.844039	-1201.1313	2373.9383650393374
362	2	9.08210198889739	12.370482	-1779.175	584.560679036638
362	3	9.18052742998302	12.3598995	-1192.9652	1085.0743372408306
362	4	9.009279929906027	12.319377	-3828.3021	-1023.3835792457811
362	5	8.987095456464536	12.3122635	-2281.6073	156.8783066718525
362	6	8.7736027132019	12.007523	-891.5793	930.1167101913212
362	7	9.075135020233915	12.411193	-1960.9757	453.66267560123896
362	8	9.133621976495078	12.411441	-3464.4988	-828.6294291533891
363	1	9.017852294772966	12.308318	-1143.5188	73.6239898999918
363	2	8.347073083638609	11.723227	-164.6703	600.4819240133654
363	3	9.00416724598247	12.238451	-1825.2011	-728.0648334421296
363	4	9.115485441213593	12.30935	-3418.1096	-3018.103605061555
363	5	10.188077691994064	13.31715	-1803.5325	-819.6513845132962
363	6	9.358074827187085	12.708703	-2480.8215	-5318.408930020927
363	7	10.315481465511231	13.516932	-2805.8141	-1624.1475676825858
363	8	10.188868264546112	13.380336	-2387.0171	-1449.6392456789208
364	1	10.474786722696113	13.574433	-2756.7393	281.78710553217473
364	2	10.469578606448406	13.605538	-3548.3112	-4228.2391818296555
364	3	9.972429608812291	13.185356	-3205.5216	-923.4300134443414
364	4	8.95079110086827	12.369646	-1585.9894	692.5294659412847
364	5	9.40667205191122	12.731512	-2325.7814	411.60317951192036
364	6	9.220141207116805	12.5826	-3115.1926	-222.23137428258914
364	7	9.989252863562138	13.149107	-2753.9939	112.02594670168767
364	8	10.293417328687378	13.407155	-1115.2391	16224.559832958661
365	1	9.584358138531101	12.810523	-1834.8326	1460.5471415479817
365	2	9.164603064860858	12.481235	-4005.8878	-267.85835751686
365	3	10.294858937955013	13.462377	-3281.0668	1260.6179268240192
365	4	10.138829208257146	13.293718	-484.9447	7093.021250325125
365	5	9.109594046526897	12.434301	-1981.7317	892.9916067917538
365	6	9.795282105069225	12.958541	-2411.7504	1202.0873574678396
365	7	9.16136412481585	12.469901	-1570.7147	1142.623679365594
365	8	8.914983108836154	12.263788	-1564.8456	962.6202190415488
366	1	9.175324971986148	12.424873	-1780.6233	988.9484307687482
366	2	9.609266781757908	12.809857	-1125.0903	2252.5685755569866
366	3	9.54403826619806	12.759198	-1961.1031	1363.2949574473412
366	4	9.7522099856831	13.00045	-2634.8584	912.4723285924177
366	5	9.523484606031987	12.82267	-1848.8402	1454.4605637423128
366	6	9.412904667202492	12.682696	-1515.6148	1498.4248078009246
366	7	10.179409727453686	13.345278	-2083.3127	6675.848974708104
366	8	10.467865134937302	13.55678	-1983.1727	7207.230226050963
367	1	10.41751131075755	13.492628	-2144.6305	-1673.67080181408
367	2	10.605726892704546	13.745063	-3207.3423	-4907.816075260456
367	3	9.981881739348735	13.162292	-2783.2845	-1313.618593179153
367	4	10.312492524507574	13.484764	-2880.4137	-5730.432542768694
367	5	10.515808110303391	13.568789	-2547.0625	-12533.670013989644
367	6	9.459485402379814	12.733183	-1715.2024	207.72015162211179
367	7	9.08368267576874	12.4298115	-2321.7573	-193.80148382506476
367	8	9.24516450716464	12.544698	-2943.3327	-609.8638327388093
368	1	10.166594260811012	13.318227	-1916.2511	1533.8035296371224
368	2	9.485013101741133	12.792702	-3107.8135	-445.8661252823025
368	3	10.029471957175907	13.228204	-3055.8052	-868.2600169922911
368	4	9.969826197929134	13.199795	-3103.3716	-882.0109826688139
368	5	9.560846005183532	12.781782	-3108.9881	-460.3773819588596
368	6	9.33290519319092	12.610023	-3096.5826	-368.7408370970041
368	7	9.911854315499479	13.139152	-2144.2848	559.5168261663435
368	8	9.385161812518	12.616677	-1933.0678	419.96110491088695
369	1	8.928890553393858	12.301943	-2679.1543	307.9129208217677
369	2	9.97499943326749	13.118207	-1916.7783	9684.604522125726
369	3	9.72260010710004	12.961131	-1557.3725	4839.904368560486
369	4	10.252834762903904	13.401556	-1367.6903	4953.704342799077
369	5	9.760217527897874	12.955636	-2605.9071	1351.1094994115583
369	6	9.350384683151653	12.543872	-1154.4983	2179.9346435169555
369	7	9.397555328354345	12.683459	-1593.6422	1951.5807378523016
369	8	9.691162275595682	12.8994055	-2968.2601	321.05837524913494
370	1	10.056713768227453	13.275337	-2242.5381	-3676.9243876421597
370	2	9.925169874980035	13.13414	-2759.5856	-3415.3052905445375
370	3	10.215606840169315	13.349896	-1709.0495	-3818.925726283699
370	4	9.650225571101075	12.922316	-3309.7687	-2506.1538904817844
370	5	9.026663102469934	12.359647	-3059.9216	-1053.714342717078
370	6	10.047675669820427	13.299948	-2785.2597	-5712.279724097689
370	7	9.429879332275764	12.687478	-3350.4643	-1868.3435577265498
370	8	9.168779271050829	12.529799	-2709.5998	-967.5774897065482
371	1	9.750369365710803	12.873161	-3038.5071	-476.3568854953764
371	2	9.204790064551753	12.600312	-3171.0484	-340.68003275793257
371	3	9.599255987027018	12.742532	-2705.4612	116.34388027861141
371	4	8.459979841867932	11.984129	-1286.8465	721.9549804860796
371	5	9.626523136824666	12.819967	-786.5405	3032.1920802456834
371	6	8.737077806228285	12.198101	-2204.9441	323.3877974113434
371	7	8.929252047128069	12.333538	-887.7308	1293.2277549419832
371	8	10.072353661726456	13.265515	-2822.7984	-999.724770338212
372	1	9.109801233264958	12.42191	-2739.4461	65.19805432133793
372	2	10.28971223136244	13.425537	-2991.5084	-692.8871646508991
372	3	10.396906823077568	13.505796	-1970.7594	2342.6157256174856
372	4	10.149220694408873	13.206121	-1783.3804	9962.525214240944
372	5	9.349929807605083	12.642229	-2668.8423	159.36973062380395
372	6	9.58518819843495	12.819528	-2814.7498	11.835695015365069
372	7	9.330403480683795	12.625507	-3580.5952	-735.6523467458262
372	8	9.481633384553449	12.628247	-1033.6208	1907.61209041947
373	1	10.45085762789927	13.576873	-3640.4005	-3116.5329626029707
373	2	9.236740145715801	12.590919	-2807.4106	137.27734692695515
373	3	9.859647266561074	12.994868	-1097.351	3045.103769881607
373	4	9.626233022559918	12.929613	-3578.2311	-737.5544599155712
373	5	9.166936112748534	12.303642	-1840.7313	734.8337107208815
373	6	9.972734847994856	13.194187	-2699.5167	807.4304437383164
373	7	10.293529285704956	13.421831	-1349.8103	43395.79845776121
373	8	9.579814672799625	12.943598	-1806.9037	1421.013537608547
374	1	9.104381994441814	12.462647	-1437.2782	1250.8304200870027
374	2	9.88787237206508	13.052522	-2862.8242	1020.7053631061555
374	3	9.72577233203165	12.901453	-1685.0948	1953.9741490602207
374	4	9.870123567127015	13.071084	-3492.1319	200.680845404883
374	5	9.436088151588205	12.728744	-1339.4837	1829.1114307456432
374	6	10.355884707344122	13.471529	-2176.6059	12474.747948129487
374	7	9.345393225350442	12.630582	-1808.8466	1275.0541914026137
374	8	9.142832111979104	12.386152	-1740.7499	1088.0916003524187
375	1	10.125016828215733	13.2767935	-3617.0006	-4492.680477874022
375	2	9.263222988105593	12.613079	-1867.0155	219.8639838996014
375	3	9.536403653805113	12.793929	-2360.3694	-174.59768316726763
375	4	8.619538539010701	12.077077	-1464.6472	315.62254329909115
375	5	9.501108687095593	12.749155	-2562.9418	-348.10910396041345
375	6	10.10112241636276	13.295547	-2293.7498	-381.78400314754515
375	7	9.324935594368814	12.583703	-2071.7985	77.03654948684898
375	8	9.55398878143887	12.835121	-3142.2462	-950.9078763354738
376	1	9.565723125874973	12.851962	-2451.7152	-232.81764561414005
376	2	10.386717280942195	13.520021	-2642.4324	-1041.321089389544
376	3	9.123307210204768	12.420461	-1493.8204	612.0838032717984
376	4	9.533311330224434	12.703797	-2034.6958	312.1202983385354
376	5	9.646535122303892	12.864415	-3737.8644	-2264.9692109152643
376	6	9.26079697627331	12.600825	-2457.1723	-153.31663590245333
376	7	9.39534747360931	12.616169	-2471.9468	-186.40465440842286
376	8	10.52241906080567	13.639499	-2845.1225	-989.0720202259224
377	1	9.625650721663952	12.8650055	-2875.9223	-230.48094206899867
377	2	9.286096086455126	12.5159855	-2109.3443	358.86463463489014
377	3	10.226142299315924	13.37707	-2854.0134	-1037.3093355466008
377	4	10.01875873297452	13.154683	-2344.3685	582.8742281697816
377	5	8.122430929564963	11.769755	-2028.164	208.03952006208095
377	6	10.260475319649007	13.433071	-3201.4611	-4237.493727369355
377	7	9.39457864320593	12.691518	-2080.8546	451.4502179242801
377	8	9.47002299035767	12.778806	-1743.6422	792.9079826142716
378	1	9.280199313037043	12.589616	-3192.413	6.989721675287409
378	2	10.327716075602405	13.482574	-1608.719	15438.81775461362
378	3	9.475840436603699	12.75948	-2413.8507	755.5865035943231
378	4	9.943510367358156	13.18466	-2538.9149	1697.3251134623151
378	5	9.976553782583197	13.1657295	-1531.7341	4615.621427191219
378	6	9.041531605282941	12.523096	-2811.7849	248.73370942555096
378	7	9.06758372418547	12.464773	-2002.8714	780.6490426972562
378	8	10.52360146968286	13.623171	-2236.9444	3152.7669736839152
379	1	9.159786225200595	12.388647	-3300.1727	-580.3101526350451
379	2	9.396250694668149	12.591363	-980.4697	848.2167630343496
379	3	10.3021242882651	13.444847	-1190.1761	3858.723054525224
379	4	9.711691553758495	12.986338	-2570.429	-332.6204668904659
379	5	10.178918143227612	13.306905	-2365.5415	-282.18929152516273
379	6	10.224482843254377	13.372454	-1806.7846	1170.4465271369654
379	7	9.424849449803649	12.74251	-1550.9229	506.97943917686223
379	8	10.05205326460118	13.270401	-2795.6401	-996.7226457631257
380	1	9.237222878252883	12.54873	-2414.3933	-879.5978319166912
380	2	9.17641963063527	12.503819	-2769.9695	-1089.895684863995
380	3	9.52256307763474	12.820468	-1876.198	-721.0808049271221
380	4	9.778785441177723	13.037042	-3766.908	-4007.846235481051
380	5	10.150543638435957	13.293688	-1485.9848	-1183.648107386785
380	6	9.045828509443556	12.369592	-223.4141	576.6944213715171
380	7	10.647002915811811	13.746274	-1892.9936	-1491.3115968558088
380	8	9.817372608151274	12.973513	-2834.182	-2363.5776723452695
381	1	9.452167105450975	12.725001	-2506.7159	-396.46979854897415
381	2	10.176762218757156	13.343764	-3409.3349	-2348.0486304346177
381	3	9.692693219067296	12.955689	-2897.5079	-813.1952580856423
381	4	9.452116824506653	12.825609	-3685.0512	-1197.7018541222237
381	5	9.672550472592999	12.852415	-3545.3663	-1215.547441481691
381	6	10.186366993565873	13.3514385	-1566.3752	534.3649628299802
381	7	9.568362937091022	12.694569	-2727.421	-556.0250165550941
381	8	10.304017936656356	13.498412	-2413.5007	-1188.3039314218593
382	1	8.725552954401355	12.031645	-1794.1437	284.7821605120071
382	2	10.596905489683255	13.652565	-1388.2243	3186.8481179811824
382	3	9.211110284144949	12.5113945	-2668.4576	-171.44208050664045
382	4	10.098271036173454	13.292234	-2289.7301	453.70235071116434
382	5	10.361085086280351	13.477129	-1748.9319	10441.737330296377
382	6	10.306320070932628	13.375007	-2214.4787	1475.9817107682925
382	7	10.719576340253981	13.803847	-3000.608	-1129.3560761298568
382	8	9.932202332073732	13.169479	-2704.6014	-642.7510463450551
383	1	9.558962790752112	12.755255	-2954.3295	29.716031712264737
383	2	10.703748667972947	13.820097	-1749.4301	44256.84587492643
383	3	10.349767537529848	13.510838	-2411.0307	1295.2195606612345
383	4	9.891328607067088	13.043858	-1359.4452	1450.8207539053074
383	5	10.427912554339981	13.529804	-2537.2395	1139.4484029667499
383	6	10.093995121613494	13.2780285	-3620.8968	-767.3900656604961
383	7	9.823592002801762	13.028128	-2417.4046	494.51937793602815
383	8	9.35143578896495	12.641661	-2231.0363	432.3350648354224
384	1	8.909411411917066	12.31047	-53.6044	715.6287788729688
384	2	9.437875067085763	12.684529	-3690.037	-1173.1896506479702
384	3	9.898372835924294	13.095058	-2899.9584	-1106.2200508123842
384	4	9.094924404627811	12.363417	-2316.972	-261.93888772702513
384	5	10.424795584988768	13.538986	-3400.9994	-4329.269860284844
384	6	10.608168380453558	13.623126	-1190.852	2838.7061344553267
384	7	10.187302534904621	13.312228	-1779.6758	-42.452172913338835
384	8	9.472275027603702	12.759854	-2736.3431	-628.8607538550872
385	1	9.5408502865112	12.804755	-3077.3096	-1452.8281934102931
385	2	10.473055372732025	13.572998	-2043.1423	-5591.4113149248415
385	3	9.517786101158519	12.8308115	-1730.7012	-403.6788511790434
385	4	9.292801705515553	12.536154	-1688.919	-285.96028073794344
385	5	10.162461441515804	13.271418	-998.6208	320.4413932279975
385	6	9.46006341324634	12.749246	-2809.2411	-1147.1192173000918
385	7	10.403977423154597	13.51893	-2713.9785	-6408.076123477848
385	8	9.77093322918387	13.002459	-3071.3434	-1833.357916516292
386	1	9.468668002411109	12.761943	-1762.3662	812.1057398811248
386	2	9.583701690587104	12.784898	-2559.1422	144.55396253290087
386	3	9.536573660334563	12.816038	-2466.5323	227.85471745683859
386	4	10.535597048520362	13.594818	-2419.4855	2161.4806987385523
386	5	10.499698419680271	13.5727	-2542.2064	1500.3561010392873
386	6	10.064113581327378	13.210874	-2031.4923	1471.8827659831666
386	7	10.550773073462144	13.667376	-3353.6532	-3177.294946492858
386	8	9.459901630448527	12.694592	-2040.5653	543.3562961608204
387	1	8.902526753630422	12.0843935	-1252.9978	929.2280956904186
387	2	9.503468990272232	12.785758	-3115.198	179.21224385152982
387	3	9.620816071779364	12.88186	-1442.5015	1617.416433076069
387	4	9.85081235920518	13.07214	-2210.659	1303.1417058200116
387	5	9.943171984684222	13.128168	-2839.2945	654.262680291645
387	6	10.294457254161573	13.382793	-1721.0028	4648.990484154813
387	7	9.55337201575316	12.771988	-2130.5927	924.7402788758271
387	8	10.257188161524345	13.401501	-3656.3039	-762.9687731524252
388	1	9.048124806404214	12.435551	-2600.2826	686.1189175877541
388	2	9.592123177098031	12.825297	-1928.8755	1948.734336602262
388	3	9.66563800838823	12.946056	-2176.3825	2131.032102708856
388	4	9.534332142055606	12.741222	-2315.5036	1375.3464379993568
388	5	10.099331790275652	13.329569	-2371.0691	8565.147199149096
388	6	8.91239524638959	12.228646	-2696.5346	533.3658385176833
388	7	10.41315262430903	13.5183735	-2373.8447	6048.602427803949
388	8	9.43636054408224	12.674181	-1991.2216	1550.7842909326787
389	1	9.82091930611784	13.089068	-2369.6831	5.726342636905877
389	2	9.751525344968476	12.916655	-2087.6714	302.9025200845193
389	3	9.62818692529078	12.8387985	-3340.8305	-938.7577353427689
389	4	9.515954165765141	12.787967	-1715.432	581.9151504816174
389	5	8.622301983636815	11.994938	-1807.6728	240.75560011468852
389	6	9.662619738620268	12.841443	-2082.9606	281.63901051586754
389	7	9.821514732236425	13.068087	-2837.8835	-642.1284539288861
389	8	10.149161739166738	13.29298	-1833.6337	1544.2427828220104
390	1	9.678790700192998	12.928363	-1940.0966	-182.14756152932674
390	2	9.224190540532202	12.476934	-2647.4346	-665.7136483859209
390	3	10.034037240679558	13.28881	-2098.2769	-2370.6963272708267
390	4	8.25810139457152	11.553615	-1513.9171	125.15759464702599
390	5	10.23753829019098	13.339826	-1009.8638	9179.407843375342
390	6	9.051631926158786	12.402433	-533.1204	902.5439170854759
390	7	9.029768054332104	12.376449	-3642.4225	-1271.9137760172714
390	8	9.917227890501861	13.140271	-2954.8439	-4283.778572104638
391	1	9.22571529136685	12.493146	-2113.615	-13.140682234171637
391	2	9.614398560485789	12.899209	-2997.17	-1592.5676626601892
391	3	9.24315719344991	12.415089	-1273.404	677.139740968794
391	4	9.14369784325268	12.44879	-1416.5854	563.5781989749349
391	5	8.965652030929762	12.268758	-1299.1488	541.1191123972739
391	6	8.893108924167963	12.220767	1032.3246	2023.292991410218
391	7	9.59663749361966	12.857424	-2344.4629	-400.13011523796473
391	8	10.118236671623347	13.280353	-2813.1309	-7567.699035378571
392	1	10.365546872671498	13.503114	-2314.6816	1611.523420637015
392	2	9.238631841262443	12.559919	-2705.5026	93.57307216964068
392	3	9.048651678775181	12.419723	-2509.4536	222.19475117384061
392	4	10.31848365533754	13.4693165	-3401.4434	-2338.1429615694415
392	5	9.332783251469818	12.635243	-2447.0977	353.3288373709619
392	6	10.610285689933498	13.668017	-1725.3062	1790.0174351164728
392	7	9.217404048266719	12.477707	-2079.8899	570.149452603376
392	8	9.070572588183216	12.412597	-3216.6256	-296.01907066267614
393	1	10.28053111674531	13.431447	-2067.8236	26501.16858624962
393	2	10.015040960955828	13.210726	-2230.1173	3109.1391046841914
393	3	9.588472591469984	12.813189	-889.6066	2577.2903761849047
393	4	9.407126377127428	12.782507	-2119.4963	1161.3703394363508
393	5	10.072824832123226	13.257356	-1965.3918	4589.502759955155
393	6	9.819022433404587	13.094878	-2508.7198	1443.0881401126312
393	7	10.125791032024933	13.314466	-2221.3075	4910.223375934774
393	8	9.57729945690358	12.8295965	-3661.9599	-273.6280862992849
394	1	9.247166065851527	12.562502	-3314.2979	-946.0590910290582
394	2	9.846477573885283	13.073794	-2488.5759	-763.3573388689628
394	3	9.58239574873706	12.880774	-1435.3611	1111.9329112406454
394	4	10.45062973375888	13.511208	-1583.1527	1734.2248376611456
394	5	9.116721514913765	12.568066	-1165.9126	818.6656842086197
394	6	10.087716288355361	13.227505	-1277.4039	6603.429500302032
394	7	9.54860397844457	12.843595	-2425.2608	-282.3252900093603
394	8	10.534965471132775	13.66216	-3091.1809	-1669.9800727410986
395	1	9.48529273269334	12.7713	-1869.9347	906.2901615992625
395	2	9.042827865919362	12.398289	-2252.2932	437.5442373905582
395	3	10.268181679241202	13.389329	-2137.3906	2449.947660000647
395	4	9.797329275265366	13.012201	-3251.3019	-167.83733010272522
395	5	9.424373517251638	12.789658	-3133.1949	-30.001078378258047
395	6	9.79195104146382	13.038288	-3804.2698	-740.7125220802748
395	7	9.18614828349331	12.571965	-1697.146	819.1378821974477
395	8	9.2867252359749	12.58411	-2851.2935	148.97469332823704
396	1	9.29463086662142	12.588935	-2542.1772	-331.0251706436048
396	2	9.082751757024232	12.412985	-1156.766	662.275266469412
396	3	9.777761097898544	12.947321	-1639.228	783.4969822506989
396	4	9.91750700662414	13.162042	-2127.9724	24.102900587091852
396	5	9.188042582079843	12.48701	-1176.1323	699.6595693637889
396	6	10.221233978685115	13.4244585	-2402.5135	-4091.8510599084507
396	7	9.158415779524923	12.504269	-2702.8215	-414.713861671669
396	8	9.162552253715555	12.575933	-2542.5186	-291.6329399354263
397	1	9.425070456393511	12.702436	-2048.6089	320.95688044925964
397	2	9.87703256357985	13.133128	-2494.3897	-203.25579671131752
397	3	10.221390955242395	13.391662	-1997.6073	15512.850492770543
397	4	9.589647681218812	12.840712	-850.4536	1765.176040480306
397	5	9.454088669448923	12.7478485	-1150.9145	1255.673490424394
397	6	9.610438278337647	12.904412	-2394.8882	9.817453094327456
397	7	9.446761882721303	12.751958	-2355.033	47.31695501352917
397	8	10.14673755960804	13.335664	-2488.7091	-654.3991731401919
398	1	9.940361861755509	13.07409	-2030.7192	1259.5111114314702
398	2	9.085390002028225	12.333831	-2574.2931	-61.17496802637038
398	3	10.43686354012166	13.55109	-3639.0271	-3113.045850421064
398	4	9.660782563661316	12.913131	-3327.6485	-1306.42857070105
398	5	9.26181544746146	12.5721855	-3170.5039	-599.8444646761965
398	6	10.34596608472341	13.435686	-1575.375	3990.6603856597403
398	7	9.377842869789683	12.543846	-2560.9354	-69.03976672968204
398	8	9.158241600307464	12.46976	-3731.6085	-957.1621678682624
399	1	5.488632941903195	9.806982	-73.3433	565.6634310406182
399	2	9.659701940256715	12.965512	-2048.8929	1651.8505715972956
399	3	10.30103671302131	13.416588	-929.9549	13233.854689439002
399	4	9.509344620277272	12.81989	-2660.8674	851.3542496498683
399	5	9.051087119146853	12.246135	-1352.8439	1216.363366745124
399	6	10.045210599498699	13.241132	-2544.4593	2244.5216285495394
399	7	10.16290463383185	13.27719	-2281.4213	3433.6485465054266
399	8	10.177593929367479	13.356536	-2873.5909	2543.572516052436
400	1	4.208466866343166	6.984548	339.2563	599.9278700109355
400	2	4.788433060634997	7.342012	104.1391	361.1712689815902
400	3	4.620977249810772	6.9292245	529.7261	1081.9344213865681
400	4	4.4503185344714336	7.146452	-1276.5906	-1019.6049483208841
400	5	4.3990790992415665	7.2611513	200.2074	407.3181766457527
400	6	4.185829233506591	7.3114614	848.7923	883.501950751079
400	7	4.690807479739709	7.1494126	-1804.7264	-1760.3603761845488
400	8	4.391815884258583	7.674557	-653.9645	-266.0954309209704
401	1	4.5690272433216785	6.9516497	-1444.1383	1709.0731068562866
401	2	4.522727191777964	6.7809215	-508.8678	3641.988904975554
401	3	4.265561009181732	7.8190227	-1081.0439	913.5568583927679
401	4	4.503641491269102	7.003446	-1429.5551	1774.6420895283695
401	5	5.276465627739577	7.576062	-546.4575	1887.7924523256347
401	6	4.568401806391425	7.2956753	-1083.5224	3415.6363871438034
401	7	5.363888410786782	8.792655	-685.9197	658.6058415573843
401	8	5.301989416725954	7.593035	-2160.0257	-504.8396464348555
402	1	5.493696046633908	8.112374	-1494.7316	1142.6712441592938
402	2	5.457494651101785	7.7056384	-1851.6565	1472.2874893790913
402	3	5.56117773418229	7.7307286	-1121.7091	3180.24415903585
402	4	5.7382516346033885	7.7904067	-873.3746	3188.80434639547
402	5	5.924633892866653	8.298746	-360.8467	1975.6258143383695
402	6	5.28681008864598	7.4888754	-1938.0959	1891.9461542322865
402	7	5.433811170100437	7.7057796	-1145.3946	5496.620863526328
402	8	5.098948030773098	7.365883	-2382.4949	-781.536522814842
403	1	5.815615561333528	8.615498	-543.5072	1645.3083922301566
403	2	5.552043809936991	7.8828526	-1506.3036	-39.49465052280418
403	3	4.772840026650789	7.2903614	-884.8099	580.6209580195853
403	4	5.775889097455148	8.248314	-121.3196	4750.708223747527
403	5	5.0955741373628785	7.3468394	-1049.7045	526.599610435448
403	6	5.3940712609885635	7.5865703	-2766.6295	-2238.0092316311193
403	7	4.212262473596604	8.069985	12715.2858	12939.559929789695
403	8	5.980460005115157	8.114282	-321.2746	2647.3769662900204
404	1	5.27308803576443	7.8153143	1876.5412	2425.3822842886634
404	2	6.090631999326644	8.285732	-913.5781	-913.4246366612157
404	3	5.673502303288603	8.5682125	-775.2267	-1386.96763382063
404	4	4.969316057057639	7.9451756	-676.9227	-127.47579481771537
404	5	5.996139547944051	8.078113	492.5058	1948.0239830341663
404	6	5.814311156051373	7.772083	397.0309	1043.9988237975879
404	7	6.063294119505413	8.093797	-112.3754	772.7671992578696
404	8	5.120947741879611	7.561882	-2752.6053	-1816.0915572912581
405	1	5.932561578898226	8.177313	-333.0317	856.5625396658922
405	2	5.274244376629837	7.57212	-622.0524	149.065265137016
405	3	5.02328216913987	7.5559955	-565.0028	175.22131892710877
405	4	5.491290223905238	7.6524835	681.793	1526.7923924339348
405	5	5.293460539648483	7.853406	-563.9927	275.64303003974595
405	6	6.0355123264573916	8.579044	-733.407	131.0327402023435
405	7	5.748579994584827	8.45247	-157.5215	3381.3055234107233
405	8	6.104181756888588	8.3085575	-1187.2501	-781.3218058028325
406	1	5.705052991887911	8.114498	-648.5536	157.58171401221605
406	2	6.369597061609881	8.364148	-264.0493	1217.1018141236566
406	3	5.140266907127002	7.385127	-1058.1541	-236.52657047633198
406	4	4.120105728292821	8.353904	4232.8935	3015.027666709937
406	5	5.5496298290437425	8.272116	-1883.6747	-2443.1299140333244
406	6	5.741787902140029	8.383218	-320.5603	1828.8773883928907
406	7	5.933555742139062	8.232075	-506.9587	791.7145060264689
406	8	5.430312118635938	7.7223167	-2324.8497	-1620.193348511629
407	1	4.799539173709962	8.685537	769.6368	3035.832469815659
407	2	5.074644533525225	7.515085	-1730.2298	165.21447765633533
407	3	5.716056206020387	8.27127	1529.3941	27500.747574076846
407	4	5.022999187264653	7.7216516	66.0073	2544.0931522423048
407	5	6.045328483685197	8.086478	-1686.034	371.9500138732786
407	6	5.2274003462582534	7.718922	-2638.5313	-1243.7027988365462
407	7	5.42479308705945	7.825068	-907.0752	2025.7905433372516
407	8	5.833761330756448	7.888239	-940.9087	1811.0445691349503
408	1	5.5316105436772895	9.581791	-693.2065	-1388.0349090137631
408	2	5.539993841167418	9.45769	-970.1941	-1837.0632588125975
408	3	4.805574628040747	8.867849	1027.1899	2997.540459653852
408	4	4.39204064712353	9.101439	-1652.7188	-5249.529224106441
408	5	3.629217920335216	8.599303	-1722.0753	-2192.396919622654
408	6	5.2833971971409435	9.517619	637.4424	-148.07778163883702
408	7	6.793058149415623	10.004462	-789.1392	-649.2562196755573
408	8	5.102271370547396	9.192083	-1548.7595	-4047.605778450419
409	1	4.839960489118129	9.18455	-264.7818	4156.718622273506
409	2	5.704884037091309	9.58176	-1151.715	398.20552619037267
409	3	4.510302179296756	8.985194	-1016.667	3805.4466123546968
409	4	5.774654549815362	9.947468	-462.9574	760.9277411720711
409	5	5.713229835295749	9.810253	1635.1596	2155.5428720455516
409	6	6.5938920383991455	10.283782	-1295.9051	149.9148390024678
409	7	5.31090046192775	9.698571	-1829.1963	-193.6127428389866
409	8	3.390130886965489	8.594336	-791.3154	735.8195121525796
410	1	4.707653807478489	9.042666	371.9427	2767.8522222325355
410	2	5.037048628204946	9.312002	-128.2032	4750.343755851032
410	3	4.3046201454194275	9.023552	522.1345	2122.5405833211066
410	4	6.013106417747617	9.67251	-453.6145	2035.673393009488
410	5	4.694775211037879	9.181673	-923.5653	1239.7882629270212
410	6	5.14969572132192	9.07815	1914.5507	6906.428217807742
410	7	4.068124993435604	7.61944	706.928	1017.1695505390885
410	8	3.7433947866656543	8.068413	192.7573	855.0839778037117
411	1	7.044933082907598	10.135853	864.1096	1203.84354691738
411	2	7.112949624005755	10.090125	1251.7103	1411.9480572986513
411	3	3.873224238480349	8.663292	-645.1286	-90.12958923959455
411	4	6.620245928305782	10.11059	-1751.8747	-1792.618948816435
411	5	7.029128538860417	10.290504	-1121.3215	-563.5031320625734
411	6	6.34116132783327	9.793874	-2059.2537	-4777.0886797614885
411	7	7.520130675714229	10.550787	-1653.7011	-690.8284535030591
411	8	4.6866551326222385	9.326016	-1409.1801	-724.2115563412019
412	1	6.335655182282973	9.855853	-629.0706	14109.750194350263
412	2	6.178113723354981	9.738072	788.6193	10967.432943641154
412	3	7.057673122775921	9.916419	233.1964	2505.2292468115256
412	4	6.606662099983402	10.091824	-558.7934	3511.1444668881372
412	5	6.354916424701153	9.915665	518.9267	20076.64424287218
412	6	7.456990570448289	10.207883	-172.3985	1477.453504808905
412	7	6.531920762632604	9.557071	158.3321	8046.196623879083
412	8	6.866915838038977	9.553599	501.4852	4057.037113409982
413	1	7.5602181512675415	10.372996	-105.551	536.2277962310412
413	2	5.770942059793961	9.030391	903.8234	491.16568597614054
413	3	5.970386203251954	9.737875	-2301.198	-1300.7399024328452
413	4	7.249404221013685	10.8388815	-1258.894	-1716.3749369059256
413	5	6.393039375465599	9.4372015	281.8066	357.36747631184994
413	6	6.434075875621001	9.281926	412.387	418.88943361793076
413	7	7.130915028131386	9.7794285	-250.5481	-150.22913158314907
413	8	7.106795198874914	10.118893	-993.0877	-1959.2823200114642
414	1	6.700058315003465	10.247295	-25.5547	1523.7280927570484
414	2	6.074036605629633	10.159827	-686.2024	466.10151452264023
414	3	7.2263385201458945	10.275549	-2.2298	2296.2665608085235
414	4	8.1645884130355	11.544779	1151.6284	1783.4082760406122
414	5	7.238197548768084	10.76132	-573.6669	11447.832008808813
414	6	7.687741543574129	11.551668	407.8207	1727.814408418436
414	7	6.1268337952584195	10.102862	-528.9557	635.0787375232302
414	8	5.718239895123884	10.064872	-1013.2841	146.7312428434611
415	1	7.458713295004246	11.285034	-1890.8586	-4811.580303199204
415	2	7.329019966696193	10.705683	-1982.5955	-2447.2190274110308
415	3	8.979155594366594	12.3619585	-2053.3819	-1612.7305800405545
415	4	7.252033827544463	10.4670925	-1382.7498	-1439.0703000293358
415	5	8.156259153224353	11.346434	-1826.9647	-5318.2769240681155
415	6	6.020466536434285	9.622106	242.4165	-61.64576641807788
415	7	5.7794378711835845	9.6124935	865.4385	168.4125233331218
415	8	7.744540574868348	11.195953	-165.9094	-1788.9561779409134
416	1	8.911329561812499	12.223827	-374.0036	18455.620370931076
416	2	8.972873859046363	12.26461	-2113.792	-572.4461106164272
416	3	9.24937064421501	12.52956	-3038.9991	-2282.4188519097543
416	4	9.012925300928796	12.209817	-1598.3856	3337.5650349349767
416	5	8.583729041648493	11.940104	-654.9599	2902.5982846123325
416	6	9.430839924833068	12.71233	-2878.392	-1186.6848894696889
416	7	8.902175573855825	12.248026	-696.926	15082.0790984817
416	8	9.014300037351568	12.165969	-1651.333	2203.4757889990565
417	1	9.344138799697065	12.627057	-3788.559	-5628.367186506916
417	2	8.624277614527086	11.880215	-1839.2602	1212.4583663980827
417	3	8.52081841706284	11.760335	-2722.9414	282.39003006812555
417	4	7.281972777509056	10.823634	-43.3559	1137.7812470238077
417	5	7.826566246258297	10.934128	530.235	1578.470082353412
417	6	7.7842881840124605	11.270686	-588.8335	1164.3528240148753
417	7	7.816464464701308	11.302123	270.1197	1649.6907705722867
417	8	9.47319264980178	12.758585	-3516.9337	-1475.759228472392
418	1	8.17347439232946	11.444997	-1208.8112	1478.2434904848349
418	2	8.120399544811015	11.469724	400.819	2444.7877364008364
418	3	7.4584365402232	10.576096	-178.4462	1283.076686941827
418	4	8.12902551845108	11.39398	2853.9508	3494.2972185138374
418	5	7.442177858952535	10.064099	516.2056	1284.1111494807612
418	6	6.55708441020098	10.773441	-788.7836	841.7842844034706
418	7	7.835876558625573	10.636356	-1270.1254	969.9880928745113
418	8	8.147807264633435	11.355037	-1726.3375	1160.6571339289774
419	1	8.034024600100526	11.558987	-2199.12	-18324.55330230597
419	2	8.332681154741397	11.562341	-2432.9679	-13209.541606795196
419	3	8.732665433352704	12.061053	-951.4475	-1592.5777739185728
419	4	8.414964612502459	11.988865	-1249.3966	-2997.8266606961183
419	5	9.098652904575893	12.401045	-2747.7169	-2296.6378584057943
419	6	7.522496674885167	10.867647	1854.5494	1726.0131346072687
419	7	8.546692311863586	11.778059	1079.8753	1634.15141904891
419	8	5.425951643720526	9.688923	137.868	-78.65996718462048
420	1	8.558356891107545	11.764501	-1260.6814	1848.4004377964259
420	2	8.19777066561386	11.629781	-2744.578	-3342.144185790614
420	3	7.257190048196122	10.33857	44.1483	1424.4468244721136
420	4	9.076886819072904	12.378036	-3327.7598	-862.992607889503
420	5	8.757568385511423	12.156572	-1640.0709	611.746001624772
420	6	6.944721051174012	10.757303	594.8673	1866.3917648294264
420	7	7.8920061871534655	11.160698	685.8636	6901.0884964695215
420	8	8.300650338982233	11.559962	-2027.5461	644.8321903742856
421	1	9.69856813724817	12.90373	-2644.2351	792.3539515026883
421	2	9.552681901060526	12.794283	-2303.4664	1589.4695944436185
421	3	8.910735585457223	12.019241	-304.3721	6267.463657347271
421	4	8.58462759884547	12.033945	-992.854	3914.0210422909136
421	5	8.283540383523738	11.630864	-301.3904	2914.4965998938383
421	6	8.869729109006828	12.364917	-1659.5	7121.845759961812
421	7	9.244992848225554	12.390994	-736.809	14827.26283944472
421	8	8.714309996667662	12.00369	-1007.2434	3985.6327987562117
422	1	8.242361154585538	11.559717	-89.2007	1259.2841222893567
422	2	7.625114792655372	10.751676	1101.8453	1193.471875711227
422	3	8.656807754951897	11.972557	17785.9547	13096.736915071875
422	4	9.713209032078485	12.951969	-2343.9215	5454.138452661124
422	5	8.274566756720354	11.557753	-1280.8646	661.9971541231399
422	6	8.594503594162424	11.939262	-989.0068	1100.3787279518347
422	7	8.77245445177325	12.167214	-3218.9478	-479.2386949414985
422	8	8.379604174309737	11.767296	-690.6067	1092.1501117871198
423	1	7.842219969508224	11.551019	-1683.5718	270.42453534864035
423	2	9.096452915797336	12.300724	-1546.7051	817.176506013665
423	3	9.725516963313119	12.965971	-3756.1846	-28366.189532564968
423	4	9.950721793188526	13.096058	-2204.1802	579.9488169723897
423	5	8.429770383528115	11.893715	-1805.0865	324.67919569469683
423	6	9.008685453824892	12.3350935	-1121.1871	1270.510828343832
423	7	9.192829269029613	12.436848	-2851.1036	-635.2414992218899
423	8	10.2144428511644	13.376698	-1803.9852	903.667635121417
424	1	9.033619136909019	12.244566	-1232.0338	785.7843410451367
424	2	8.918906075688433	12.1287155	-576.3667	1153.620303449015
424	3	10.042244021827267	13.160553	-2225.7525	-201.9465794616981
424	4	8.868557935155263	12.206465	-467.7931	1254.2034225336283
424	5	9.469744898870914	12.721195	-2875.0073	-1074.7083805665754
424	6	10.142749271736239	13.340273	-1755.2039	1306.6174341898939
424	7	8.55149838221545	11.9388895	-1904.8639	163.59974843029866
424	8	10.438585449150127	13.559758	-1855.4566	523.2838243296997
425	1	10.10426270599745	13.30963	-2273.1182	-246.8371083232262
425	2	9.590684345364435	12.7883215	-1815.2963	743.4699767681052
425	3	9.588128320871592	12.861161	-2951.5961	-1462.963288507403
425	4	9.266998652875976	12.585713	-3075.556	-915.5006223608328
425	5	9.2117324590977	12.484202	-2961.3845	-716.1515314706062
425	6	9.962835005814215	13.107707	-2276.0822	-489.09610209619234
425	7	10.037166959820304	13.12619	-1937.2279	7314.27144416199
425	8	8.689390505266376	12.162428	-2271.5362	-27.620970532555887
426	1	9.626496272770137	12.918552	-2579.4995	-515.4649125461801
426	2	9.191621583537353	12.514238	-2495.3221	-189.87578910982532
426	3	10.104901892252165	13.273009	-2781.1438	-12480.845335550466
426	4	9.358354777051758	12.679633	-2268.2054	5.167764267602243
426	5	9.753134320713514	12.955065	-1933.5025	677.0917850993801
426	6	10.305730103680247	13.428212	-2556.8525	-1171.6867704244069
426	7	9.941089624188391	13.128546	-2970.0386	-3155.979575079733
426	8	9.338675949932119	12.67679	-2763.2724	-514.3091788272072
427	1	8.597440694625801	12.086867	-863.0201	750.1555184394507
427	2	9.526382085321167	12.759716	-3559.1752	-970.4390795518375
427	3	9.984002801679246	13.178271	-2144.6362	1016.7072113780351
427	4	9.716219946184275	13.005655	-3380.6035	-1139.496711646268
427	5	10.420890407308846	13.555529	-2346.2141	1275.3590808433987
427	6	9.39544985698852	12.66176	-2318.9895	201.47310914437017
427	7	9.210864967121505	12.427037	-1496.0932	717.6094430878902
427	8	9.376088901610938	12.487397	-1107.369	1027.6214501328518
428	1	9.611647784420768	12.859451	-3370.7045	-995.9804172859004
428	2	7.826512263607764	11.059863	74.9484	667.762380524908
428	3	9.273556969221291	12.636613	-2894.523	-373.5109123028966
428	4	9.736911353476932	13.024106	-2329.0036	20.6707829899572
428	5	9.038613903680737	12.508971	-1987.1354	202.36430946731483
428	6	9.95717769150022	13.147801	-2253.5762	150.18493834900323
428	7	9.51630257258764	12.809912	-3395.6234	-925.8822867514853
428	8	9.551377491739787	12.83964	-2387.7831	-37.983234626573726
429	1	9.626477451948238	12.818033	-2570.3696	-798.4387050494219
429	2	4.703304221045211	8.153619	-44.1295	318.6646894047151
429	3	10.084831509137794	13.216661	-2024.9891	903.7908093087539
429	4	9.606718337906669	12.9080105	-2920.4553	-3399.8833216136413
429	5	9.310494662073502	12.530571	-1822.6579	720.8300536916395
429	6	9.105606924197119	12.422045	-1370.7914	1032.3610488536071
429	7	9.057043377635962	12.190109	-246.8353	1862.3403677728625
429	8	9.189870046963502	12.4886055	-1929.2316	484.33262746139985
430	1	9.996641098389656	13.11766	-1475.0037	4931.66245210899
430	2	10.171088793488925	13.321162	-1940.1496	427.10525382543193
430	3	9.058510064782249	12.230154	-578.0543	1051.4529810103904
430	4	9.0389750580204	12.403505	-1810.647	170.5039885164929
430	5	10.129423845616632	13.285901	-2894.707	-6963.30492377832
430	6	10.251063649847445	13.392735	-1855.3362	599.9701553330528
430	7	9.557575847431584	12.777388	-2682.4264	-1058.8792174869484
430	8	8.542242265780594	11.854529	-2493.2929	-229.23563936311908
431	1	9.336595083715158	12.643124	-2734.5135	161.33006314802205
431	2	10.073546827868642	13.244626	-3005.4869	-2022.268537186137
431	3	9.80000095374468	12.949368	-2313.5474	1175.7437774688858
431	4	9.844082702977428	13.032593	-2330.3639	1425.6881737324416
431	5	9.837441643883084	13.079347	-2934.1645	-112.49850985213125
431	6	8.903125050183165	12.241076	-109.7258	1685.202921274058
431	7	10.729221750788827	13.81376	-2553.9381	430.3714231506835
431	8	10.198082630220382	13.378316	-2509.8703	3050.4785511432074
432	1	10.290252599078235	13.414055	-1876.1712	1103.7468576164722
432	2	10.179349055624407	13.306281	-1794.0632	1059.5929292344772
432	3	9.953826049090798	13.1602545	-1695.322	852.1944453258457
432	4	9.950098973502193	13.046299	-2348.8715	188.09023268785316
432	5	9.483442584144532	12.777444	-2437.6368	73.4357939548301
432	6	9.58991245324254	12.87311	-1734.6145	554.5287187288125
432	7	10.352529072851612	13.450665	-1619.8684	1845.6980329026624
432	8	9.904206930957221	13.09939	-1958.4482	560.5781082069709
433	1	9.268091959134795	12.6386175	-1709.0344	-66.24902423666771
433	2	9.104801642915934	12.417433	2174.8778	2400.868444061899
433	3	10.210666528084252	13.384207	-2361.6687	-4240.722415018284
433	4	10.060935576141002	13.214873	-3069.4788	-3781.7235308703575
433	5	9.186408652728481	12.508117	-3824.6904	-1457.382602581004
433	6	10.276105807319942	13.415555	-1602.2638	228.22255089188624
433	7	10.456668659996552	13.57194	-2057.1816	-3028.5167181993183
433	8	9.924356136927717	13.120941	-2205.4327	-1095.953876587428
434	1	9.888536089756858	13.163979	-2377.238	-457.4933686089127
434	2	10.418741209175403	13.540351	-2705.1493	-11270.026135726454
434	3	9.426419638679196	12.709526	-2424.9709	-280.3963795606332
434	4	8.714283724771217	12.044034	-1463.5514	256.6952264428434
434	5	10.114069240647913	13.254807	-2229.69	-360.52479087469993
434	6	10.07940669796823	13.273637	-2535.379	-1058.227708688337
434	7	10.437698868368507	13.523111	-1642.8207	9455.022500401097
434	8	9.668542339952053	12.944403	-2556.2522	-515.7021798113548
435	1	9.242064416717486	12.506838	-1434.5646	789.3214784454156
435	2	10.194909656096005	13.351915	-2547.1509	537.0481587151311
435	3	9.628616087407856	12.830402	-2550.3086	148.35542988673686
435	4	9.26884968577436	12.589977	-2113.41	407.65399777357555
435	5	9.671838742404903	12.936771	-2067.3493	700.6320733900013
435	6	9.946784711248057	13.071264	-1925.4996	1151.4994882808214
435	7	9.293191707397773	12.548939	-2005.609	467.74793900991955
435	8	9.175102070482119	12.54439	-2413.9779	188.09823191358382
436	1	9.270667544031687	12.546803	-1799.1408	637.6615631237819
436	2	8.991078779802319	12.321991	-2041.9463	318.3750197598026
436	3	9.085175550513728	12.398963	-3636.7154	-742.1162799975216
436	4	10.543565522163707	13.662386	-2552.1694	-9.819242592351916
436	5	9.378234664844447	12.663729	-1173.637	1278.9544360584298
436	6	9.295160762762308	12.576374	-3189.175	-541.2236907002411
436	7	9.518742698960349	12.757688	-2111.1344	484.7673732144769
436	8	9.699873931321077	12.974876	-2949.6846	-660.0327609568305
437	1	9.605323061375332	12.880044	-2503.2763	40.15638789141658
437	2	10.055691070401217	13.192946	-3663.8875	-1562.8798714288935
437	3	10.696374668823028	13.774391	-1764.1086	4910.132395499473
437	4	10.205051324525563	13.314744	-1935.8549	1181.214307330338
437	5	10.24837850805767	13.384173	-1830.5241	1709.6352941694038
437	6	9.976238996778122	13.160765	-2231.3522	412.28372532381115
437	7	10.156192963666195	13.258497	-1877.1379	1131.378167027009
437	8	9.865982552925706	13.0127945	-2376.4697	176.2724849943938
438	1	10.205815051128482	13.377217	-3161.4813	-2239.220840671982
438	2	9.279389474028152	12.531114	-2293.2794	-283.89203815492607
438	3	9.513993115087393	12.778409	-2518.9639	-499.1127937555546
438	4	9.929858228236702	13.118992	-3412.0464	-1645.2787924866634
438	5	9.320469847749916	12.632075	-2343.3478	-327.83303342894686
438	6	9.61902553022862	12.835377	-851.9885	645.2185974363376
438	7	9.347360559377048	12.716538	-2744.0216	-570.0129022441392
438	8	9.572414384711902	12.85438	-2937.6428	-826.6822339084036
439	1	9.926274983670842	13.114325	-2460.6422	1919.3962607004808
439	2	9.946383397924446	13.072242	-2285.4999	2034.1097521920933
439	3	9.65115602819615	12.915222	-2420.1191	1070.920797375211
439	4	9.865732026630091	13.056393	-2111.0246	2124.9592800111095
439	5	9.01923330732744	12.303638	-496.9048	1664.6264487790395
439	6	9.518004511606284	12.711522	-2721.7386	455.01882241863404
439	7	8.564060499852514	11.961609	162.5898	1514.7813882137118
439	8	10.52413182793358	13.584439	-2930.4359	643.1141817627391
440	1	9.809138139766475	12.987003	-3377.8329	-478.80231184442744
440	2	9.81301086713462	13.0466585	-2555.6266	441.7537951466112
440	3	10.317237770864734	13.451962	-1192.0265	7859.015354529679
440	4	9.357657385006657	12.570023	-2054.2607	578.2172037895855
440	5	9.798467107853448	13.021325	-3269.6537	-382.4163413623179
440	6	10.655652338817406	13.753754	-2340.2075	2566.6701961894796
440	7	9.982762506203866	13.189312	-3172.2053	-389.49326419277884
440	8	10.059600849060002	13.20929	-2756.3686	297.34649324067436
441	1	9.04235826897572	12.320214	-2373.9285	-15.737751308502158
441	2	10.119796258003973	13.312958	-3889.8891	-2360.345941162951
441	3	9.384278076186789	12.66303	-2268.7727	43.435893822998054
441	4	9.89727951758653	13.124125	-2288.5533	52.580034102020406
441	5	9.947113982061987	13.125476	-2426.9926	-90.37868683313329
441	6	9.601057844858614	12.8639345	-2734.0154	-290.9145043451311
441	7	9.023152925554136	12.272151	-879.6678	672.7698676470588
441	8	10.576739457958686	13.641921	-2452.6154	-796.4283609992586
442	1	9.921482105873796	13.08386	-2171.3693	331.7251248107977
442	2	9.39776204264288	12.529121	-2276.8721	110.56516202673676
442	3	10.283211543911875	13.464467	-2834.9277	-1151.8247825721153
442	4	9.484354911567802	12.706618	-1326.2211	789.2161264831742
442	5	10.234478000236255	13.365066	-3020.1096	-1296.8740192550658
442	6	9.861742426888231	13.105297	-3128.9523	-783.6190247985339
442	7	10.562412002172282	13.653692	-2863.8138	-16198.95987642135
442	8	9.325428089988522	12.65218	-1757.4582	436.57681208052867
443	1	9.844928304347222	13.050488	-2320.6167	554.3517358957703
443	2	9.400446129057379	12.7352	-2637.8176	155.8279367904015
443	3	9.214093361871459	12.506948	-2653.9094	120.72430061917373
443	4	9.42783916482864	12.719044	-2944.719	-56.8962463926217
443	5	9.176914165259646	12.476483	-2869.353	-3.137147359526041
443	6	10.277553509423942	13.378283	-1535.5076	3458.2227646920815
443	7	9.925961474156079	13.018605	-1898.5166	1076.5078033018065
443	8	9.70164461872145	12.955005	-3255.901	-373.4763232078129
444	1	9.494459955901789	12.773597	-1409.6474	132.86662185739908
444	2	9.187129468619263	12.5332	-1470.7085	47.754153309227746
444	3	8.960939005674435	12.291696	-1570.7034	-21.1883030030262
444	4	9.053533133830774	12.408787	-301.6865	771.7978712192252
444	5	9.663542194061561	12.95103	-3134.8052	-2206.4532426719825
444	6	9.71314792482781	12.957084	-2502.0606	-1452.1591070613395
444	7	9.745209607040909	12.900787	-1386.559	206.26033714656592
444	8	8.988338679194364	12.261831	-986.3575	316.6862561890159
445	1	9.14328807984968	12.511111	-3638.8253	-1510.5830602506765
445	2	9.1887452223857	12.466811	-3667.8842	-1593.578833747506
445	3	8.664128381817756	12.0838375	-1764.4357	525.9066357596488
445	4	9.92532086652158	13.086776	-2634.4313	-611.0442985142855
445	5	8.749064351189944	11.96306	-1114.1428	960.203441606125
445	6	8.998977557167338	12.222813	-2004.1202	443.6911548238248
445	7	9.533005593347632	12.840137	-1385.221	5013.548065007972
445	8	8.333859110676396	11.902357	-1466.544	564.6723450227481
446	1	9.537598937315785	12.833356	-2141.2558	1102.097875391003
446	2	9.71316418585798	12.92292	-2518.818	435.65181621572174
446	3	8.841802063108267	12.234872	-1416.2018	870.8696433604669
446	4	9.124868587384702	12.519276	-1919.1612	729.0702611485194
446	5	10.80089603556571	13.862458	-1511.0833	980.711094010661
446	6	9.985439854724037	13.156473	-3230.9832	-6470.84119569681
446	7	10.230455690851771	13.391112	-1478.9041	2548.0715800907587
446	8	9.413398126793107	12.707085	-899.9369	2719.020434503643
447	1	9.89746591846443	13.137232	-2255.0462	11828.670469346302
447	2	10.229513162973761	13.41539	-2613.1112	1702.3809306117241
447	3	9.213116462370332	12.575849	-2423.8957	863.5046562740266
447	4	8.53363603428369	11.896514	-1499.0201	897.5070734206749
447	5	9.209070651108904	12.523261	-2077.461	1201.259884772828
447	6	10.62058660786515	13.717662	-3122.7087	128.41994705031044
447	7	9.198202274338607	12.54639	-2961.0551	273.04075913029914
447	8	9.92639154152895	13.108378	-2772.6176	4716.941294824896
448	1	9.844315062152901	13.028612	-2774.9241	333.28644175993065
448	2	9.72647980393863	13.0150175	-2366.0696	683.2051674153299
448	3	9.506741595003717	12.745659	-1492.0254	1113.0654280627289
448	4	9.093936159867885	12.564089	-3725.837	-306.2016676896373
448	5	9.743364990450905	12.993814	-2659.3199	422.0796103550877
448	6	9.851659499296915	13.015136	-856.6216	2157.709191675073
448	7	9.384283614150382	12.64129	-1923.3589	739.0677546464578
448	8	10.222489663378843	13.38792	-3763.1339	-1264.1258853458414
449	1	8.990127651090532	12.387003	-2351.7254	894.1785799498911
449	2	10.278854075732896	13.377363	-2638.8749	21169.03257514707
449	3	9.502773605468562	12.751921	-3649.7421	119.12651078133224
449	4	9.440184223240871	12.763302	-2204.3609	1589.2646333588398
449	5	9.382360638689079	12.6650305	-1088.9777	2337.1387854014088
449	6	9.516466195331338	12.804563	-3112.5452	747.9798121940906
449	7	10.021111594156654	13.236874	-2781.0435	3693.4161614037635
449	8	9.413698650058313	12.715037	-2497.5665	1225.1532072084353
450	1	4.2594911929562675	7.0224814	795.9622	1088.0248018799014
450	2	4.499116119144651	7.072282	-193.805	74.51455868968709
450	3	4.774078952169915	7.0948815	-1024.4967	-923.4497732657778
450	4	4.446414793115294	7.3129864	138.3107	356.22735332021887
450	5	4.900438356331255	7.3497295	-505.7937	-231.42498620288245
450	6	4.504087744250085	6.993256	-254.4138	14.607558631695412
450	7	4.1092784357284176	7.1024656	222.2186	415.2411018124023
450	8	4.732724133489083	7.5308337	-702.504	-348.6736950339212
451	1	4.171364551953723	7.2398014	-56.8174	1738.5718231814246
451	2	4.788988123408194	7.144343	-925.8069	1343.769716117186
451	3	4.058338920760615	7.378302	-1347.4227	-423.79825862292097
451	4	4.6640678529095885	7.1926923	-1108.9519	-540.6738900559288
451	5	4.351718846886294	7.6811676	-791.733	323.4173899306271
451	6	4.8885784283168805	7.293599	-956.6372	294.93625549927503
451	7	4.499314305455366	7.0673585	-340.1956	2319.4200901635368
451	8	4.689834867632422	7.18773	-929.4463	940.9159897343517
452	1	4.775957192707974	7.767434	-917.3164	275.7158988843555
452	2	4.524317565142962	6.90288	-240.9874	3113.957193210408
452	3	4.577012392335309	6.885341	-791.5326	1059.4618612365066
452	4	3.9564001340635424	7.723488	-1830.798	-811.8482650198882
452	5	4.451797613160744	6.9243608	-1615.5929	-1742.8673960847298
452	6	4.173265914152398	7.166449	475.2671	3861.66129158826
452	7	4.983841984903804	7.3983207	-2316.6174	-3151.878026280864
452	8	4.3969701401981425	7.1982613	-1292.4802	-752.5671772728416
453	1	4.346484155841242	6.950284	-410.0616	2801.7166076010567
453	2	4.5838915005777885	6.886247	-359.8095	3233.1681152283154
453	3	5.380888362232298	8.058809	36.5002	3228.3774254576833
453	4	5.594805322231202	7.767297	-176.5259	3508.1957806874643
453	5	4.570089497613705	7.1195498	-2222.2003	181.85639945465655
453	6	4.55605038420827	7.501614	-576.6153	4362.723403051108
453	7	4.6191336564736325	7.6866837	-752.9066	3610.9070683705254
453	8	5.099472367503851	7.4134707	-1294.8805	10166.45579433748
454	1	5.851360917014426	7.9367146	360.469	687.2081192828402
454	2	5.491686207929246	7.7520537	-973.3797	-2980.0635049607667
454	3	5.891175296431712	8.321122	-804.3801	-1735.9661803807408
454	4	4.851737603418569	7.1263013	-1236.0593	-1235.746599267822
454	5	5.478951466751284	8.108714	-1359.2127	-13842.673381939234
454	6	5.8233134825257675	8.05703	-1121.7799	-2966.6567588561425
454	7	4.519861971015787	7.2500954	-183.9945	-202.30027740204534
454	8	5.163787720342973	7.477601	-1283.6584	-2262.760821451425
455	1	5.663162923086118	7.7895555	-1793.8654	-1184.0124171464129
455	2	5.104836015633823	7.361186	-1702.8369	-428.364216550529
455	3	5.954514533249872	8.378431	-471.0948	1926.27337083149
455	4	5.533984732860719	7.7948127	-514.7182	2618.383181861246
455	5	5.694436050741261	8.3006525	1787.6541	14075.141772989831
455	6	4.829590886458635	7.299259	-529.8464	847.6063602532416
455	7	5.010487506068633	7.9713774	-824.8013	1149.389736487583
455	8	5.709276642753124	8.023241	276.5553	7200.488702571909
456	1	5.513441148159515	8.239044	958.5791	3507.152006130454
456	2	5.4849948405902245	7.6741076	-1727.8134	-1631.332157469294
456	3	5.941356158519226	8.144974	-265.0161	915.6217831729191
456	4	5.5666991841904405	8.087628	279.2362	1999.868874559744
456	5	5.147974103060262	7.689696	-1281.2613	-836.708232467877
456	6	6.1120529565093396	8.344372	-792.5708	-1508.012123811014
456	7	5.781979251423243	7.8953505	-360.4227	214.4610808591668
456	8	5.589257464870232	7.747094	-859.8065	-531.6183651978831
457	1	5.888885428003273	8.322963	-810.6678	-72.30172321900177
457	2	5.750766363008637	7.7935133	-1425.1384	-899.0645295291865
457	3	5.444401935875426	7.668297	-1783.4015	-1039.066016730656
457	4	6.2115000952314166	8.278302	-1502.0528	-5522.023230166007
457	5	5.571965335211218	7.8761625	-624.3016	219.81885699219387
457	6	6.210407087497766	8.616079	-498.5809	2130.8707635198793
457	7	6.192849827648904	8.289754	-195.3265	6003.835069263597
457	8	4.828634897867304	7.407198	-998.1912	-132.10065917165258
458	1	5.447663403884512	7.76435	-583.3795	-85.21473582532147
458	2	5.883726187223055	9.09596	-925.5824	-590.7789983612327
458	3	4.931753207446188	7.6660447	-1134.7049	-459.1664335173973
458	4	5.250707259171359	8.059564	-28.7941	496.6740940872942
458	5	5.972204625180698	8.161188	-866.8076	-899.1452213489034
458	6	5.249285185023257	7.4708533	-2935.0875	-1852.6688558160708
458	7	5.536039009332229	7.6581326	-615.6291	-110.66079599810075
458	8	5.210006650289726	8.277528	457.6357	1056.786077588249
459	1	5.2915246909863844	9.384027	913.8249	3347.8266712831837
459	2	5.732775178278307	9.640442	-1473.3891	-919.8215316162043
459	3	7.426388868226212	10.760368	1347.1839	942.1042437630749
459	4	6.05937050276262	9.682881	196.9794	1879.2996333064775
459	5	4.441514930282295	8.786137	-834.7766	67.25920368449623
459	6	6.285049055421236	9.354912	250.6701	2339.5951700706337
459	7	6.669090801441214	9.858148	6260.3462	6754.049515067036
459	8	6.495485114744538	10.015905	1218.6719	1599.289022445781
460	1	5.017444900731687	9.340162	879.6894	3512.9040971231193
460	2	5.587742311179774	9.52119	602.6606	10393.852562034042
460	3	5.502517910742819	9.587544	-595.6289	4289.137371038567
460	4	8.111383979366556	11.539333	-355.131	361.2422998126079
460	5	4.863978105488089	9.296694	-2008.7803	-595.3250921344627
460	6	5.018470467480704	9.2856045	-754.7778	1184.4030371974713
460	7	7.021108204438773	9.776195	-54.5561	1096.130722321536
460	8	7.133896188646609	10.592467	-1235.6909	132.2831568950313
461	1	8.62877692322421	11.7190275	19.3437	670.4916018677111
461	2	7.491846537251047	10.928869	5.443	2663.6754914278613
461	3	7.800565042413623	11.034792	-2120.7823	-1092.4795830836472
461	4	7.740897994476792	10.910244	-805.551	581.0022048719229
461	5	7.013472131803964	10.524209	-801.7501	1984.8301637387508
461	6	7.701911809481153	10.900081	-1580.6297	-509.06728362369057
461	7	7.440902552845438	10.62453	-493.368	2158.117849443426
461	8	7.807780452794897	10.984592	-935.0174	388.7458704436335
462	1	7.5608717123068105	10.695444	-33.7608	3122.7603732398256
462	2	8.27804268859245	11.210587	230.8879	8505.49013693086
462	3	5.435339314420554	9.905806	-1377.8934	272.52511505538
462	4	6.366543311107387	10.105265	-720.1717	788.2741371925529
462	5	6.302491317690822	9.716075	-2166.4109	-21.909634203772008
462	6	7.107139003491385	10.448518	1283.6616	3292.2725370146427
462	7	8.164086866304372	11.444442	-2444.1452	-669.5267924229881
462	8	6.5347214488508785	9.898173	-65.3139	1163.745202984846
463	1	6.84551247493425	10.075445	-1585.4956	444.0810227955502
463	2	6.175992135785069	9.750117	753.7011	1226.843157166536
463	3	7.02462275332819	10.300829	-248.7354	1371.568744416299
463	4	7.418247202377571	10.698594	-1266.6295	1165.3539851342437
463	5	5.7790096881653135	9.941047	246.7306	945.328308019545
463	6	7.210438291367494	11.057077	-1326.0932	909.1227301396314
463	7	6.4253133156557745	10.440425	-1157.9404	648.5000646170612
463	8	6.067311496060244	9.296834	-784.8066	544.802658010014
464	1	5.473770497502898	9.911679	-1011.8967	159.2088834219235
464	2	7.072024126697359	10.578949	974.5798	6674.857465407303
464	3	6.299137373965566	10.51814	-506.4839	977.9730020338078
464	4	7.200239548443104	11.272852	-1117.4452	923.3085557053009
464	5	7.62606154642509	10.873099	-1237.5066	193.0800227937898
464	6	6.702360250371124	10.468834	-748.6141	1112.0478848217813
464	7	6.289937226092303	9.386431	-568.8467	410.2099096989009
464	8	6.5169948472688715	10.295105	-952.2411	409.81875476328514
465	1	6.7536013925463685	10.635374	-2119.3261	-1352.9031530941118
465	2	7.0678161080934	11.026555	-1548.6217	-1608.763162826433
465	3	5.860841957956076	10.027605	-1355.3543	-142.7854293797106
465	4	6.2098104358697	9.77461	-562.472	319.2483073393992
465	5	6.7229634648286725	10.749357	-2185.739	-1584.1462789790978
465	6	5.516038180687492	9.9226055	-1143.9767	-12.718622862710946
465	7	8.028980256838267	11.5172615	-1353.8751	-278.94517833313364
465	8	7.238925345903533	11.312066	-821.7935	3889.3560917092004
466	1	6.491544953271899	9.747717	-399.8326	403.7585010512489
466	2	6.786397631243541	10.049508	-649.0419	393.35258692107277
466	3	6.234821026964025	10.128002	590.3166	974.4198783921408
466	4	6.9168220103393345	9.643306	-811.725	262.64396465723496
466	5	6.749525858573705	9.650927	-626.788	333.71177681908534
466	6	7.741503995121756	11.334269	-1978.6156	-1804.122336200199
466	7	8.990556583130731	12.427138	-1885.442	-343.3395061626817
466	8	7.309484656194317	10.865003	-2068.5446	-773.4944396540802
467	1	8.749481218645279	12.089758	-123.0247	4382.27660343213
467	2	8.067989525809265	11.274804	-1042.2248	556.713316688189
467	3	6.836632537147338	10.343744	-283.368	536.7413942942683
467	4	8.069857113790908	11.167119	66.2531	1292.7408181694066
467	5	6.42791200336408	9.939189	681.7801	702.0034356221021
467	6	6.4345375990819385	10.223995	657.7712	783.5061291175643
467	7	9.013840621915092	12.23726	-1084.7936	3531.8488467181023
467	8	6.5475297236717225	9.836803	-443.8786	389.3855010348097
468	1	8.071841861711485	11.422511	-1978.5653	-724.4386162465388
468	2	9.709197216879074	12.9028425	-2111.0514	-1005.8417944491081
468	3	8.000602936784185	11.495005	-2413.1685	-1052.9113167694704
468	4	8.688918831174798	11.929976	-1657.3897	-1429.9349244887421
468	5	7.889922604268146	11.064793	100.2512	730.0511209557266
468	6	5.999682049413563	9.910613	-824.7013	66.953328655198
468	7	8.339667375919975	11.522915	-1211.743	-130.76524934319244
468	8	7.276690007921094	10.74136	-1390.4504	-130.93829992304313
469	1	9.145768785303044	12.404212	-2496.7446	-495.596934673434
469	2	8.76683952058647	12.0624485	-524.9732	1200.7789208618235
469	3	9.035903475720312	12.349802	-1542.7498	655.1717289900151
469	4	9.218891411342803	12.536181	-2304.3686	-309.4973015177478
469	5	8.790068264414403	12.092145	-2430.4417	-254.3099111837678
469	6	9.049961354373186	12.4318285	-2805.6121	-850.2635947510073
469	7	9.263846475350762	12.55305	-2419.6682	-546.5339082067206
469	8	9.366709172973895	12.628255	-647.6168	2941.2451380653247
470	1	9.777610333782794	12.9357815	-1059.0154	2172.3310540903376
470	2	9.106846735331414	12.4181385	-1914.9756	2047.7297220824846
470	3	8.79975890844881	12.059346	-1783.4051	881.215221983398
470	4	9.079906076594694	12.388633	-1456.9023	2817.306776795142
470	5	10.190899241205784	13.345239	-1686.3725	595.6833811503645
470	6	7.819580779954	11.448278	-2423.6154	-2.090887229890782
470	7	8.304465526445178	11.513879	-1090.6438	879.3298669558907
470	8	7.414245330737355	10.921607	66.1018	976.4562147558206
471	1	9.309434372321808	12.62391	-2262.0363	-502.4462815762746
471	2	5.599330023267389	9.914372	-1112.1098	98.4387189092021
471	3	9.846671668524055	13.019757	-2460.2738	-1551.6177532716106
471	4	9.796437040594547	12.970456	-2821.5631	-1898.5009153416856
471	5	10.036933823896774	13.1697445	-2239.662	-1791.5116998157312
471	6	8.094776574313865	11.593946	-1529.2755	56.188840895291555
471	7	9.746598975512924	12.975021	-2147.8051	-781.4742276640583
471	8	9.326720562301812	12.595151	-2469.779	-688.7046597133233
472	1	9.298220045588137	12.577005	-3284.1701	-1148.2039417007325
472	2	9.7613545562363	12.932396	-2255.3078	-46.05038570782824
472	3	8.98321564057124	12.283239	-1433.7046	579.3789232950604
472	4	9.399088205421702	12.727897	-2825.7785	-823.6440485935282
472	5	10.269707505443987	13.445959	-3087.9711	-2090.316551869908
472	6	9.764221247341231	12.972978	-2093.2347	494.8698305441013
472	7	9.03451112009189	12.337675	-2254.2892	-11.58546560919118
472	8	8.65850623084287	12.078022	-1396.4159	486.6003296206239
473	1	9.911135450331052	13.167209	-2170.0857	2024.8455932604875
473	2	9.858899277898923	13.073701	-3327.0777	-433.50696248081675
473	3	10.72807646927171	13.820872	-1272.5841	3144.8646889102165
473	4	8.290827819486694	11.784593	-1615.902	553.0517310666401
473	5	9.121978722928986	12.35876	-1792.8428	826.3495724990655
473	6	10.155184444679396	13.348159	-2511.3916	4220.458426456973
473	7	9.84209353034493	12.999628	-2145.1278	1510.8867013295426
473	8	9.816882024021314	13.048738	-2456.0807	1101.682275728307
474	1	9.402188802947443	12.687628	-1464.4767	-111.76952157971044
474	2	9.841966367445234	13.040047	-2331.3717	-890.0035173684522
474	3	10.464490668857643	13.569088	-3067.1068	-5416.010411284623
474	4	9.354294831588447	12.639007	-2785.8946	-847.6434236017061
474	5	9.5291393178521	12.823726	-2953.1538	-1114.2259186629615
474	6	9.966189683388325	13.124118	-1833.232	-551.8013808936805
474	7	10.607446038154357	13.717151	-4125.0657	-17233.462191847426
474	8	9.418486816611917	12.738346	-3204.102	-1165.0464145573276
475	1	9.786314330894424	13.014982	-3139.5183	956.4049661160328
475	2	10.370924568698376	13.513834	-2217.8477	7123.286903559889
475	3	10.455612782271064	13.585227	-2963.2412	5872.918543946674
475	4	9.43646701219641	12.702959	-2848.4712	863.3059161456673
475	5	9.279935457719745	12.488348	-615.499	1916.8619164434447
475	6	9.432933702547754	12.627731	-2477.6205	1032.1749460956962
475	7	9.75142708389013	12.898293	-2425.6034	1447.2150623658222
475	8	9.989646262781845	13.225793	-3043.3202	1472.660139220472
476	1	9.385757951688229	12.717249	-1262.0134	1276.5371369671436
476	2	9.435747788055375	12.71016	-2638.5537	255.45876784193902
476	3	9.640876713335592	12.850279	-2356.0907	546.7518876200344
476	4	9.27333984426499	12.584728	-2026.9832	623.5265697532261
476	5	9.733376989534824	12.961055	-2572.8431	421.99972335989963
476	6	10.38085846305016	13.521693	-3453.4452	-5563.714738706271
476	7	9.085272377514984	12.387351	-2259.6686	385.9643865124431
476	8	5.462601891710619	9.739785	-1386.5385	246.9129974485754
477	1	8.92737141224892	12.394794	-782.2503	1461.347189078978
477	2	9.304526631403721	12.619532	-2430.8082	739.2840315696734
477	3	10.226241966025317	13.356004	-1811.5953	7351.96527940463
477	4	9.886020101174731	13.098454	-2058.1591	2137.743895171928
477	5	9.127144509250806	12.3563595	-2023.1036	827.4587069008127
477	6	9.823179865886017	13.094257	-2741.5895	1052.6894482302666
477	7	9.609045287551591	12.874393	-2524.2202	940.4329411781878
477	8	9.264690456219626	12.674718	-2920.6957	387.2514303608001
478	1	10.299181554892062	13.486732	-1862.2448	-329.09767024808247
478	2	9.748412532730962	13.033703	-2157.27	-600.6955594096943
478	3	9.324855898940783	12.60171	-2292.731	-406.445393612682
478	4	9.364739419561847	12.594116	-1505.8575	271.6855209110305
478	5	9.865537748126073	13.095383	-3190.946	-3225.920542368079
478	6	9.026155141151829	12.37904	-2388.1284	-376.00879280139117
478	7	10.435243595141992	13.562731	-1033.6381	2769.0905447521486
478	8	9.030879244464053	12.353118	-2391.0004	-373.98542948674515
479	1	9.636948759352686	12.852364	-3447.9872	-1713.254624547746
479	2	9.979772550324343	13.103515	-2260.5361	-795.8309742504036
479	3	10.404292396380919	13.519177	-1531.6494	2428.1397815566706
479	4	9.898707231329409	13.129738	-3382.2038	-2882.4870324721733
479	5	9.339403037506955	12.568891	-2869.4113	-736.9479880065137
479	6	10.15553039217885	13.29617	-1517.7676	1435.069430535566
479	7	9.255077464883904	12.418149	-1127.5039	502.1659275078724
479	8	10.087731147894102	13.324455	-2854.822	-4009.4983067255803
480	1	9.93183315208381	13.142478	-2545.0155	-1654.269286120536
480	2	9.258416076785828	12.6519375	-3113.3267	-1081.6342377357741
480	3	9.152199407389727	12.563078	-1896.1622	-227.84846655547165
480	4	9.42102545490717	12.597963	-3435.1721	-1397.0173378207028
480	5	9.077292592746131	12.486819	-1333.8349	116.88797029976989
480	6	9.16239179201131	12.482449	-3227.7693	-1047.0159486611296
480	7	9.962414007149308	13.148166	-3110.2877	-2661.4164528564747
480	8	9.928551072730274	13.0803175	-2831.0824	-1858.0414292546195
481	1	10.271467640106701	13.421222	-2597.9537	1187.776802890405
481	2	10.107141167423084	13.3066635	-3200.95	-412.0600745611461
481	3	9.274346503697714	12.457284	42.54	3278.5085624648577
481	4	8.889144669945425	12.315453	-1609.6306	1069.152200303326
481	5	9.146263945976289	12.425019	-775.2626	2108.4449872960663
481	6	10.319071283817653	13.457177	-2901.5609	437.9285424310744
481	7	9.794885955774632	13.044526	-2003.8531	5495.6249716282255
481	8	10.20331265978028	13.314798	-908.1711	7538.063967699671
482	1	9.637245520852714	12.854748	-1718.9043	2185.4311274014053
482	2	9.417745449740021	12.6703205	-3023.2373	189.67230532529402
482	3	9.614873471469975	12.874239	-3170.9503	46.71298816173282
482	4	9.58433168765835	12.743115	-1427.4401	2180.3380645064394
482	5	9.362746385519834	12.595165	-2355.4935	803.1022989598658
482	6	9.513718083600876	12.7911625	-2245.1112	1245.4147837306962
482	7	10.55741436320832	13.645855	-3292.4644	-170.74013557114176
482	8	9.434846599205391	12.803182	-4229.7129	-1232.8454919608087
483	1	10.384770224244788	13.5512705	-2702.4472	3460.5185793493188
483	2	9.92870831115328	13.152015	-3435.02	-182.5004780732928
483	3	10.042540762413536	13.184597	-983.6981	3262.7699345452825
483	4	9.769162971014715	13.050787	-2963.6241	341.4100802592706
483	5	9.138825163803045	12.428204	-1943.799	736.0318932468472
483	6	9.478776006042668	12.732724	-2270.2614	741.2440023211402
483	7	10.034755963014886	13.190687	-1735.2696	2240.8003956355524
483	8	10.195797483738353	13.349261	-682.1877	5488.466984816334
484	1	10.607736734464982	13.632897	-1776.2971	4217.939400985684
484	2	9.946029692110855	13.095611	-1018.622	2624.19486186288
484	3	9.503487471258238	12.7314	-2936.9114	-191.09393366652088
484	4	9.73835593634312	12.955675	-3367.9441	-764.1311388476354
484	5	9.256743303886841	12.68121	-2116.3091	406.85876011579904
484	6	10.425423751499041	13.550004	-2440.0218	5690.169266721853
484	7	10.565016262924726	13.614252	-1879.776	5195.167900892148
484	8	9.378750914662865	12.682454	-2354.8237	267.1202678818094
485	1	9.303252928632638	12.576284	-1646.0234	78.82819443412075
485	2	10.105590520035554	13.190322	-2391.9514	-922.7819787538808
485	3	9.141965022258447	12.406741	-2559.4947	-413.0591209617635
485	4	9.539810209066031	12.850374	-2678.3185	-690.0224431521975
485	5	9.724056809093003	12.976827	-3448.8646	-1567.6361535988678
485	6	9.3381531485264	12.599199	-1677.157	62.691522158216394
485	7	9.804460451001322	12.983533	-2277.519	-496.050087063895
485	8	9.797482149559357	13.0103035	-3376.4495	-1564.587305755323
486	1	10.315575684867163	13.382351	-1652.7732	2704.1678548502887
486	2	9.38839044926949	12.609126	-2556.3904	1399.6527867838277
486	3	9.292138113870566	12.619634	-2006.9879	2259.500203039987
486	4	7.335094482144483	11.274098	-136.9604	1029.709721628873
486	5	8.397922563517092	11.77554	-1680.2341	908.853757924939
486	6	8.991358064800119	12.361609	-1311.5172	2041.3987273069515
486	7	8.783140672932603	12.265592	-1717.1318	1294.3604966903833
486	8	9.043816419342859	12.309999	-1745.0308	1625.2835062414756
487	1	9.793989332565861	12.990424	-2861.2418	-1852.1838419887144
487	2	9.564645406354796	12.8483305	-2305.7329	-735.2755873037027
487	3	9.631924757787448	12.912756	-2872.6463	-1518.8454524161002
487	4	9.489032013512976	12.71692	-2964.8713	-1317.099388958781
487	5	10.246687373455453	13.443221	-3128.636	-14871.477097012996
487	6	10.479475616452568	13.577979	-2746.2649	-4338.991437666103
487	7	10.324278313401972	13.4817505	-2654.6702	-7854.549698571284
487	8	9.429405430941898	12.707706	-3142.5364	-1402.6117027833766
488	1	10.269726300375106	13.409874	-1666.3197	29064.773165389972
488	2	10.504051225362273	13.647798	-3266.3233	-438.72937409912896
488	3	9.702504509396093	12.913513	-3091.1431	47.16270690178796
488	4	9.71647460490794	12.868641	-1650.4541	1765.9735989660726
488	5	9.45587836596908	12.756	-3228.0259	-96.03084094640701
488	6	9.770765755521174	12.937754	-1387.9294	2445.777427440353
488	7	9.575988505125624	12.811437	-2425.3827	775.6359092753272
488	8	9.551308072051452	12.831083	-1381.8831	1965.8363482309012
489	1	9.637614472646295	12.855729	-929.282	2019.8013073569732
489	2	9.548548593968027	12.7877245	-4079.8876	-636.3886808896183
489	3	9.927887146898714	13.087394	-2541.4554	890.7834037853665
489	4	9.11881905630717	12.458729	-2637.3534	344.29074746730726
489	5	9.381896602963034	12.685842	-1694.8005	1089.1274472028306
489	6	9.95957492554302	13.093748	-2299.5705	1221.0036488676865
489	7	10.51801482182925	13.555506	-2689.9066	5656.338547474625
489	8	9.531822697228693	12.831107	-3064.4402	164.22256224375658
490	1	10.205377507686737	13.380849	-2445.1233	727.5362538502247
490	2	9.445517264669	12.651174	-3905.6801	-886.0518084044932
490	3	9.436065976441476	12.668867	-996.3253	1231.5897016936071
490	4	9.510154975879091	12.76648	-2717.5928	-22.248703419149983
490	5	9.587416189823283	12.843998	-3772.4015	-967.6695162270314
490	6	9.21253227168903	12.593464	-3276.0813	-361.5160082470306
490	7	10.589285010311444	13.651307	-3709.7346	-8555.140415997934
490	8	9.801120529751968	12.989405	-3011.0282	-366.5436197566018
491	1	9.386111288137544	12.64612	-2611.8927	716.672539144956
491	2	9.800473057086366	13.02763	-2197.4298	1535.3169725839052
491	3	9.341989667130273	12.619566	-2135.812	999.279647882054
491	4	9.236222216384236	12.542244	-1507.9292	1267.3998212884799
491	5	9.70030458160676	12.88166	-1599.0904	1728.4922330450456
491	6	9.436550683886152	12.741627	-2726.6854	688.6638380842631
491	7	10.057940992109296	13.2259865	-1786.5311	3028.512024395584
491	8	10.023648049545946	13.194458	-3079.2707	900.4823051075169
492	1	10.083090045838782	13.26663	-2871.8673	1799.2693994656793
492	2	9.08769785984901	12.308638	-1536.9837	1171.697298948096
492	3	9.770212647276638	12.93135	-1473.9725	4107.264761850978
492	4	9.272063361222832	12.48629	-271.6283	2683.5157689796006
492	5	9.925679232286	13.063618	-1879.2547	5764.765119206021
492	6	10.212119881336408	13.361119	-1920.9569	4700.434431829813
492	7	9.047674684218102	12.398861	-3654.5532	-456.8633810234199
492	8	9.433386335302494	12.742498	-2478.8823	783.5446200067771
493	1	9.542074875304824	12.844343	-1915.0295	1355.2603468812108
493	2	10.551848553081289	13.682114	-2962.3949	-158.1203791159934
493	3	9.651120102094053	12.937827	-2510.7684	669.2005745993591
493	4	9.004362154208138	12.272653	-9.4186	1885.2939936656119
493	5	9.97900673498947	13.098198	-3658.8987	-3345.272355290451
493	6	9.734907598355369	12.999451	-3149.1613	-610.6084115909083
493	7	10.039081810639658	13.193909	-1359.7142	10300.574466207423
493	8	9.157889379797712	12.477174	-1902.312	786.111144015552
494	1	10.0426250168634	13.209384	-2866.8694	136.81953574155554
494	2	9.593021799674766	12.853624	-2780.6188	147.71310897404229
494	3	9.406843791490957	12.57103	-99.8907	1764.2327674083626
494	4	9.422134412655005	12.602446	-1450.1401	997.0281605437467
494	5	10.209873699700392	13.385943	-3265.5918	-717.1483576787756
494	6	10.201878166974724	13.308154	-2076.2684	1689.363551420512
494	7	9.40486687491197	12.710918	-1798.5467	797.2867276645818
494	8	9.210575365583566	12.5141115	-2691.1991	156.3406980106893
495	1	9.27527114037573	12.571425	-1850.1545	1153.258491205873
495	2	10.433740868450347	13.551985	-2357.3162	3375.428631582013
495	3	9.144945225650899	12.469597	-2349.2284	644.4596648524112
495	4	10.024809908074557	13.164717	-2821.5542	1515.2434023275896
495	5	9.936428975079224	13.168495	-2836.553	1239.4133322372998
495	6	10.08700848188899	13.258819	-2049.5165	7489.647969062366
495	7	9.918168117219922	13.072583	-2440.4783	1804.99512760986
495	8	9.61677970698795	12.755442	-1904.8325	1498.7011226701823
496	1	9.324392466121747	12.599546	-1299.8964	712.7948442500505
496	2	10.238662330139913	13.3557005	-1456.412	3143.9810838258145
496	3	9.901310503088753	13.164497	-2178.0109	276.6463093470687
496	4	9.28117074553085	12.551662	-2128.586	153.0055638238712
496	5	10.106133778382981	13.226938	-1893.244	934.4174379430882
496	6	9.021438545854402	12.309141	-1654.0559	369.09880793475816
496	7	10.062159363397708	13.280415	-2673.4116	-686.8210263104794
496	8	9.410231437491793	12.722473	-2411.87	-42.27946242769401
497	1	9.66210703690697	12.905154	-3486.6855	-1543.429537178442
497	2	9.989327601423566	13.124605	-1366.7117	7668.964141572128
497	3	9.580346824315297	12.794543	-2626.7149	67.17294388043102
497	4	10.70955343158768	13.784636	-2476.5803	239.99431260193475
497	5	9.970643790326546	13.08467	-1798.9287	3465.7935514183173
497	6	9.632099863823747	12.810306	-1666.8115	1615.7712119979406
497	7	9.045847395092366	12.3914	-2087.5362	430.9344055985379
497	8	9.083191183122139	12.494204	-1691.9466	718.0369384650131
498	1	9.294629788758465	12.628266	-1896.2744	310.1670355071981
498	2	9.934303393513169	13.096811	-2594.363	-113.10761412688974
498	3	9.991248706286498	13.144573	-2012.0042	484.590338068612
498	4	9.60030118928665	12.829016	-1535.7876	635.0481278226291
498	5	9.659715324839073	12.876862	-1973.5844	370.7223549992954
498	6	9.441941603176112	12.699326	-2662.7408	-113.33004375587554
498	7	9.350027475609316	12.612936	-2769.3933	-163.6978800138056
498	8	10.447795279233942	13.520042	-1322.3252	2790.671099014735
499	1	10.558148077297083	13.673393	-3085.6359	-7727.9074518027755
499	2	9.741598710518591	12.998988	-2526.9937	-1484.9222317311596
499	3	9.38444419822635	12.659087	-1680.2257	-276.7986050530814
499	4	9.370083218101534	12.606747	-1461.2427	-101.04164512731128
499	5	10.441529864589683	13.516346	-2360.861	-31291.42048154537
499	6	9.808553545777462	12.979355	-3408.9709	-2586.4937283796557
499	7	9.683502279101974	12.868211	-1768.9703	-452.75747507335274
499	8	9.102133916238692	12.429323	-3217.2266	-1126.474151829803
500	1	4.444852501149755	6.858981	-1479.3745	-1598.710315803396
500	2	4.637546556054636	7.5367165	-643.5069	-295.11455432723585
500	3	4.75459387150541	7.072411	-1638.9973	-1676.4381005684743
500	4	4.900888598172648	7.2881813	-1370.5584	-1094.2334432010132
500	5	4.5914929863219385	7.009878	-897.933	-768.0005078630497
500	6	4.63161241164343	7.2422733	-340.3384	-75.28996802896191
500	7	4.480188131494116	7.0698204	-1512.0853	-1339.056203002407
500	8	5.1680083306069	7.502362	-1624.8432	-1127.7393282640442
501	1	5.454059085857644	7.9805164	-454.3733	1185.2291369154686
501	2	4.34320510999205	7.22824	716.7977	5236.1689340115345
501	3	4.927432850774216	7.278801	-704.1489	4182.05030036029
501	4	4.545675017740485	6.9059777	54.2778	6483.105068876523
501	5	4.794195951675651	7.1840096	-1537.2926	1137.9298001544216
501	6	4.5714891649910285	7.139773	-449.6941	6941.441944631694
501	7	4.604159997452127	7.816789	80.4944	2156.4001375284106
501	8	4.384537232395775	7.0069237	-1037.1725	1562.8636971800242
502	1	4.485833338574218	7.710043	21.2943	2477.1755402070226
502	2	4.306887270183356	7.157206	-1629.2121	-228.36184358351545
502	3	5.8664346406213586	8.397354	1672.0058	2116.922667020733
502	4	4.561720030409411	7.222663	-1456.8582	349.5344455690312
502	5	4.642943823832781	7.215616	-405.3617	8909.577676201443
502	6	4.819184884892503	7.492951	-908.5846	1666.5129017422196
502	7	4.495777646581465	7.3285623	132.1941	5604.3368426557345
502	8	5.0492283214766305	7.410177	-1065.2388	1384.5670039547958
503	1	4.443373094813346	7.120222	635.8614	15769.512410884812
503	2	4.354932840856867	7.687698	803.1059	4778.5855965321825
503	3	4.590975998447583	7.725913	-597.6078	1699.6252014253926
503	4	4.121894416084419	7.785597	-191.867	2242.6933111330413
503	5	4.597431045634399	6.9990644	-1469.9777	463.20234147170834
503	6	4.749227129094707	7.7186856	67.6294	2488.0974636265455
503	7	4.253516942853063	7.037041	-909.219	3676.6570736704134
503	8	4.432106264121027	6.9424314	-561.6328	3798.3822329586183
504	1	4.400115943359921	7.215248	-1301.4777	-1320.6023212950774
504	2	3.4321977795428404	7.6306505	1364.2536	1829.0623343514842
504	3	6.00045600415945	8.883586	-654.4447	-32.49323590148139
504	4	5.695327375794625	8.25952	3337.8366	3078.8255332865506
504	5	4.733211066795765	7.510847	-330.0532	983.0089013660485
504	6	4.917416405139979	7.6908946	-735.2363	-499.72334605350386
504	7	4.012063340236713	7.276149	-102.1386	660.7547094005653
504	8	4.476956292326225	7.607206	-1549.0993	-5459.364896329452
505	1	4.764835517834796	8.513587	379.2535	1074.2750495276782
505	2	5.795906198210632	7.9837112	-1088.094	-393.2648078006476
505	3	5.789413630974133	8.235008	326.061	1280.2080009472265
505	4	5.373098343526547	7.93589	-686.4116	-26.095428223634446
505	5	5.8023781497012035	8.39988	1252.1416	3438.649985882442
505	6	4.797505833688169	8.291755	-1094.2034	-337.4025618783798
505	7	6.00920828848485	8.129381	1009.0411	1829.4129068457669
505	8	5.22677606892165	7.7547393	-1159.1019	-347.3018191982385
506	1	5.163978474061513	8.368638	-291.5499	-2073.922611722683
506	2	5.121087658007928	9.466675	743.565	386.0177944939267
506	3	4.465668881481182	9.090522	-357.7463	-1119.3236201220209
506	4	5.881414917791046	9.283204	304.5205	-70.59231063293326
506	5	6.953405844642463	10.159129	-1008.1859	-552.9548802156467
506	6	7.821664100131884	10.977992	-320.5607	-185.2523193126748
506	7	5.598936436571656	9.163718	-485.6658	-894.6366152206276
506	8	5.246963409794801	9.513623	390.9477	11.699403062559846
507	1	4.291570024597481	8.696269	-415.0615	-102.15148637870746
507	2	4.521126951283731	8.931532	-1787.9162	-4926.886422500131
507	3	4.214149034830441	8.647731	-645.9043	-400.4973666094293
507	4	3.9602958421399466	7.8569336	1214.3269	1016.1381051791769
507	5	4.124232218143183	8.911194	-2093.342	-4039.760853559631
507	6	4.6848206696353145	9.181422	99.1083	4470.002567303296
507	7	4.407916151567499	8.060317	2734.2912	2546.3677939743284
507	8	3.0603506162790812	8.333575	-105.2477	173.2384780569067
508	1	4.187951223380059	8.8505	-2106.9783	-83.7697645962804
508	2	5.349530367116538	9.3506365	855.8849	2303.8209689576342
508	3	5.882969342192314	10.014291	-282.209	930.6724046682452
508	4	4.355183723281684	8.001484	-1656.2955	403.21552516620943
508	5	4.9914383029344656	9.398703	-1019.3576	1252.472691216495
508	6	4.304602567001679	8.829365	-1646.8821	2198.0074563487865
508	7	3.928223913065337	8.052623	30.2231	2347.1566535961733
508	8	3.9414551456620766	8.025767	38.0645	1964.6053823315463
509	1	6.58898888050458	10.751067	-1173.8011	-947.8212348569336
509	2	6.479938402346307	10.550717	-1604.1	-1700.9900744698662
509	3	5.025864702462214	9.355384	-1469.3037	-1082.2253156603326
509	4	7.098415714551068	10.645448	1028.7273	945.3198750385219
509	5	6.139697703192258	10.068973	-906.4249	-1736.9065687865248
509	6	6.230242497130048	9.470045	-387.086	-180.08074666139925
509	7	5.065457966127679	9.686939	-842.2844	-633.3157134558859
509	8	5.893642861184932	9.75475	-1058.663	-3337.165491885837
510	1	5.405737762399024	9.160534	-837.544	56.83656595082312
510	2	6.81416846810293	10.094987	-1917.7788	-1378.3090984167054
510	3	6.519366044094719	10.02286	-1740.1024	-2338.4121086939435
510	4	8.811829946241774	12.03847	-1415.0815	-153.1175982940438
510	5	7.10722758435604	9.848862	49.6815	1004.7738623156183
510	6	4.151387163909837	8.734262	-1407.3896	-202.6069614789376
510	7	6.584918876159312	9.922463	564.7932	3922.0059719230926
510	8	6.103446565237694	9.823912	-423.4487	1540.3206366468569
511	1	6.680944969802055	9.517407	216.5946	2857.3225403679185
511	2	7.196997128683544	9.861043	-839.5332	1353.7760454061142
511	3	6.9668245197885055	9.957597	174.4492	5161.357231167579
511	4	6.75951068380742	10.594366	-437.1014	2942.9328672446063
511	5	5.614880739659519	8.785893	979.9385	1650.237577528124
511	6	4.83243231476092	9.131479	-806.181	491.20809697982054
511	7	7.113243491108945	10.055945	241.6451	3418.6448636291543
511	8	6.959988426724662	10.30003	-1386.8448	750.5428723438868
512	1	7.46304087112789	10.723047	-1324.9731	84.91968761873794
512	2	5.383149678545872	9.316593	-18.5346	752.8281630699912
512	3	5.455136786007644	9.4105215	-609.6762	433.2859787396795
512	4	6.814509907666137	10.178958	625.3367	13288.62916981348
512	5	7.066307110109381	9.827766	-896.5444	1093.4040863655052
512	6	6.584914891669912	9.381294	933.8143	2457.3597828695324
512	7	6.221394060856069	9.5010805	-697.9898	599.895838547469
512	8	6.128990142654366	9.504505	-1110.7608	260.20905858854746
513	1	7.47388377576844	11.049994	-241.455	4354.109087941918
513	2	7.203996501743904	10.18563	-1064.6304	330.65953598796403
513	3	6.360076214777843	9.453225	-1324.9817	-0.004510958407315087
513	4	4.233117103046754	7.905105	2560.8855	864.6242133091436
513	5	7.973353033722269	11.175889	-1699.023	-757.8242702121029
513	6	6.051910628452224	9.831107	1311.0752	1451.3127999262827
513	7	6.684117858224777	9.499248	-516.8819	493.0783747236787
513	8	7.1653050928152755	10.313868	-449.7149	1335.9153093193897
514	1	7.570186234713934	10.775473	-1307.331	1115.9527292347252
514	2	6.769374321371808	10.184287	-1708.6211	-6.231044180815141
514	3	7.032810179613089	10.247015	1346.6041	2303.525637524136
514	4	7.491165763867393	11.02356	-455.767	2147.1507476201546
514	5	5.5795581570741515	9.078712	488.0093	700.8395525943031
514	6	6.180481351113388	9.501245	-1417.8627	120.9366306478353
514	7	6.8349447039592865	9.683364	562.0061	1201.230941767625
514	8	6.657137901612397	9.809111	346.2	1126.9235426208948
515	1	7.612555385211783	11.213675	-78.3871	951.2929106680822
515	2	7.86077494253092	11.02548	-548.9298	-185.47815729337623
515	3	7.605079398569974	10.485875	-846.9494	-742.8529643465504
515	4	7.541416862603998	10.882486	-599.2556	-688.1792106913041
515	5	5.022143211473038	8.581654	484.5885	279.3603682756172
515	6	5.733627292351577	10.125293	-1454.9639	-536.3441259933604
515	7	7.114048307575995	11.040346	-1504.7645	-3126.443619691944
515	8	6.6550855825452455	10.030763	-554.8044	-91.72028240966245
516	1	7.572542494320784	10.668245	-390.1148	1925.0196872277866
516	2	6.922993982270226	10.332312	-1377.4583	171.0831856062604
516	3	6.76600854364468	10.97011	-1462.0353	130.1734666262435
516	4	7.322085332594153	10.517116	-290.4901	2134.1689304595275
516	5	7.724155400640916	11.30393	-719.8229	1098.2820001818063
516	6	8.061035864521703	11.718344	-413.0898	807.8671654742236
516	7	7.201599177848934	11.243863	-1163.396	1619.9907827204909
516	8	5.921334575387328	10.373227	-1062.0925	336.39242259213336
517	1	4.299253662939406	9.0428295	-609.0401	-41.90461684764863
517	2	6.4533850488711115	10.774362	-888.4695	-282.35380048545255
517	3	6.496316286949176	9.994442	-1442.8367	-447.47953733523207
517	4	8.440654820940988	11.906112	-960.1545	-1352.9192777834212
517	5	7.909769552002045	11.245136	357.2486	1315.6146591782542
517	6	7.088029764237197	10.739369	-439.0924	-16.798734308404473
517	7	5.857911687646185	9.966192	247.8215	231.34612855437493
517	8	7.881452953736178	11.434905	-1117.9296	-2717.5469659272126
518	1	7.853220508029796	11.179636	15856.8564	22193.018533119644
518	2	7.581634628344654	10.998345	-272.8858	480.1425394609942
518	3	6.761336086691251	10.334487	-40.9494	397.8005351050562
518	4	9.814076489662847	12.967281	-2148.9676	-655.6013590582908
518	5	7.498291032942697	11.050213	-1030.9468	-64.75048620678487
518	6	9.278346401148902	12.604749	-3266.4898	-1906.6135439388495
518	7	10.01024907524257	13.130585	-1391.3284	-207.57973227883787
518	8	7.518208874101644	11.088764	-1714.9204	-610.0658675593085
519	1	6.954581808334352	10.174393	521.486	1087.2254173392569
519	2	6.843699185681911	10.423599	-199.5659	909.8114178446071
519	3	8.163234713255962	11.297652	-205.2893	1678.7424367934282
519	4	6.6080164794438465	10.120873	1111.7145	1153.7901475701262
519	5	7.848833808818001	11.036876	1198.749	1911.604318847233
519	6	9.377338112494705	12.679016	-2539.5134	7485.799945338967
519	7	9.505111620101795	12.803305	-1795.2554	5142.607199651961
519	8	6.95319837301189	10.322174	-863.8501	729.4210026467765
520	1	10.11486756331139	13.285475	-1386.8979	566.554977045993
520	2	8.834882176269447	12.247999	-1319.7771	525.2689160148341
520	3	8.95297076296774	12.324529	-2631.4053	-1018.3648685148306
520	4	8.967310106121843	12.268846	-2982.5697	-1521.3300671711568
520	5	8.8134856741286	12.147962	-1546.674	257.67262969603667
520	6	8.376317923181102	11.692064	-1256.9639	327.7004638448295
520	7	9.257193772201314	12.645056	-2383.0454	-1930.1283461901728
520	8	9.351939666679197	12.670873	-2867.3606	-4303.897900238469
521	1	10.4657447506609	13.541845	-1446.4399	-123.23903078420241
521	2	9.345267025075009	12.668357	-2691.9569	-1438.5432467164226
521	3	9.993894114195212	13.173549	-2330.9772	-8270.506384338112
521	4	9.227073452262639	12.593851	-2494.142	-1025.161750168686
521	5	9.244034000214684	12.522928	-846.5387	513.3710880060701
521	6	9.975448712442175	13.207175	-2844.1358	-12393.692457031126
521	7	9.373211350227997	12.61812	-3016.2832	-1683.330541901933
521	8	10.153852490411692	13.268724	-1781.5891	-6811.452490179316
522	1	9.127892951803132	12.454349	-1637.1567	-109.2796442129649
522	2	9.611628071200611	12.826653	-1192.8341	221.7503087460819
522	3	10.151536104369448	13.333803	-3087.7589	-4337.109892304871
522	4	9.84196670458709	13.015005	-1120.3771	380.10668338157024
522	5	10.019481189802224	13.227989	-3029.3989	-2811.7728635483345
522	6	9.109360444919302	12.439151	-3010.1566	-899.5874200403999
522	7	9.50659480149589	12.685412	-2384.9723	-696.2372618822245
522	8	10.185166546369055	13.324596	-1158.6034	720.8322850123865
523	1	10.291576664747073	13.4249325	-2877.7447	1241.8521559899584
523	2	10.514313776888674	13.642454	-3143.5248	-116.48746711506647
523	3	10.118060183955006	13.274545	-3380.528	-2850.3972383305377
523	4	9.840105308367681	13.020404	-2226.7353	1806.2870168596942
523	5	9.129524634963012	12.348801	-2849.2276	166.2497135254203
523	6	9.859709372247506	13.097574	-3127.6019	-107.43884110262792
523	7	10.303609062872784	13.425443	-2156.148	5743.186598748289
523	8	10.430413575814567	13.523088	-2667.167	1329.64462287361
524	1	9.24967094773752	12.449168	-2058.4712	623.9001339170717
524	2	8.91515170235918	12.2755	-1959.6529	545.2444467329834
524	3	10.03000269913961	13.179325	-1469.1661	2358.9709326151346
524	4	9.707286795932001	12.9092	-1081.51	1847.5423847415784
524	5	8.922781715171565	12.172307	-2872.0143	122.89980545778167
524	6	10.062159607467246	13.193699	-3361.7732	-323.09314048046645
524	7	8.851726578079107	12.091256	-1982.7979	497.90694115868405
524	8	9.226755539491565	12.567354	-187.6208	1690.9330041969665
525	1	9.034902779174024	12.248933	-2318.3492	757.573848860104
525	2	10.398805050001757	13.505202	-2048.3571	2732.0341104726913
525	3	9.08351250073473	12.419504	-1905.2407	1203.955396113628
525	4	8.874312671056126	12.182004	-2215.6534	718.0400027611068
525	5	9.18034099370539	12.48048	-2520.9647	789.5475534867663
525	6	9.490156304588647	12.765544	-2271.8025	1624.1431554461378
525	7	8.623971933159373	12.010147	-2035.3623	722.2509775994894
525	8	9.478778052703857	12.68627	-2617.8188	1016.0919363988327
526	1	9.70043179053197	12.955956	-1961.9057	99.6392966920897
526	2	9.89398435411224	13.055914	-2423.6349	-537.5302034029988
526	3	9.245672820848368	12.562715	-2696.5882	-441.7891232453151
526	4	9.852692771820633	13.031517	-1425.2094	875.0876881277586
526	5	10.16791503474267	13.320044	-2880.0905	-2723.646602268264
526	6	10.44031316225113	13.545271	-3451.0099	-39519.500519952206
526	7	9.327337263824552	12.657445	-2643.7742	-442.3589056763211
526	8	9.665067359571264	12.889134	-2232.8077	-193.58149782410692
527	1	10.276172018916995	13.369538	-1516.829	9306.24150525998
527	2	10.268231066916211	13.412377	-2257.6476	7407.731354646673
527	3	9.608635264274286	12.827524	-1812.4675	1484.4301601326993
527	4	9.592765115843427	12.8393545	-1968.4074	1430.571321357894
527	5	9.985605794638197	13.167226	-2366.2454	1886.199728058915
527	6	9.658287534296846	12.948472	-1999.0833	1570.7450723446536
527	7	9.734784318439846	12.995175	-3539.898	-106.02615276352307
527	8	9.463715170822212	12.76616	-1491.0458	1622.1165285493912
528	1	9.532798781953069	12.752389	-2105.1917	155.61940250404314
528	2	9.60818241306442	12.880444	-2464.1831	-235.93335685604853
528	3	9.754595535217884	12.940221	-2143.0631	154.00788017795608
528	4	9.928459071162445	13.092436	-1479.758	1662.2850013309705
528	5	10.407082839730457	13.516706	-2953.9235	-6063.876596231492
528	6	9.132020176623206	12.43829	-2335.1961	-51.706324662239034
528	7	9.779532556625723	12.998481	-3076.3006	-1240.3125783093121
528	8	8.958081583576472	12.29461	-1520.8089	424.34249539831166
529	1	9.302679623694958	12.586793	-2208.6476	538.3199237111598
529	2	9.46931126091229	12.752923	-2619.2324	294.9402944718881
529	3	10.072571003466942	13.263975	-1676.5058	3428.0416102084796
529	4	10.072601118544632	13.239344	-1837.9911	2742.9273270039507
529	5	9.764875198506425	13.025432	-2864.2463	117.46465730263272
529	6	9.527299217961396	12.756859	-2374.7326	519.953283984479
529	7	9.986393541680572	13.14997	-3117.7248	-306.70590770672845
529	8	9.135653980694636	12.498435	-2695.6011	161.36842515478608
530	1	9.408934323978478	12.6330185	-1536.0713	2043.790706671056
530	2	9.55563285566401	12.754909	-2233.6006	1464.4266629977187
530	3	9.38971104843587	12.686748	-2608.4617	721.10646287811
530	4	8.859532414214108	12.128886	-1126.9815	1261.4135966602664
530	5	8.61020003522958	11.961765	-519.6953	1423.322518730764
530	6	9.121977270064042	12.473448	-2576.6302	492.9901906952532
530	7	10.304720018450393	13.463693	-2201.6965	2036.5386146447838
530	8	10.089094242880599	13.294932	-2833.3302	1385.0382713573845
531	1	9.516114537106219	12.791737	-2581.3312	333.5967290003724
531	2	9.389542838844443	12.697286	-3168.6671	-362.15736585732446
531	3	10.127024656946578	13.267259	-1409.0921	18931.48766095646
531	4	10.581473088793045	13.626926	-2237.4086	1035.0159283792275
531	5	9.640984308803613	12.879881	-2259.6201	934.4161198942218
531	6	9.72191001368423	12.999439	-2524.7395	625.9446247464501
531	7	9.356025988688273	12.625519	-2336.7894	498.5193791111627
531	8	9.780030510252308	12.92713	-1932.1297	1605.4974763656896
532	1	9.937225219274856	13.171861	-1152.0626	1326.2418756594286
532	2	8.950829682606223	12.282108	-1294.7046	444.3725542666452
532	3	9.065483972788742	12.466475	-2669.7286	-221.21304393622768
532	4	9.314210378747072	12.675124	-2183.949	34.27960436072181
532	5	9.783590876822984	13.045482	-2058.289	183.52868683306008
532	6	9.790905481882868	12.972568	6337852.1073	5881606.408481034
532	7	9.35641939098256	12.626681	-3634.8924	-895.5423757762214
532	8	9.665856064872276	12.879837	-2402.1268	-141.2047639661474
533	1	9.6221796744066	12.879388	-2617.2215	-2135.177037865364
533	2	8.772880131770078	12.061707	-2702.0411	-438.1993388562951
533	3	8.617503569248061	12.046461	-1057.6647	624.9691343171012
533	4	8.824929539657829	12.18225	-2717.2137	-502.54017471151167
533	5	9.272423040939996	12.50095	-1702.9151	444.11846903331707
533	6	10.345021119158307	13.411747	-1599.8086	711.9191091754831
533	7	10.534593109923007	13.652049	-2207.1819	-154.12752395149494
533	8	9.236347954054787	12.634321	-1193.6298	1267.899070147546
534	1	9.567815861054994	12.641893	-2570.6243	-258.93881149526806
534	2	9.330320091554771	12.605886	-1814.434	247.6955088675195
534	3	10.398542984625275	13.49786	-3085.54	-3962.208959893991
534	4	8.985329951798946	12.325918	-1349.1759	422.15025113044555
534	5	9.145992767714255	12.527773	-2481.4285	-153.5823746630578
534	6	9.656298726463708	12.905808	-2758.7078	-477.2174293354016
534	7	10.011960789821448	13.175859	-2156.3068	70.84846190297206
534	8	9.926187736660223	13.166678	-1470.3822	904.7824451803278
535	1	10.42338598223323	13.541698	-2396.8309	15508.948938332502
535	2	9.890389430531828	13.004457	-2288.1284	1082.1739197005945
535	3	8.596302765954352	11.835069	721.6004	1499.3125124546807
535	4	9.414702793317177	12.646825	-2935.3468	117.66651900657388
535	5	9.364596620490651	12.695408	-1675.6144	1112.7144713839864
535	6	9.42036402043632	12.668736	-2317.8965	591.1614765065481
535	7	10.459427125789071	13.5458145	-3463.0953	-4726.8771587939045
535	8	9.32766214373292	12.593273	-4096.2772	-723.5097566218523
536	1	9.490617376274512	12.819644	-1568.9075	1579.34382019746
536	2	10.256682150363748	13.428311	-2734.1761	3205.326389115744
536	3	9.700771762893453	12.847378	-3234.5147	215.68063499931026
536	5	9.376520508992837	12.711554	-2558.612	670.2192584497881
536	6	9.40793057282182	12.746377	-3231.9584	179.26166695813393
536	7	10.279973996018812	13.371751	-1206.5859	8817.455012442606
536	8	10.049252042602934	13.238388	-1642.9363	3412.717467175671
537	1	9.272937349838582	12.433722	-1736.9498	713.805570765418
537	2	10.217804621652204	13.364292	-1102.5345	24501.96814071477
537	3	9.009195828757077	12.302966	-1575.9118	693.1934764361857
537	4	9.888319779266835	13.087556	-2954.3778	-455.9663669519116
537	5	9.635602646027444	12.837034	-2239.4331	570.5651463688936
537	6	8.91183026533182	12.284368	-1947.8745	423.7543889945923
537	7	10.177331157790702	13.368579	-2524.7964	2606.207498482894
537	8	9.079944949581465	12.316767	-2713.6617	12.552616897343501
538	1	9.396771249412854	12.717525	-2359.3803	160.623322742345
538	2	9.372398940985846	12.572105	330.565	2683.812847623292
538	3	9.293495206192247	12.530652	-346.057	1733.5181198690664
538	4	9.406025708303964	12.753639	-1606.6491	898.1205772416998
538	5	10.195299422714314	13.38592	-2074.9815	19771.94025937542
538	6	9.510616871348079	12.752916	-2155.4176	398.0630966816725
538	7	9.058869543013888	12.326225	-1804.7809	457.74317468329116
538	8	9.980628433151605	13.142601	-3443.6932	-2666.4315408194925
539	1	9.784704818977763	12.9373045	-2328.5966	-413.9684042283484
539	2	9.070343684290561	12.424441	-1590.1816	321.9307308644052
539	3	9.84144888653625	13.0038	-2161.6532	-149.2948164976257
539	4	9.62377888971584	12.894007	-3264.552	-1571.3137057359254
539	5	9.281450673430195	12.59215	-2299.0826	-185.09576495111267
539	6	10.669239371264416	13.780219	-2248.2872	-311.4328720175436
539	7	10.22051790457758	13.310205	-1296.5183	6083.398121596992
539	8	8.925263910611468	12.3326645	-982.2286	636.4727043814308
540	1	10.03772705718108	13.164175	-1210.1194	1188.7158617290877
540	2	10.03599518353408	13.079082	-1343.6103	963.2560960193096
540	3	8.96170899486054	12.435583	-1631.5003	282.3132489335771
540	4	9.09693694459899	12.412842	-3281.1001	-506.2176817024224
540	5	10.346900905168967	13.432293	-1718.8082	1221.249697762825
540	6	8.731332331351393	12.156649	-2363.1459	-46.093067774414834
540	7	9.532686424485998	12.825974	-2738.5462	-347.8322900057198
540	8	10.42843392515511	13.488225	-1633.5712	1655.314589821039
541	1	9.512199800412708	12.720619	-2578.6309	-789.457323819202
541	2	9.672068147993933	12.943226	-2666.0673	-1137.068206577148
541	3	10.167560767972546	13.356483	-2519.9101	-4633.049961195012
541	4	8.993087032464421	12.335452	-2570.5157	-494.2672958736653
541	5	9.415354403910847	12.700197	-1817.4461	-84.84751735553014
541	6	9.699346329137054	12.9058695	-3195.6375	-1804.6399162806945
541	7	10.40664327810944	13.54205	-1358.2706	2639.029499268849
541	8	10.630066556051506	13.707481	-2085.1034	-921.511559814489
542	1	10.079002547913463	13.225838	-1014.2455	1417.4754406515688
542	2	9.915524351381881	13.164164	-1244.1399	932.4062476427174
542	3	9.329371045251015	12.637993	-3145.5473	-629.023234842238
542	4	9.831605620709409	13.010741	-2946.3393	-811.820175178772
542	5	9.377843669581306	12.559207	-1896.5751	114.60002660008941
542	6	8.909362368716067	12.363239	-1834.3818	113.78713478569306
542	7	9.399521685794005	12.691224	-1832.0981	157.42113622522288
542	8	10.062165687394115	13.223285	-1853.8699	310.2615001639157
543	1	10.295094927564103	13.440595	-2773.5556	-2939.2398284583282
543	2	9.11493491976956	12.455835	-933.1211	737.6758530440565
543	3	10.123182564860326	13.330975	-3265.7538	-11752.904443183268
543	4	9.2384684045651	12.535889	-2536.0019	-625.1231464835005
543	5	9.441721788884603	12.703884	-2350.3369	-608.4685726454555
543	6	9.644692624438083	12.917881	-2435.6477	-1126.7127953116885
543	7	10.06231012053657	13.220661	-1641.9883	8423.267612425585
543	8	10.20285698700574	13.346349	-1865.2121	-60.65499367392534
544	1	10.441313924216331	13.569775	-1707.2151	4156.968235003275
544	2	10.155690765996166	13.293602	-2841.4572	5275.489038484622
544	3	9.478948967116754	12.7346525	-857.5505	2665.8870341272664
544	4	9.880320711882295	13.103678	-2932.9569	1041.750312414528
544	5	10.09114782633413	13.211644	-2486.4685	4808.505270315002
544	6	9.407748431238193	12.699284	-3033.0804	251.99715488135166
544	7	9.218727083092782	12.668222	-2411.4983	759.0785081122825
544	8	9.315027607628235	12.708393	-2237.5704	1012.8180959173909
545	1	10.276737880763473	13.421237	-3504.7287	-8565.66535699532
545	2	9.137855730822633	12.522298	-1178.8022	311.44899767634206
545	3	10.074754150680334	13.284656	-3011.0749	-3019.805009483496
545	4	10.20738493034296	13.386008	-2902.2321	-4744.4767250946015
545	5	9.534036968870955	12.834029	-1667.8051	35.512770450608365
545	6	9.40427556576756	12.687856	-3248.9823	-1172.640372448222
545	7	10.127855048574803	13.250448	-2069.1249	-838.7506131192789
545	8	9.348892240682698	12.694423	-2052.4161	-252.81266915839802
546	1	9.364691232337597	12.735768	-2674.9211	749.2539024374461
546	2	9.747376144669554	13.011263	-2758.2315	1179.965532910068
546	3	8.704716761002391	12.008254	-2292.7769	577.9060706973029
546	4	9.705169725205335	12.944677	-1891.0867	2226.85606784538
546	5	9.757305746896686	12.9853325	-2746.1343	1172.3668229414604
546	6	10.034637584864582	13.172937	-2111.8661	3985.7668626080267
546	7	9.680662716139837	12.8372	-290.5996	3721.6307741637843
546	8	9.46743076046585	12.778076	-743.5548	2754.8696792790493
547	1	8.224552289204052	11.54329	-694.026	942.4981678152928
547	2	9.856756783488915	12.994169	-3037.2608	-2606.541843913037
547	3	9.49521423268609	12.732488	-1901.2514	1997.133156533569
547	4	8.877000143301474	12.151326	-1940.5507	642.8097436785972
547	5	9.993814305509467	13.140021	-2229.7451	2351.0107308409074
547	6	9.904744017506294	13.113706	-2054.3147	3836.5716138970915
547	7	8.901180299187937	12.313763	-2294.0204	414.43452573649876
547	8	8.679058794759765	11.783478	-1174.2398	960.1060451392227
548	1	8.008862972264478	11.745471	58.0735	921.06147804595
548	2	9.531952094572206	12.738074	-2289.671	-100.12278232969469
548	3	10.164088478526963	13.310344	-1768.2309	1538.782683413461
548	4	8.970431622712574	12.434568	-3460.5424	-1002.179086537664
548	5	9.067901728568996	12.430803	-2048.0268	161.38236934057107
548	6	10.063750736418388	13.294853	-2765.2245	-2460.508202039685
548	7	8.84632035469292	12.2027025	-1879.953	243.81842771749186
548	8	8.768115214503863	12.1790695	-1360.0713	567.6564772208189
549	1	10.34659175628318	13.437561	-2552.783	719.3025516403609
549	2	9.47111203902643	12.727014	-1678.1852	1274.8584100399764
549	3	10.359158863480916	13.465648	-2047.218	2288.038977789208
549	4	9.755510075167265	12.973046	-2187.0181	1344.4708251974002
549	5	9.928000293931579	13.1318655	-3133.9626	-1789.3118389796869
549	6	9.748417246337256	12.940442	-2154.873	1313.108520806231
549	7	9.16570128122825	12.440548	-1959.0793	643.9961807848896
549	8	10.034437680332825	13.223834	-3135.6509	-5850.392263601126
550	1	4.629705061182478	7.000846	-1195.8795	-1209.7827709834996
550	2	4.502506001281845	6.922539	-1331.4989	-1331.3079366409704
550	3	4.574070623579393	6.879566	-108.7906	226.2260078315835
550	4	4.360037054837636	7.34374	-491.2088	-182.20172405033412
550	5	4.586777660965218	6.9877253	-830.0379	-701.5070865547772
550	6	4.875934002712763	7.412166	-661.481	-358.5142523843884
550	7	4.712423647452489	7.7163396	16.4558	194.21160531989406
550	8	4.880531276785486	7.4101114	-341.6726	-67.82308403293621
551	1	4.58498826815378	7.020275	-1880.0328	-10561.919953308015
551	2	4.424469196865094	7.33562	445.3558	4177.9580207642275
551	3	4.52423283724941	6.939553	-682.2516	25760.131192454133
551	4	4.508676048826034	6.886929	53.2023	13228.94167953952
551	5	4.078280628981336	7.4146686	-224.4362	1683.7873051192614
551	6	4.570208390980345	6.99893	1301.5402	68990.87100268368
551	7	4.970144446211227	7.219953	-838.6173	1042.5181491196888
551	8	4.659104834678329	7.1077676	-1949.2303	-3984.9052807851417
552	1	4.565113765207854	6.9251447	-1027.8119	8323.03727479522
552	2	4.129024048905257	7.4270964	241.2012	3457.672448664764
552	3	4.264005239607382	7.1242256	-313.4206	4797.654261851655
552	4	4.90733281313257	7.330588	-1127.8092	1796.1692292308994
552	5	4.051998522913744	7.689827	284.3881	2452.921054459986
552	6	4.6581177364080775	7.6936655	901.088	3604.791471420876
552	7	4.467003237787962	6.9480333	-1273.4714	7187.366998373271
552	8	4.467466587841476	6.809835	-680.994	6111.297755456271
553	1	5.159176382296821	7.8987174	814.7608	3146.260249506111
553	2	4.745680413351303	7.732521	-1477.9642	-697.9989126328578
553	3	3.9170804768240526	8.076628	210.7864	1073.3164372901354
553	4	4.610308692378531	7.1541758	-943.7445	564.2054707042338
553	5	4.502292622638797	6.8235617	54.2604	2044.5498000432867
553	6	4.7811838964863815	7.6041007	508.0773	3629.9999681815025
553	7	4.656860261646891	7.4985824	-2046.1842	-2885.9511494549292
553	8	5.553261038099126	7.976359	-12.781	1243.9658908357733
554	1	5.385740853838132	7.8706055	71.039	3064.3787676298903
554	2	5.416018814702288	7.819219	-525.1154	2129.256035942102
554	3	4.626642647608462	7.567261	-1974.8856	1153.5767079842983
554	4	4.605347383892642	7.3754125	-687.3827	20510.24052724117
554	5	4.564710479651306	7.0789323	-630.3899	2831.023527477707
554	6	4.201355200276676	7.376123	514.9224	5210.11698042785
554	7	4.6039491317393795	7.4273577	-1564.3571	2461.029226610563
554	8	4.6309871787459995	7.6575966	588.7018	13146.009470360963
555	1	4.664695842105805	7.3764496	-1041.5389	4168.971538211453
555	2	4.507708907461656	7.3114343	-1535.8568	1520.2994880197018
555	3	4.50959051995196	7.3257318	-441.3019	6119.062565977478
555	4	4.21026076905146	7.422337	-1288.946	1936.717582021626
555	5	4.473257766749332	7.6050124	577.757	18131.127911830976
555	6	4.505726032876545	7.1278267	-1673.8707	678.515026110244
555	7	5.437949645434285	8.891246	321.9541	1497.7936229354107
555	8	5.252815924340679	7.48353	-2629.6732	-1136.9438669152182
556	1	5.346563891476115	8.608135	455.0411	305.1255505008691
556	2	5.310001628205789	9.251518	-722.1829	-2837.8810361654173
556	3	4.114361478226445	8.728649	-1578.5161	-1562.0322470963613
556	4	6.959424062207881	10.384547	-1964.2841	-1043.7437518622787
556	5	6.822193255097765	9.816908	312.0388	-5.440376544839099
556	6	6.126953899659833	8.667343	4316.7612	5532.733693757298
556	7	5.872737794561392	9.672693	-578.6711	-972.3593018868252
556	8	6.8798842464435745	9.734199	-460.9173	-435.501680559524
557	1	6.597634460949379	9.916085	-1760.3386	-691.1430340699585
557	2	5.744370718915868	9.697444	111.5388	1170.0757829900947
557	3	6.186528628391669	9.8482485	832.762	1425.9239354835954
557	4	4.774819028143012	8.462843	309.4172	1040.8376579359058
557	5	5.9922298069536675	9.630381	-211.0487	662.0121102365937
557	6	6.528161064297937	9.81801	350.5379	869.9257238615183
557	7	6.4960708158253295	9.523708	578.8408	1016.2107475323472
557	8	5.674958342149562	9.304306	-376.3074	1035.6913166116456
558	1	7.013224402986016	9.944611	-115.1126	4479.140867197542
558	2	6.090468089412095	9.580912	-393.2468	1799.4857774164043
558	3	7.374179212200101	10.15273	-337.772	1698.811944014645
558	4	6.6982344182248745	10.3635435	691.3804	5184.343120047123
558	5	6.771700876043965	9.777669	1232.9648	14206.41321098195
558	6	7.470537200098666	10.0445795	-946.9875	846.133171993937
558	7	6.70054687694428	9.889082	-1479.4528	2400.823657494518
558	8	6.364764173988484	10.011561	-951.8968	3802.736752024441
559	1	7.098956114750701	9.568213	-1212.4145	-426.75674452586605
559	2	6.621083831306733	9.53219	-474.6082	436.0010269817486
559	3	6.972362129317036	9.83586	1158.6284	3239.9725360537177
559	4	7.287154652527835	9.930497	819.0125	5669.695120690961
559	5	7.791482425274281	10.623226	1773.1803	6222.692332525475
559	6	6.621751087352826	9.64323	1132.1956	1939.327614677621
559	7	7.162127043844513	9.7449665	399.7421	2682.196166304418
559	8	6.806701652516171	9.944162	-1792.5124	-1024.968800117612
560	1	7.615430438479808	10.228898	339.5405	-4536.440269282579
560	2	7.731855697507239	10.482967	-747.3834	-24495.16994994507
560	3	7.191521031845208	9.753703	44.2806	-1982.7270274823934
560	4	7.57339970758376	10.736751	-1776.3671	-14899.114961393718
560	5	7.75454985863372	10.732298	-1528.8271	-18259.282749429778
560	6	5.587457507215342	9.788593	-697.6963	-1113.5530349714913
560	7	7.126311489999101	10.012745	-787.9418	-3177.6387127683606
560	8	7.869001887754057	11.498963	31.4306	-1672.0252518409307
561	1	6.940811508244306	10.293758	-1039.2495	522.4878524400368
561	2	7.439036618378825	10.081148	649.7854	3205.5191129434215
561	3	6.26375909055175	9.217748	2036.746	1734.00732541128
561	4	7.541242982306388	10.271545	-618.0824	2190.357573328317
561	5	7.551406222731935	10.259379	-1542.967	-27.726016325287087
561	6	7.220261168138541	10.33433	-62.6408	2325.3042012701076
561	7	4.064876568896021	8.905193	956.706	599.8962065374079
561	8	6.749023607732178	10.974615	-1859.7959	-324.16588213389275
562	1	7.229819230555311	10.297969	-1038.969	1013.5917335889991
562	2	6.752387522547653	9.820561	1095.6881	2481.463148570695
562	3	7.574835466003321	10.519776	-1222.951	697.2872776187269
562	4	7.235502719530226	10.480999	-1681.1286	270.9630864246967
562	5	6.946857409187624	10.3499365	1636.4653	5317.221753496418
562	6	7.786429353513865	10.873065	-2431.9622	-587.1676880038492
562	7	7.132630901796302	10.387992	-1259.637	882.5458122982968
562	8	7.597189973650873	10.911925	-912.0564	1192.0658784082664
563	1	7.795031498329636	11.356909	659.7016	4941.30011295855
563	2	6.9928158301533445	10.306619	-2350.8306	90.26428879346369
563	3	7.734546807818791	10.676649	-1733.6262	4867.804118637058
563	4	7.443130783118633	10.289274	-907.5517	2428.2717785130976
563	5	7.074088508073731	9.8461895	16.3935	2165.8571002784206
563	6	6.486219164206317	9.552358	573.2107	1660.961476942358
563	7	7.483366911947092	10.862496	471.2511	14023.468564226037
563	8	7.850868147066975	11.127272	-1719.1462	2535.1021513763662
564	1	7.626551702462562	11.547895	-954.3363	1654.9050366511872
564	2	7.543044022429584	10.479463	-781.1113	1415.2187263708615
564	3	4.570455874661537	9.19582	-1659.6571	16.274100589020687
564	4	7.6906042291303445	10.88231	-617.9726	3663.9691284185888
564	5	6.378003640617684	9.9173	299.9108	1102.6659609778835
564	6	7.071976528311157	9.807521	-718.1406	687.4731139191028
564	7	6.42128661812097	9.954134	-1498.5474	120.72050895692892
564	8	7.322334142420063	10.252577	175.5592	1984.0578082513055
565	1	7.778043061647332	11.237503	-1138.0895	-491.7922571636963
565	2	6.24284244850409	10.510337	-2499.5177	-920.4742609663556
565	3	7.225771391827361	11.284222	-1262.1503	-617.1309890122144
565	4	8.264645337657843	11.501927	-703.8516	417.03724557088026
565	5	7.0933585880915935	10.332755	-2193.5055	-953.9199129719372
565	6	7.679319609954895	11.398382	-101.8909	6219.888356131347
565	7	7.390482957523776	11.108294	-1454.067	-925.4006919105304
565	8	8.245505167746767	11.323829	-1898.0628	-1536.5489094130617
566	1	7.367856301990392	10.916909	-696.9935	6.639963668946028
566	2	7.316752627661909	10.77104	-1138.0478	-373.64546005041086
566	3	7.102888007796863	11.072147	694.996	1240.9349470236077
566	4	8.350529704707464	11.239789	-771.6886	-232.77533825791588
566	5	7.569396164125668	10.688485	-2077.1135	-1583.9012772480582
566	6	7.005665588520397	10.017993	-551.5472	84.62111942850609
566	7	8.24363698498795	11.222328	-274.8129	1472.9979858518516
566	8	6.773154320920192	10.48359	-892.7863	-105.56904986441306
567	1	7.423248978202108	10.478585	-2712.3761	-1703.3045961451
567	2	7.40509562888556	10.4696245	-25.1778	592.8068769457107
567	3	7.213877579905813	10.131843	767.1401	984.017463704997
567	4	6.067127311427173	10.061575	593.3592	551.9385272568189
567	5	7.818147954919327	10.387913	36.6584	891.3431620569058
567	6	7.275585033087127	10.51453	-1302.3796	-408.91282163659866
567	7	5.6277741469999905	9.246917	262.9133	318.9187221247632
567	8	7.12766927019996	10.351253	116.9912	609.252168266499
568	1	6.297328214478391	10.025415	8681.1123	9515.241245200552
568	2	6.73235422836233	9.611649	183.9769	2584.602259127477
568	3	6.9117568506285485	9.766461	-750.9698	2460.0254219629646
568	4	6.973120762517971	10.124858	1109.6756	5880.4462948923965
568	5	6.473894254464746	10.0890255	-1532.5512	1093.7606542580327
568	6	7.256911077283211	9.928615	-283.1842	4652.034706889509
568	7	7.133578588370736	9.730488	-691.8986	3016.2745749081632
568	8	6.155867627189258	9.8626175	8.7178	1890.4883754583682
569	1	4.315356614275355	8.6145115	-1933.704	-160.73388758154638
569	2	4.849969482840938	8.984283	111.3791	943.8575268855863
569	3	8.3285795095567	11.52757	-2831.5646	-514.0568846864691
569	4	5.281159437029939	9.648737	-400.8843	1038.1646067087001
569	5	6.626170323659917	9.945972	-1411.0375	442.97799253190414
569	6	7.336528019720206	10.192898	348.3209	1839.9816933892603
569	7	6.829318539218294	10.293845	2443.9724	7938.222124712295
569	8	7.067398346397586	9.846872	1214.039	4178.993810248902
570	1	8.88774106023714	12.11436	-2463.522	449.9614189293052
570	2	7.3667903176553775	10.398316	650.3181	2182.103688916013
570	3	7.503115902218919	10.670652	-1240.2051	1204.4807209193673
570	4	6.873132888228894	9.992616	-89.1561	1302.229348282523
570	5	5.943426313752419	9.508757	221.5988	961.6277172242969
570	6	7.947759137445253	10.920197	-1324.3274	2274.744797508793
570	7	9.236394759497749	12.5030155	-2441.5207	277.078649982004
570	8	6.932179459480074	10.2841	-914.9363	1018.879339175791
571	1	9.927590515435368	13.025051	-1856.6223	688.161399177639
571	2	8.856379959699167	12.145144	-17.7822	4252.741906204979
571	3	10.255893055980755	13.365179	-1451.5707	743.373098552909
571	4	9.654309667032415	12.855959	-3020.5928	-1092.987380973297
571	5	8.261745058141782	11.453764	230.6184	1768.4598075289505
571	6	9.300192463464144	12.585387	-1961.1749	3832.155290712487
571	7	9.30134036484544	12.48292	-1655.3128	8619.446813908524
571	8	9.3095860205716	12.649641	-2626.7116	-1048.391820890823
572	1	9.510902008507284	12.7879305	-1960.8071	8466.675925669877
572	2	9.379479813317502	12.494219	-147.3122	5640.43553136942
572	3	8.967632812215525	12.283342	-2693.223	370.1507942997389
572	4	9.746673642341728	12.933452	-2257.099	6025.082991003346
572	5	9.655130273602742	12.860903	-1433.5952	34030.5997609882
572	6	10.067174349167596	13.177258	-2667.1619	681.1058018949578
572	7	8.882317263175176	12.151038	-813.957	2104.210117544078
572	8	9.049049189421027	12.250058	-1914.7662	1321.7406270640051
573	1	8.988065420313445	12.379907	-1792.4932	657.6536065363558
573	2	9.73241198908454	12.974092	-3621.5235	-2589.5370227311428
573	3	10.31067048933753	13.37968	-1654.8884	3183.3224034333316
573	4	9.953898121825498	13.205084	-2717.8202	-413.3801536332277
573	5	9.096649587572	12.5294485	-1564.235	940.9167350053896
573	6	9.305565573391023	12.450581	-1324.4397	1292.3678190541489
573	7	8.664324727032875	12.010069	-2589.25	41.745053166748306
573	8	9.482116521040632	12.670107	-1935.1507	912.4478559184621
574	1	8.842716087175809	12.086847	281.401	1913.986051863569
574	2	8.81864902881148	12.372813	-3053.0899	-227.5773902501069
574	3	8.966398168593656	12.33819	-3224.8418	-381.6176499050984
574	4	9.96642054290846	13.166494	-2089.3895	11241.02668113579
574	5	9.202763074115532	12.467913	-2931.7638	-199.64277421270722
574	6	9.026567843620304	12.451418	-2700.1908	14.749324167255462
574	7	9.164587606364373	12.415452	-1356.6175	1178.5269159451304
574	8	8.111892606193562	11.640258	-2169.4343	227.35466684788543
575	1	9.711181257450969	12.929833	-2079.9037	24.68345737305679
575	2	9.273074039081164	12.544254	-3489.7121	-1568.4565774748721
575	3	9.45402862433254	12.760816	-2615.3414	-850.5726960605991
575	4	9.430042552588636	12.633947	-1655.7509	550.4664285131668
575	5	10.153515661992971	13.294893	-3399.1319	-6001.297908740931
575	6	10.10039095447823	13.340717	-1994.1604	401.9388024119633
575	7	10.08381958075302	13.25679	-2433.7858	-1950.7091189176879
575	8	10.323055015365608	13.431691	-1341.7541	1695.6955095222365
576	1	9.669958795086197	12.969325	-2442.7712	1755.8090612357344
576	2	9.377178061124987	12.613184	-152.8755	3107.8929755685085
576	3	10.200533579143185	13.387229	-1803.5401	13944.662790151684
576	4	10.046628304987628	13.138289	-1447.3712	10856.093108201909
576	5	10.088870244347293	13.265871	-2508.373	15695.126047940605
576	6	9.711268226275559	12.891582	-2105.8187	2143.594403924408
576	7	9.025005626982809	12.310959	-2652.6869	505.42323232920126
576	8	9.542207368814655	12.684468	-2936.8167	563.6532470025915
577	1	8.955844496314098	12.278775	-2060.4099	-154.18861876654347
577	2	9.10798118597548	12.404345	-2005.968	-137.69317301203313
577	3	10.053798262401678	13.158869	-3080.0628	-4711.286471657779
577	4	9.507364050329807	12.621274	-2790.461	-974.8384780702015
577	5	9.598626462163391	12.857928	-2000.4493	-253.85061591950387
577	6	10.418917351634045	13.575411	-1527.3355	977.7806419376351
577	7	9.279110721662464	12.579889	-2787.0637	-815.4268031369892
577	8	10.0451140890731	13.300488	-1863.7777	-311.0341122940489
578	1	9.073595936176298	12.521085	-3229.4637	-1006.2088585848958
578	2	9.817842094067482	12.98409	-2039.2085	-603.5498151032579
578	3	9.688924709369521	12.919814	-2987.748	-1522.834047268966
578	4	10.560856708620273	13.659414	-2595.7875	-5534.989576903765
578	5	10.887895951783868	13.9295025	-996.3756	928.5283137430034
578	6	10.054475958895479	13.164209	-2185.7078	-1130.3284984148154
578	7	9.964519192126271	13.110212	-2739.3461	-1895.2237752373799
578	8	9.335790436535644	12.642023	-2641.4234	-786.5774737109308
579	1	8.900906834190867	12.343735	-3362.8985	-348.59499098140355
579	2	9.091351194505565	12.386336	-2712.2518	-59.31616886523785
579	3	9.38163061551983	12.684237	-2005.4663	378.68727899907054
579	4	10.013946876996375	13.189594	-2755.454	-213.91556839096734
579	5	9.292232882104717	12.552042	-2042.287	325.4804084752312
579	6	10.154993523275742	13.302516	-1721.5659	1557.178691900756
579	7	9.206336083747784	12.381734	-2275.5172	167.63741595797694
579	8	8.874626536453002	12.148667	-1974.603	269.4836925878471
580	1	9.009444495621045	12.308422	-1332.7969	254.46362066616572
580	2	10.509450035230275	13.591216	-2680.1152	-2121.061188045252
580	3	9.088281284934936	12.561685	-957.1095	536.2932404550901
580	4	9.985576625824423	13.206724	-2680.4899	-5102.732475270205
580	5	9.879158505886227	13.094816	-2820.3536	-3293.194923837528
580	6	10.135498157839772	13.23148	-1784.6926	-671.3889378674879
580	7	9.533327549209286	12.729669	-2118.2228	-485.6049612719531
580	8	9.420062706246203	12.622475	-2596.2562	-844.524180992047
581	1	9.98920239406996	13.213403	-3364.3232	-1070.1176970777776
581	2	9.549638222722363	12.81463	-1025.9772	1337.4292539459552
581	3	9.332853609289717	12.605133	-1535.5047	746.7626899105695
581	4	9.398729003046986	12.714055	-1678.1179	712.3155300052516
581	5	9.945745559478079	13.086125	-2891.7223	-269.7758232759232
581	6	9.416209790921947	12.739887	-1627.0316	785.4940604439089
581	7	10.12513369825333	13.2974825	-2820.5447	-289.1812934866653
581	8	9.864460782887095	13.078279	-3119.4354	-535.1210276042146
582	1	9.355756172692065	12.648332	-2112.8934	1529.206089620212
582	2	9.412991407166805	12.666525	-3127.2276	301.09133428886395
582	3	10.724641776124283	13.76736	-1004.5905	2630.772462619089
582	4	9.280033751636907	12.571079	-2811.8516	602.5196962561001
582	5	10.227338837207052	13.3720045	-2999.5532	1247.1139480336099
582	6	10.581945865857975	13.662672	-1775.6951	2099.278408575067
582	7	9.808777609945912	12.958273	-2731.9509	1929.9946147116761
582	8	10.053659085277598	13.201518	-2604.3699	9202.554738977105
583	1	10.100870076836307	13.256045	-1998.0362	5955.146377869595
583	2	9.056110366501661	12.321054	-2149.9564	535.0674597450591
583	3	10.364478296185837	13.466246	-2208.05	4957.669304228248
583	4	10.222640426093323	13.326765	-1801.4041	13797.098251098894
583	5	9.972372431179172	13.136844	-2845.2778	463.500202196413
583	6	9.924649957919991	13.09343	-2864.3556	322.26133855172924
583	7	9.402416260844289	12.709176	-1815.107	1151.084439547119
583	8	9.306056923604588	12.57124	-1483.1769	1220.7355133382066
584	1	9.086420499916802	12.447175	-3902.0692	-1022.0513828371263
584	2	10.475567423394835	13.603089	-2203.0021	24.85355706429429
584	3	10.324000652976567	13.471545	-1938.9279	6087.271015482369
584	4	8.447456673082963	11.890665	189.4252	983.5810922629732
584	5	8.503955669468068	12.085296	-1358.1839	363.33143534872795
584	6	9.957309441195394	13.141146	-2105.0899	200.60093832648744
584	7	9.8051885091067	13.065544	-3167.0886	-1444.5401926970842
584	8	9.190228839439131	12.460274	-3224.5309	-661.4246562260264
585	1	9.587383117976934	12.768643	-607.7282	1301.0591787755595
585	2	9.779479997417974	13.088254	-2701.1862	-556.1970098533648
585	3	10.128866490910491	13.241024	-2543.6882	-628.9674834474056
585	4	9.310173404102647	12.596234	-3032.7923	-538.4218377256352
585	5	9.026097334356516	12.3611145	-2310.0855	-56.157077718341895
585	6	8.960163045686285	12.399408	-3187.0108	-509.70274911323867
585	7	10.329756649534936	13.405022	-1898.4126	1054.0111814415652
585	8	9.820505554019723	12.965612	-2062.679	148.13975478040484
586	1	10.136003737254548	13.284707	-1893.2734	23057.25215424108
586	2	9.552609620513133	12.788693	-1538.9472	1386.8166414241593
586	3	8.792888436532989	12.234473	-2257.7759	170.52422097795272
586	4	9.959370527143571	13.063432	-2448.7109	386.58569483894166
586	5	9.555967849387171	12.753651	-1556.2881	1325.310808714657
586	6	8.966680267750455	12.260988	-1783.4206	512.551238943176
586	7	9.284665966321803	12.596346	-2951.6849	-389.4954415664734
586	8	9.6711360218418	12.885204	-3236.7141	-1227.2951047664098
587	1	10.09627357386787	13.280706	-1712.5461	5489.276776551819
587	2	9.284070632905708	12.578603	-2170.3805	-259.61585290969043
587	3	9.899478474939409	12.991965	-1158.0942	2019.57606793978
587	4	9.261648112302446	12.617069	-3740.6033	-1740.0639650329792
587	5	10.380270356472513	13.501832	-1708.0197	521.9159998325755
587	6	10.245138168004539	13.396204	-2120.3695	-1376.9154154714654
587	7	10.4287834775709	13.565964	-1934.1056	-94.31383810433967
587	8	9.430135388817568	12.686739	-1827.7802	71.30955446255733
588	1	9.379485400461046	12.689345	-2069.7076	45.37193669460344
588	2	9.032535917737231	12.20225	426.0964	1517.627492966293
588	3	8.976204753517854	12.327276	-529.3477	934.1788257965691
588	4	10.416095557409735	13.4445305	-1189.7595	5639.993278718969
588	5	9.504450802040413	12.79401	-2266.2821	-160.70194913096984
588	6	9.969153198294537	13.159165	-1400.7402	1867.4668770145472
588	7	9.152863020347937	12.458525	-2690.6941	-397.3864074989692
588	8	10.268480177075727	13.396308	-2188.786	-1916.0602753607006
589	1	8.866515866353305	12.126264	-809.512	194.5229072637589
589	2	10.511021900186611	13.636402	-2647.2508	-5183.986052346113
589	3	6.14030117371206	9.465157	-362.4786	139.46069646865615
589	4	10.769038979148364	13.796178	-2079.6237	-1678.2423481192436
589	5	8.520816220290468	11.856924	-95.5684	441.2287411471386
589	6	10.56975513589878	13.619038	-2933.2034	-6907.659124105707
589	7	9.31445966049937	12.525518	-1968.5267	-564.2658847540295
589	8	9.03321978703555	12.37285	-3454.957	-1307.611672508618
590	1	9.501626638166698	12.744377	-1914.4868	750.7656911491174
590	2	10.2270548774621	13.311813	-1770.6205	2679.3709874425244
590	3	10.177179368688284	13.352645	-2020.634	2065.2895974878634
590	4	9.181339679766712	12.506591	-3258.4887	-187.94162649365248
590	5	10.136328246405448	13.258882	-2060.758	1573.4941316690883
590	6	9.135167630911367	12.443687	-2822.8814	61.41796751472979
590	7	9.226124141936946	12.52648	-2551.9013	220.12890323976137
590	8	9.367125271461159	12.603212	-3627.6653	-460.3284468607211
591	1	8.353085008467847	11.639958	-685.0991	563.6143518571954
591	2	9.168701860514027	12.49929	-2569.699	-429.2877761074441
591	3	9.195364839121487	12.532006	-173.7196	1603.381523571736
591	4	8.811130441964721	12.147839	-2557.3769	-293.727782543406
591	5	9.051669030363529	12.477979	-2787.2562	-553.2357952049916
591	6	9.08929668071449	12.365252	-449.7114	1185.7055038609346
591	7	8.283791612892786	11.850753	-78.6626	832.7089347783281
591	8	9.465909754094934	12.687183	-1104.6104	1140.120875779677
592	1	9.63527337442078	12.793638	-1552.2385	-2291.023701628736
592	2	9.053817584849535	12.289899	-1768.0336	-1053.983224810119
592	3	8.315366328600975	11.766141	1244.2386	1555.0126661521927
592	4	8.027336888995244	11.526383	-543.57	287.71939488445304
592	5	8.787602508773876	11.997404	-927.6077	168.71093944495078
592	6	9.052639117897607	12.33992	-1823.73	-1255.7373674349979
592	7	8.866172749433181	12.182123	-2359.5789	-1314.4343985198043
592	8	9.9371986549749	13.156134	-3434.231	-3515.663556503919
593	1	8.994450143029905	12.351251	-2287.2967	925.2638059246084
593	2	9.298390120914977	12.603076	-1975.2747	1690.6826712912364
593	3	10.20181133361741	13.307447	-1987.2691	5239.280877418721
593	4	9.249610966407745	12.575389	-2746.5915	765.3618523536019
593	5	9.150868086291553	12.4225445	-2037.2818	1314.116953786333
593	6	10.350014817590933	13.504531	-1308.3459	3997.60654141557
593	7	9.906340234784963	13.165072	-2374.5992	30421.820720023698
593	8	9.159689783229547	12.3518715	-1777.1594	1458.9572933576333
594	1	9.68220103329692	12.961527	-3112.4865	-2124.590140081306
594	2	9.898164702349346	13.114119	-2792.0396	-2589.8481205914145
594	3	10.503629788680545	13.63014	-3215.4273	-9603.077031841567
594	4	9.815166995122604	13.036642	-3084.6416	-2538.3891007570323
594	5	9.940147246353359	13.115771	-1658.6291	-652.3154862458807
594	6	10.253798894586113	13.361466	-1381.3446	-339.74642544628216
594	7	9.1348398833408	12.460186	-154.7519	690.8050837461399
594	8	10.732095913317705	13.823619	-3999.7717	-5819.581434488351
595	1	10.53999640895873	13.572897	-2454.8423	9346.074342433756
595	2	9.994709419091947	13.16598	-3445.5946	-326.10114108666863
595	3	10.15580832718937	13.235363	-2519.0071	1297.7943087073534
595	4	9.492151232668979	12.811814	-2683.1865	418.6998151479584
595	5	9.462129565039582	12.764031	-2657.9688	421.7643453770927
595	6	9.736685820051642	12.991215	-3585.1248	-377.32847755442873
595	7	8.17532919648826	11.914794	232.815	1142.671830692549
595	8	9.341509662850365	12.660567	-2563.3644	433.75014099023025
596	1	9.62412539733962	12.882828	-2083.6094	329.9069361633178
596	2	9.5083858869927	12.792215	-2732.0791	-221.73578643098023
596	3	10.281579771324802	13.414168	-1446.0166	3556.602696998749
596	4	9.105538937868626	12.3874855	-2686.3666	-125.4900486446892
596	5	9.089474555918995	12.321648	-1258.8898	629.9465588056759
596	6	9.886756749383592	13.133023	-3540.0188	-1412.9878747017844
596	7	9.312517570102736	12.525728	-2786.3608	-208.62748757728366
596	8	9.492733538865956	12.754112	-1274.6844	903.3615333736674
597	1	9.363477053616567	12.72399	-2561.3391	-959.9305760231671
597	2	9.407406807896638	12.7143755	-2235.9431	-720.7613802414545
597	3	10.27349531792522	13.406424	-2038.6306	-60505.47641219817
597	4	10.279842441395495	13.366294	-2355.9501	-12767.428868593672
597	5	9.151888919544474	12.439054	-792.0396	424.82134205226924
597	6	10.354737823447698	13.477517	-2579.4909	-17178.487430167104
597	7	9.773113727747816	12.939863	-1540.4514	-129.6063618546977
597	8	9.801161237916437	12.970209	-2259.7474	-1195.9136349776306
598	1	9.634782618972888	12.843053	-2273.6656	328.6538282991471
598	2	9.510054271946332	12.715585	-1271.7998	1150.783667300708
598	3	10.145312774419908	13.280339	-2270.3313	1088.666675226035
598	4	9.288575245154352	12.5881815	-1859.7798	537.0124502723438
598	5	9.243543762272902	12.548889	-2335.5542	171.9217857848569
598	6	10.356123508366851	13.5391655	-2321.4298	2996.901924781717
598	7	9.729068708118339	13.012671	-2876.9941	-404.67988956639095
598	8	9.593779105355248	12.855553	-2603.3557	-25.35452176224487
599	1	9.110220893202783	12.512124	-2263.5802	35.715129331075126
599	2	9.156599022711882	12.460812	-2918.3289	-375.8833393327178
599	3	9.994797454404033	13.171144	-2457.7709	-258.3428651967525
599	4	9.334784061635862	12.623114	-3425.2365	-798.5787403127563
599	5	10.226370020308496	13.430438	-3027.5651	-3598.934738459286
599	6	9.863567638818392	13.055299	-2051.6024	385.32731950960186
599	7	8.509761694765828	11.833573	-469.8769	719.7031343680735
599	8	9.631448417221572	12.875787	-2374.8402	-56.40629883752504
600	1	4.794755606588137	7.346692	-723.7697	-438.13323917751535
600	2	4.387092772823222	7.7668223	-2009.4438	-1132.57541427069
600	3	4.53335679835835	7.029175	280.1197	638.4266299124317
600	4	4.647030518249145	7.3145685	-738.6223	-453.0781843840255
600	5	4.592301294661835	7.0203934	-387.794	-146.22115075613678
600	6	4.583356731587661	7.395889	-626.6833	-311.8773808985434
600	7	4.526628249136471	7.613717	516.7254	573.2064846492927
600	8	4.471093899703574	7.1136174	-38.5879	242.63510988502554
601	1	5.867625253668069	8.272782	379.7027	1653.3485748848339
601	2	4.111554937613484	7.4428587	550.2253	8829.207750336638
601	3	4.096229008875813	7.1123195	-854.7408	2003.3591131899063
601	4	4.314268585143094	8.239785	552.789	4174.201936994361
601	5	5.34585261538597	7.860076	1517.9473	3853.576713667879
601	6	4.676932824976329	7.074308	-1264.4394	1011.2075193855798
601	7	4.172341152237847	8.081429	1598.6082	10942.327719087913
601	8	5.776517859718728	8.197618	-428.2454	1122.5754464400823
602	1	4.972106213825368	7.600661	-267.2583	160.08305674524726
602	2	5.963908505969868	8.103012	-1109.4364	-2984.4112430739783
602	3	5.475274983165547	7.641465	-824.6746	-558.090302049248
602	4	4.365458971516658	7.062697	-17.1535	232.4327764249878
602	5	5.203749458993451	7.4001	-2149.8716	-1791.1587908286956
602	6	4.493664781257445	6.9631815	-632.3533	-121.64903446695934
602	7	4.906979407783872	7.6006417	-695.24	-265.583656793428
602	8	4.8655285923649085	7.178222	-2086.7439	-1262.2282563244041
603	1	5.504032173771157	8.399939	1431.4028	4440.704469535351
603	2	6.143046358486927	8.166995	-610.3229	4499.204612679878
603	3	4.954273929119784	7.503312	-1130.0369	-17.85217446811082
603	4	6.225700455596081	9.064353	902.3884	1764.4220293829526
603	5	4.942644904344215	7.429478	-1618.1999	-435.97459264709477
603	6	5.070129286278663	7.403279	-1376.5444	-239.57217129546754
603	7	5.53423700259747	7.806198	-121.8513	1766.555686241066
603	8	5.1342025972433785	7.4312325	-1415.2395	-293.00507924129323
604	1	7.049977068735533	9.989532	-811.341	-1407.1250349278355
604	2	6.757221499572867	10.146802	-184.42	-867.58027900255
604	3	6.602242370700468	9.956318	802.919	-97.67213865941827
604	4	7.600222799427864	10.452366	-871.3918	-917.7883505259202
604	5	7.617359570042344	10.991507	-36.4532	-389.48631415777527
604	6	5.748459959691058	8.640765	344.7904	-1018.4755704344176
604	7	7.113271291851105	10.24402	342.6283	-377.8877475854733
604	8	7.637336173157861	10.338375	-645.4181	-831.9291657142278
605	1	5.255807216681636	9.076271	-98.3236	374.7423724304514
605	2	3.853934796620277	7.9174886	290.7697	288.53319458904707
605	3	6.5377290177204745	9.658733	-228.3611	1030.561104330451
605	4	6.749076034067125	9.486346	398.3205	2521.5331987056816
605	5	6.328971831825985	9.825488	-2083.11	-2065.1541074949478
605	6	5.153300781593104	8.831378	94.2232	415.47395119755095
605	7	6.576935365422033	9.6051235	98.3117	1794.0451089957246
605	8	6.709294870724853	9.360609	-1121.8385	-518.5161680093771
606	1	6.213918626712692	10.256689	-485.7845	4760.692307204027
606	2	7.552698620586331	11.144409	-1243.805	471.21079641656934
606	3	6.24875237808282	9.412407	50.1289	4007.0087822174496
606	4	6.3195290088600675	9.182007	1572.8766	4715.248987548573
606	5	7.3652570859758555	10.497041	1030.4407	2662.824597557409
606	6	5.893255866186759	9.852588	655.0994	6349.087231668117
606	7	4.41762603990792	8.950477	578.1391	1309.8851759765344
606	8	4.89731571151581	9.031943	1181.7787	1998.9679087564239
607	1	8.510753694902768	11.835363	-1011.4592	197.0489523323292
607	2	8.105647960529526	11.401365	630.6054	3330.5487360866405
607	3	5.985919800948738	9.906426	-12.5902	653.3996888546072
607	4	7.642136700372382	10.866028	-1208.5039	131.40292772060553
607	5	8.306159743333945	11.617705	-488.1632	939.6664559218318
607	6	9.761751696503723	12.951327	-2605.1757	-475.6931541796548
607	7	8.576699189369544	11.989239	-2147.4272	-676.7175129297534
607	8	8.77078432961065	12.18016	-2028.3804	-490.82694408026526
608	1	8.352420467453305	11.767852	-834.5272	4710.996353985263
608	2	8.683688562302116	11.96111	-823.9775	10737.134330381716
608	3	9.418972621351456	12.724416	-3384.4818	-1070.9623852375412
608	4	9.310977355242187	12.52106	-1827.1656	354.28723462772894
608	5	8.802909872973151	12.030843	-714.2478	6655.76354865744
608	6	8.585042569548628	11.907329	-2047.2336	1288.9454170713293
608	7	8.300054152021978	11.598725	2168.3407	8136.758738683712
608	8	8.43313612149833	11.808974	-407.6981	5693.63257479318
609	1	8.194318685115295	11.460301	69.9182	1860.7248268826074
609	2	7.032846235795146	10.733667	-1408.3648	604.5516605832523
609	3	9.272459015530774	12.602501	-1520.8967	9043.934189966476
609	4	8.552519257817536	11.743381	331.8495	2789.3396169855528
609	5	8.510885158761958	11.658217	-1741.8502	1135.3505156015246
609	6	8.994233174418092	12.298997	-1416.3165	3111.5835238319846
609	7	9.834547117486682	13.09923	-2358.099	1833.4738129085295
609	8	9.203015596839753	12.45238	-2559.8773	2163.833879774445
610	1	9.964350576404678	13.138411	-2339.2876	147.55310008372481
610	2	9.182075583682657	12.373754	-1806.9156	538.9611349507895
610	3	7.804885634029705	11.303848	-3222.5381	-304.67313804604163
610	4	8.805532820731782	12.131761	-1536.5739	576.5689077782619
610	5	9.897258887440538	13.128977	-2450.9431	-2420.031724536423
610	6	9.415857620379922	12.730519	-1694.7447	1148.0538212444583
610	7	9.069477093569553	12.42318	-2276.6365	81.013538830005
610	8	9.232533014313582	12.45442	-1629.5898	776.4425146200188
611	1	9.567957910439677	12.889076	-2127.4447	470.85490127996127
611	2	9.429308111256658	12.721686	-466.2091	2581.9241373698374
611	3	9.305851866883772	12.551556	-1053.3071	1418.4498370114043
611	4	9.121735845842638	12.474169	-2782.1316	-414.90233773623794
611	5	8.041866291218176	11.315662	-310.1759	755.1394003687102
611	6	10.283159943715003	13.403174	-2004.8754	805.1451054900465
611	7	9.082475566483097	12.366218	-1743.5818	488.82150480971836
611	8	9.932978831707185	13.1334095	-2963.2052	-19783.494624341125
612	1	9.824100740702521	12.996378	-2611.6908	-953.7811122721915
612	2	9.855091186678306	13.074118	-2808.2893	-1518.9361385074321
612	3	10.143768672119682	13.329516	-1778.053	1254.6659360427082
612	4	10.315514334794221	13.443659	-2466.7871	-23494.56234813325
612	5	9.673548181514061	12.896674	-3307.8295	-1665.2043201102517
612	6	9.755791858357235	12.9746895	-2115.5038	-158.31667576817878
612	7	10.098099717911538	13.211273	-1349.8483	1984.9086427761076
612	8	9.402765175808684	12.613086	-2156.5199	-125.32841621219926
613	1	9.177497631196433	12.580523	-1501.2467	674.4952859604072
613	2	8.613417803558853	11.717146	-1260.7714	501.0585906803664
613	3	10.058591985829628	13.1822405	-1314.0947	3088.7037382797216
613	4	9.303972964488613	12.549034	-3050.0827	-450.3759706008841
613	5	9.323090170447587	12.676957	-2008.4142	370.8130981486476
613	6	9.297367941325097	12.643724	-3328.8964	-686.1947374945162
613	7	9.682004587411049	12.922325	-2505.1174	-49.398776923944986
613	8	8.77524276766555	12.093702	-1190.7389	610.4038617849952
614	1	9.819016432867695	13.087471	-1633.6643	-1548.566070897502
614	2	8.566560957075602	11.910451	-1329.3587	-7.585223235856111
614	3	9.75239358171175	12.9781275	-3238.1538	-6316.680101807594
614	4	9.061476849320027	12.424208	-2292.6562	-762.3727541385344
614	5	9.180602586316153	12.473103	-1542.5497	-203.33354922188556
614	6	8.75528729490235	12.060486	-1013.7074	176.4513011205506
614	7	9.395376795999109	12.684506	-2383.549	-1375.5923654486596
614	8	10.513433848646855	13.626674	-3722.2759	-3633.3346157376386
615	1	9.978730700041679	13.136116	-2218.5314	2050.874428162934
615	2	10.184372953335034	13.355262	-3415.6985	713.2222406264754
615	3	9.924851263864985	13.153883	-2547.3823	1521.078745578021
615	4	9.311871400224982	12.659769	-2601.1741	734.4463808355241
615	5	9.713132196257847	12.850659	-2406.9106	1174.7438079310546
615	6	9.654227098491717	12.922696	-3670.4657	46.85260502661001
615	7	10.337962505772	13.467456	-2862.9708	3401.9574830943916
615	8	10.231126415641663	13.335197	-1220.5418	5847.423837728755
616	1	10.385618496293327	13.515213	-2411.7508	8377.428583028448
616	2	9.778562587005835	13.020237	-4324.6494	-2114.604257370452
616	3	10.475249965742124	13.626069	-3094.8546	-1032.2338812652822
616	4	9.837887520868597	13.103214	-3467.7196	-989.9414126187405
616	5	9.185607071462607	12.431942	-2488.4196	244.73115436095244
616	6	9.923474205047919	13.15386	-2686.3683	373.2200283771265
616	7	9.071973327868477	12.280898	-1476.9473	792.290723227839
616	8	10.163842430478237	13.290492	-1621.237	4575.653764475197
617	1	9.34385235110053	12.65663	-2205.137	613.3739814228616
617	2	9.448958872251573	12.740657	-2165.095	695.2939473427715
617	3	10.262465177391888	13.386372	-2882.0087	660.4012855211917
617	4	10.107058471239638	13.287331	-2338.4138	1503.5438189303761
617	5	10.239523961577117	13.3664465	-1087.6753	5592.198618469976
617	6	9.75685871502374	12.939509	-2125.3489	945.0575570335162
617	7	9.186668212129144	12.424018	-910.9028	1223.16308871108
617	8	10.24825259489283	13.3948145	-2027.188	3166.938890422781
618	1	11.029851945091297	14.079288	-883.8587	1968.6255814872977
618	2	9.59192661129324	12.859716	-3226.5407	-409.3389462056671
618	3	9.098711423843866	12.49683	-1507.3251	942.0399940151959
618	4	10.716991395224369	13.783684	-3845.8016	-1590.3018591323892
618	5	9.851541021534342	13.111496	-2832.6106	107.35360832741364
618	6	9.516903700068848	12.65718	-2664.2171	206.26518262895587
618	7	8.860936326143266	12.246765	-461.7199	1331.3772795988834
618	8	10.058992671501212	13.223561	-1557.0685	4599.084183432471
619	1	9.697010612708418	12.890327	-2125.3421	1270.1777539849581
619	2	10.378183398627629	13.502005	-2143.583	3877.2322014083925
619	3	9.591857570337655	12.762229	-1728.5228	1426.9147848618572
619	4	9.408943851345265	12.647996	-1316.608	1453.7073168304719
619	5	9.563779620146368	12.896218	-3132.3894	497.09395038041936
619	6	9.240630884395701	12.522164	-2733.2123	579.1450232541515
619	7	9.812052958525369	13.012627	-2540.6055	1109.3533175946513
619	8	9.428547046265432	12.707676	-2955.4634	529.8450560937683
620	1	10.208488032464361	13.33697	-1068.7323	4467.573331180488
620	2	9.649352469430218	12.829801	-2540.0205	-382.6990689159362
620	3	9.542084094109136	12.740866	-2227.4215	-73.56239723500137
620	4	9.208733883383863	12.405932	-523.7301	993.6129534936341
620	5	9.726541680692725	12.990097	-3369.2003	-1515.4987977940373
620	6	9.496410659184479	12.665188	-779.0762	1132.9593990023538
620	7	9.430007765402674	12.675874	-1627.3436	417.7199602147044
620	8	9.647946130907403	12.977559	-3331.2574	-1371.3898651707534
621	1	9.802245430162385	13.030981	-2422.1164	-2713.8633721360634
621	2	9.892078435820881	13.150347	-2712.4353	-4982.535824039017
621	3	9.140732416472481	12.480958	-1734.6137	-494.9260361994444
621	4	9.73798494123757	12.9309845	-1895.1659	-1341.8245733216115
621	5	10.197339190850117	13.3328285	-2405.6055	-68990.77593549079
621	6	10.273737057790616	13.401771	-2955.5932	-20871.014325394935
621	7	9.463410881997564	12.6943035	539.7634	1565.586819107183
621	8	8.345067502898772	11.543043	-283.3309	293.6202493670487
622	1	9.104452284600507	12.519692	-2603.0984	-143.9226961491145
622	2	10.333429249037929	13.454187	-1843.8302	3190.069930102833
622	3	9.376562115952815	12.699365	-2471.8871	-65.40121070066408
622	4	9.371032417964791	12.569659	-1438.7657	853.9459172091781
622	5	9.462792902400523	12.715772	-1607.9967	809.1592176859698
622	6	8.913146252634988	12.2638445	-882.3994	861.9176341539311
622	7	9.444755604013713	12.756859	-2925.2889	-559.8574456913354
622	8	9.409219475156634	12.730603	-3798.9508	-1394.8238087691223
623	1	9.758299275752284	12.979121	-4316.7782	-3489.1964290862197
623	2	9.532034905935774	12.807592	-2138.4475	-305.82504875284604
623	3	9.912995880002596	13.16818	-2810.2899	-2032.728653528582
623	4	10.32916262059697	13.466406	-1643.6148	16013.645345103703
623	5	8.118998245819272	11.480312	-752.3719	360.73277709163983
623	6	10.050940092700337	13.198081	-2123.3197	-682.3948191874729
623	7	9.599790818928899	12.809745	-2085.2181	-241.18729148323376
623	8	9.661212165434492	12.975246	-3249.3533	-1750.893782841094
624	1	9.941876922909808	13.247876	-2088.3166	-981.3223714469004
624	2	9.441372293199684	12.673024	-3739.1213	-1706.986154547411
624	3	9.568176944086062	12.87772	-1933.9427	-311.442247801094
624	4	9.380338516396032	12.714307	-1438.0336	162.75565278195057
624	5	9.265594612876765	12.501927	-2834.8833	-831.3420010943236
624	6	9.387554104314649	12.616941	-2002.028	-278.3522372647576
624	7	9.42451460973083	12.633527	-2005.4101	-290.99715219067826
624	8	8.406705668754725	11.71008	-1679.0474	-13.255609210422586
625	1	6.547670808758042	9.892289	637.9791	564.8640428307984
625	2	9.557957940451297	12.764023	-2029.6842	93.86151414527166
625	3	8.903123811534236	12.172824	-1398.8234	457.14470672676936
625	4	9.586840142237294	12.78502	-2105.5153	-28.840758934198487
625	5	8.349804016167234	11.578619	-1497.9483	258.8045962866661
625	6	9.383745824926352	12.68836	-2886.7909	-1056.2476492196993
625	7	8.90616077367132	12.178191	-2681.1858	-396.62369843901496
625	8	8.685282550780833	11.993309	-546.824	859.4744945865282
626	1	9.040962061356549	12.278919	-1923.3599	1817.1767726571184
626	2	8.668404406044717	11.941007	-1974.9739	806.4765629558505
626	3	10.025405139999462	13.221948	-2663.3854	270.9304039700059
626	4	8.887878767368923	12.13228	-756.7732	2647.799812288523
626	5	9.069183187132968	12.425275	-1907.8346	2224.4491162240633
626	6	8.802639021440019	12.113876	-1527.6175	1620.8364687942917
626	7	7.4331934569999065	11.095381	936.9219	1460.7104652330245
626	8	9.993647817303055	13.214232	-2630.1442	325.8810345881585
627	1	9.61904211190278	12.929028	-2089.301	1156.388364038588
627	2	10.473819626184207	13.545049	-1743.4847	1762.17958554757
627	3	9.352274765081521	12.613896	-2261.6083	436.08274476889454
627	4	10.317303825767924	13.416312	-1082.3242	4891.776457391929
627	5	9.596042774071321	12.880837	-2275.8901	717.183732805297
627	6	9.597612476394946	12.779734	-3539.7056	-1398.4831210166503
627	7	9.08406682178056	12.416527	-2428.3069	190.55748675275387
627	8	10.278330845350979	13.428691	-2812.0839	-495.7576325989325
628	1	10.26649910537494	13.40429	-1727.1099	39682.78215628104
628	2	8.99866989873828	12.309662	-2611.1774	118.0426565660638
628	3	9.16793508297533	12.414811	-592.4355	1504.0122381701965
628	4	9.438161789156858	12.664307	-3036.8335	-199.7992483989397
628	5	9.249543873441974	12.514279	-422.1731	1686.0731536879987
628	6	9.730068013253371	12.977652	-2859.9961	-68.74943370792228
628	7	9.259085753019978	12.537462	-2116.4054	521.6624035998531
628	8	9.367132638254013	12.660213	-2105.491	616.8844924683917
629	1	10.111062533734206	13.320776	-2524.4817	-4814.758295122875
629	2	10.539550734023386	13.609213	-2602.4328	-2740.527243401729
629	3	9.47590472455579	12.745099	-2355.2288	-601.9109230788633
629	4	10.053995111330842	13.242042	-2321.8664	-2152.2265334150948
629	5	9.471490516143964	12.661595	-1772.7066	-41.04926847586669
629	6	10.314884923473047	13.464069	-1998.2886	-3385.9979864896727
629	7	9.448415830531813	12.799584	-2448.9123	-708.4411988506117
629	8	9.485456101232103	12.723746	-2479.2475	-732.8901958155259
630	1	10.49436873224479	13.63889	-2254.9375	-1043.6479349155002
630	2	10.502188071749742	13.610715	-1802.6309	795.4760658101418
630	3	9.436793777369404	12.676238	-862.3043	926.2024104777847
630	4	9.991659789333651	13.186095	-2434.5695	-1071.8437304701076
630	5	10.476553592240867	13.555598	-1429.1197	3138.471131092309
630	6	9.304999322877977	12.531347	-790.424	859.2022885057949
630	7	10.126597046752849	13.289379	-1980.4349	73.60842983942008
630	8	9.41208582630054	12.646281	-2128.7372	-107.40372853203016
631	1	9.774286693652432	13.038823	-3238.1744	-1080.2624552144125
631	2	9.039020108315123	12.376586	-981.1435	650.1027013951033
631	3	10.071022911762084	13.1956	-2326.4259	-116.2099316682214
631	4	10.261679819189014	13.362579	-604.2751	4310.454587522429
631	5	10.430548769164742	13.578939	-2192.7939	594.4772044689212
631	6	9.567499850584454	12.825932	-2418.4101	-133.8242235566299
631	7	10.039286753822728	13.247468	-1924.7338	570.9861847045058
631	8	9.781348849602262	12.943022	-1589.0749	655.3040244364846
632	1	10.080005450501696	13.2446575	-2499.2933	-634.4158442555257
632	2	9.47490022443765	12.675106	-1959.5607	182.33892661381373
632	3	9.47368019716869	12.729789	-1763.9001	347.22800747760925
632	4	9.688213888544466	12.900233	-2231.1888	-39.94072898834174
632	5	9.297124591204268	12.570433	-1890.8207	205.43180545116823
632	6	8.265068892381317	11.715128	-1232.5841	337.73532664236205
632	7	10.20233914040746	13.329978	-1499.2603	2226.2389286185626
632	8	10.095733000598168	13.275926	-3076.2558	-2223.287601174996
633	1	8.460277527713574	12.03933	-927.8187	1015.9814006390654
633	2	10.009576563010182	13.159453	-2078.6873	4677.066974103178
633	3	10.218176942450519	13.300735	-2954.4603	1217.525897737005
633	4	9.243309544423216	12.54449	-2307.0444	657.607783503595
633	5	8.910922042539864	12.153371	-2956.5531	70.92976508661472
633	6	10.18025045716093	13.307848	-2425.953	8234.333420329047
633	7	10.265764979492824	13.42138	-3262.998	-940.739891319162
633	8	10.497662748647542	13.620417	-1878.1906	2506.257618937497
634	1	9.471225700403464	12.793119	-1466.1988	1802.927625255192
634	2	10.301470149054156	13.401035	-1080.0108	45560.74159118028
634	3	9.286121765264022	12.481999	-2191.0177	779.7446399035215
634	4	9.649175623551583	12.986193	-3425.2958	-215.40764053656292
634	5	9.928411887244305	13.127654	-2564.4809	1630.9561526823184
634	6	9.126693215052839	12.35709	-2023.9596	822.8667602939202
634	7	9.218116565439969	12.511746	-3519.1458	-182.86005598513648
634	8	8.811854060896506	12.249185	-2289.6557	517.2510782485147
635	1	10.087420754722768	13.280017	-3148.8244	-10447.780720244169
635	2	10.182017336540959	13.312868	-3971.8771	-21361.130173300335
635	3	9.864578466329593	13.030708	-1946.472	-1554.153665809058
635	4	8.294381655271788	11.888063	-1559.15	-189.5676721014094
635	5	10.490943514824414	13.577906	-2757.8262	-6491.047616476748
635	6	8.948806762293412	12.321035	-1996.5349	-544.719819843322
635	7	9.477419597772869	12.771584	-1977.1932	-905.0172270926057
635	8	9.691951197291313	12.888664	-1522.4387	-557.9991516356137
636	1	9.430838001248134	12.732454	-2322.9923	336.78650545604194
636	2	10.393007516149522	13.501735	-1397.2491	12727.412832877419
636	3	10.396362675021317	13.514138	-2443.4832	3401.2057738943067
636	4	10.305218121951283	13.405551	-1509.5208	5045.609054181374
636	5	9.260809560536812	12.564625	-2238.8824	338.9473310557791
636	6	9.588262890875837	12.93068	-2888.4442	-122.51546490775623
636	7	9.097360705037373	12.409767	-2400.2231	201.2096027967203
636	8	10.34965517136344	13.53977	-2242.9234	4259.7133867675875
637	1	9.061625788165422	12.397916	-2508.5114	-38.01510809723378
637	2	10.125454476663865	13.310291	-2233.7881	614.7830512897104
637	3	10.36239386273663	13.475717	-2143.5353	6813.303497042178
637	4	9.935361007713556	13.092889	-1953.0953	794.9293257885984
637	5	9.785507188766815	12.963176	-2453.1739	-11.765570694690535
637	6	10.410904200327666	13.525992	-3862.8924	-186185.05311338315
637	7	8.610885251244554	11.935377	-333.5493	893.4250728876066
637	8	8.920036021918369	12.247906	-2568.4621	-64.81343725099369
638	1	9.873300262774702	13.0937605	-2963.412	1362.2475799985968
638	2	9.481810611798902	12.715618	-2793.8829	892.1339158805589
638	3	9.279696376855311	12.5975065	-3649.0318	148.68603326621704
638	4	9.53648519121258	12.73404	-1224.1187	2260.6130672024847
638	5	10.37487823261996	13.489137	-1309.6158	91640.16642369828
638	6	8.958251523429647	12.311418	-2569.6217	674.0868860160995
638	7	9.3022695841886	12.599658	-2583.3328	914.9347474815595
638	8	9.920598755234646	13.14835	-2875.1694	1748.9359754056193
639	1	9.483192925923456	12.811204	-1184.8984	107.75293897661602
639	2	9.633044452083157	12.887082	-1340.9629	-33.011968945810175
639	3	9.850703584698936	13.034859	-2016.4724	-963.3174221554945
639	4	9.38348698334886	12.586305	-2283.7585	-722.9541189462624
639	5	10.321552617939558	13.353666	-3102.1489	-10388.984500445398
639	6	9.92189567786478	13.114785	-3078.996	-2912.4747316193098
639	7	8.681291334498036	12.097544	-281.4786	453.9864961759025
639	8	8.691766672621174	12.065527	-1576.5304	-120.99825793886448
640	1	9.258470481965137	12.5166	-1869.2715	906.1270304755008
640	2	9.690763205161293	12.840515	-1363.448	2163.6500488960423
640	3	9.505101434335858	12.792503	-2792.5261	328.8236106968857
640	4	9.623434013000482	12.839605	-2228.2348	1021.0710607454776
640	5	10.108203762502407	13.333701	-2218.0541	4725.801605449573
640	6	9.55362690594205	12.811998	-558.7151	2812.2726872999406
640	7	9.940804092305523	13.085988	-2855.5177	527.0024241005046
640	8	8.94661817011116	12.269357	-2103.6074	580.3447721656537
641	1	9.575710569746475	12.7264	-1870.7915	407.17605263084573
641	2	9.505885440909323	12.756274	-2516.1041	-342.27603118966687
641	3	9.349089714861197	12.624861	-2018.2119	190.96008620750428
641	4	9.82881315791899	13.077631	-2809.7609	-1566.980343650994
641	5	10.360588608421757	13.522259	-2841.1912	-2112.3291525423724
641	6	10.279743229605112	13.400313	-3021.8608	-4738.9781905231575
641	7	9.38382594819412	12.652745	-2358.6385	-140.38706673173922
641	8	9.528220008330344	12.849595	-2541.1188	-430.02248871931306
642	1	10.286740639279015	13.454246	-2647.0885	8545.672129780696
642	2	9.750519237409986	13.000634	-2778.1862	378.0009318721782
642	3	9.345539317027885	12.623563	-4087.5075	-872.8208678437044
642	4	9.787276428092454	13.020163	-2257.1173	1253.1844887984985
642	5	9.034170663036443	12.382377	-976.8976	1226.0465490028275
642	6	9.579246807307163	12.859848	-2025.9432	1082.1102840241822
642	7	9.828470714631926	13.001223	-2267.1774	1223.0232168714192
642	8	10.56339141684676	13.654875	-1993.3182	2751.3178539706732
643	1	9.571551048971855	12.729421	-2202.1437	-151.2231008757152
643	2	10.29886386244458	13.40902	-1956.1152	106.13455427658157
643	3	9.48782350848281	12.797757	-2120.9518	-94.25544424960205
643	4	10.239672458763474	13.346823	-1054.1656	2147.3721730490224
643	5	9.546064342502552	12.864968	-3053.5386	-843.5458156042888
643	6	9.612450972205176	12.889488	-2562.9258	-476.258262732737
643	7	8.88765453625078	12.197836	-1805.1412	85.5784735906446
643	8	9.825251316620445	13.071168	-3132.4217	-1237.1518065415075
644	1	9.58894043298766	12.873048	-1917.1324	42.88215281124525
644	2	8.725608597041616	12.067889	-1998.4083	-20.291882809894325
644	3	8.875818771394217	12.211531	-2372.9677	-215.28614461172063
644	4	9.236046020452218	12.552513	-2189.0864	-174.17235223122054
644	5	9.021745157067864	12.48762	-1224.8833	469.7614355669036
644	6	9.90924286877456	13.115129	-3203.5564	-2560.7827378470697
644	7	9.933045363533024	13.166737	-2381.1479	-995.7498079724288
644	8	10.019141022998332	13.183785	-1819.2728	358.19567999874545
645	1	8.696404384880315	11.979852	-814.2962	1374.2471850464092
645	2	8.860258992488543	12.295695	-1367.6736	1362.158092744183
645	3	9.372579815506535	12.683492	-2419.5453	1185.561834579197
645	4	9.341839971615736	12.583615	-965.2044	2757.258214060176
645	5	10.058374317795247	13.239835	-2138.8656	5468.377952374977
645	6	9.344068125725387	12.65469	-2821.9451	526.3904583389901
645	7	9.281650797075537	12.593747	-2105.3016	1320.9804922816918
645	8	9.35842186712935	12.613289	-2562.5827	845.4172659105009
646	1	10.251252956764288	13.396735	-1577.8149	2398.89316295314
646	2	9.370033774497017	12.7077675	-3198.4541	-1257.6576355105558
646	3	9.792370417214594	13.035323	-1977.0385	516.4638335398417
646	4	9.58982446864054	12.844525	-2397.5176	-443.45948249660364
646	5	8.971300759604883	12.307759	-1730.6386	289.31726336050406
646	6	9.83805744629544	13.016358	-2343.2998	-628.1250517421494
646	7	9.261055927918648	12.595976	-3636.6331	-1486.7299400197708
646	8	10.34300563596954	13.432495	-1572.5076	1656.716275786443
647	1	9.199501293331641	12.53041	-2318.3175	-508.78420647154354
647	2	8.505494009170002	11.845083	-141.0683	587.078870554448
647	3	10.203133823485155	13.395145	-3209.1493	-10442.277449003068
647	4	9.596498768980902	12.80333	-2496.4388	-964.8751790539344
647	5	9.78025003761766	13.047593	-2639.7904	-1621.2848458412689
647	6	9.630287644843012	12.916941	-1652.7484	-94.53382089279782
647	7	9.092268791205768	12.411722	-1858.0223	-178.97425445614604
647	8	9.76873234700185	13.037151	-2465.4643	-1282.211096114745
648	1	9.141934405155425	12.488654	-2495.3801	525.9111533569579
648	2	9.173844788762809	12.5770645	-3100.5811	82.58949145715545
648	3	9.433275110224747	12.613028	-2619.7728	526.1222838240996
648	4	10.008150821312126	13.26901	-1962.9196	5922.301523886273
648	5	9.277800300660541	12.635593	-2723.6048	412.0720885734511
648	6	9.180245747767332	12.521051	-1722.169	1133.0295779930796
648	7	9.904999918020453	13.040925	-2663.8486	1120.3880454362752
648	8	9.300222637310434	12.613567	-2709.934	431.66300839458575
649	1	9.772014955589125	13.023622	-3191.5325	-3436.5139460390997
649	2	9.79570287286853	12.979528	-2650.3773	-1795.114435102391
649	3	8.390518178679194	11.9929495	-1128.4692	389.1304238975804
649	4	6.125450846261764	9.871362	-528.0943	271.20639378052334
649	5	9.93574558925372	13.105697	-2520.7113	-2433.6227660823797
649	6	9.22380046609796	12.520065	-1587.876	335.92803350373254
649	7	9.725563772785154	12.904224	-1913.185	101.6901176587885
649	8	10.10006312103899	13.2771435	-2327.7216	-3958.7315612889374
650	1	4.661660068498344	6.9213605	-1051.0395	-1146.415398529975
650	2	5.318539181375351	8.555349	-668.6474	-166.35718112461737
650	3	4.2112007776839055	7.4895043	-951.3721	-487.6248610076699
650	4	4.445586351026698	7.1999454	-1833.5792	-1485.5384572277567
650	5	4.304241050599917	7.0292063	-2250.3196	-2012.8975193765732
650	6	4.8625223637863755	7.4905005	-848.6648	-481.8530362706402
650	7	4.594865577893698	6.9646087	-167.4443	130.51305473968935
650	8	4.5822005948117	7.0014906	-601.784	-411.7013868941613
651	1	4.605147266688276	7.7334003	-653.0456	2121.8113237726056
651	2	4.835932438340612	7.207385	-1930.2581	658.7705069976278
651	3	4.786112532851577	7.201065	-600.784	3785.062747566238
651	4	4.444865636548195	7.2309985	410.4073	9909.23383868986
651	5	4.417936881933144	7.157549	-1400.2417	3932.268202099584
651	6	3.8377816289645215	7.631928	-1381.2982	1145.1828696301793
651	7	4.45792904387196	7.0555263	-1068.5066	7982.493852257935
651	8	4.650412712165161	7.127818	-734.1436	4658.530754512429
652	1	4.554404629376523	7.541538	38.6671	4402.992055087069
652	2	4.606472155516025	7.0062666	-1227.4636	2240.179241604141
652	3	4.95766541406041	8.437427	223.2655	1685.2857703529075
652	4	3.9189966384769543	7.992315	1230.8781	2605.6903655971587
652	5	4.394088351875414	7.1514134	-1038.8353	2210.404948416534
652	6	4.806197894701187	7.2959814	-1041.3867	11588.630786210664
652	7	4.2210446429018855	7.4037237	3238.4509	8879.098069346293
652	8	4.4257323267190545	7.087121	-121.8434	4863.191881432967
653	1	5.717692688565067	9.5788355	-250.413	-326.2867569475423
653	2	4.584631396334143	8.410703	-794.7397	-2124.0444444946033
653	3	6.118930076528339	9.925668	-555.1679	-380.36770739178974
653	4	7.280111540274688	10.461779	-1572.1762	-582.2694420418325
653	5	4.358661432126786	8.920186	160.7426	-81.9061919983799
653	6	4.901731585967373	9.401455	-413.0937	-616.7062327145674
653	7	6.403376737680331	9.416522	-897.6599	-602.6835304437828
653	8	4.327864699656453	8.881011	-1009.0011	-1607.0314471485851
654	1	4.333930091995291	8.984032	-1334.4701	-1827.3137676150143
654	2	4.3489088408897025	8.936752	-2385.5226	-98177.80850802783
654	3	5.1722372438756015	9.324424	-440.9125	630.319759667169
654	4	5.635095401600797	9.2290945	1281.5159	1776.4596621168378
654	5	4.979725198140638	9.619308	-560.6482	425.4904621976221
654	6	4.22542044588437	8.807246	-737.0017	1214.5138530396036
654	7	4.3008158705939765	8.731393	-2111.7058	-4501.813227961593
654	8	4.126830622968528	8.722843	813.5679	9425.585499877174
655	1	4.234079779084394	8.9757805	-1088.8658	1160.130700920995
655	2	4.545979119073298	8.766605	-1733.5038	-1281.416516772248
655	3	3.0887505821884633	8.377451	-2006.021	-518.0371089717723
655	4	2.9484143045955475	8.33018	-1042.5775	188.61856841878114
655	5	4.653850805989346	9.21755	-479.1529	3099.909431336723
655	6	4.296452543914957	8.828937	180.9762	6649.978907489412
655	7	5.404770959607836	9.377808	-2060.868	-694.879457258166
655	8	4.504642241311614	9.229311	-2353.8416	-7059.813127469162
656	1	3.1614653860242057	8.379132	704.388	2191.9286690639997
656	2	4.5795454467537775	9.071968	-1320.8568	5912.566716013548
656	3	4.475022662819293	8.848514	-2113.0185	676.3144039463815
656	4	3.1528027201017372	8.062506	508.5788	1641.2726060458306
656	5	6.383968395883596	9.787336	1823.9613	2121.1286785143598
656	6	4.210289417353435	8.769043	-2002.7861	633.9649872984039
656	7	4.290849891933957	8.961876	-2290.4938	191.3501276365229
656	8	5.774885996553066	9.474719	-973.4105	1158.9822764721625
657	1	5.37557429822788	9.068425	-676.563	650.4124162977384
657	2	7.049075734937168	10.03275	-1014.7849	-32.1770914384713
657	3	5.427325837151106	8.529059	688.7084	1623.003037086301
657	4	6.730446017266909	9.642309	-1926.4322	-919.3668212284078
657	5	7.232465806511814	9.950129	-1518.0647	-318.6469731772528
657	6	7.345898169267651	10.598498	-724.1882	127.18381244171658
657	7	7.346217878805237	10.055995	962.8674	1112.527532801784
657	8	7.280355170462464	9.962142	316.3381	770.2132064702297
658	1	6.240780403678113	9.443721	353.7548	3739.4724765478913
658	2	6.152795166923945	9.555863	48.99	3559.213610826039
658	3	6.336804288356423	9.446553	317.319	6166.463295316088
658	4	6.244179056913037	9.680979	102.3332	4323.789814562433
658	5	6.613663297829186	10.144471	1787.2996	5720.6021194327905
658	6	5.947920230724508	8.91786	572.592	2124.962829114391
658	7	5.320975754033134	8.80594	-418.9309	923.5303148911652
658	8	5.955096789209703	9.770871	-434.7307	1872.9450537252194
659	1	6.361253491430267	9.7786875	-208.2173	620.7681543194091
659	2	4.059057645138445	8.356541	707.2599	501.2988724060811
659	3	6.238432484768381	9.233066	-293.4692	229.58738731549363
659	4	7.333427546500475	10.024094	1120.4968	1105.5958362715003
659	5	6.124622628443573	9.579725	1264.2462	4445.398420106705
659	6	6.241088347774845	9.657316	1535.8377	7665.914244188025
659	7	6.186417831005075	8.792073	-1297.9702	-710.2512037185613
659	8	5.565903713745305	9.358013	-1082.3879	-1184.8363255721567
660	1	7.264635894244124	9.880496	-74.698	-21610.62930085328
660	2	7.451938241954834	10.724126	-2685.9063	-4954.497706232578
660	3	6.038354747241058	9.830547	-745.4269	-1428.92003014559
660	4	7.374373455819896	9.955681	-51.9598	-8238.900344977765
660	5	6.435012281987213	10.648209	-2059.4395	-2994.0037614497264
660	6	6.5079838600798325	10.137405	-935.2592	-2760.0713184801984
660	7	6.88878324746144	9.8673725	-83.0012	-2727.424579744205
660	8	6.352827725587081	9.884185	-1442.6731	-2450.895172655983
661	1	7.292675156395723	10.0608015	217.8601	1756.8510950782286
661	2	5.592606326660755	9.430197	-1045.692	-552.4681764768791
661	3	6.981121671501625	9.628529	-1588.5385	-2903.4854379871963
661	4	6.960942187045972	9.555939	-526.9796	-781.7805050160677
661	5	8.23484692546345	10.968873	-1330.8627	-932.8494490241704
661	6	6.239357475271235	9.819895	426.7219	407.4336209154825
661	7	7.186038125399368	10.255145	-1295.2773	-3657.3069086162345
661	8	6.96941381206027	10.115544	-956.9784	-1739.8423562422483
662	1	5.431705042538396	9.717923	-1239.9485	30.42268456869223
662	2	6.7730877868244885	9.671321	234.6791	2396.1655877301478
662	3	6.9650416947602745	9.609142	-1756.219	-568.2550528257772
662	4	6.10387088616503	9.315332	-131.8575	810.7075361568535
662	5	5.7087156826927545	9.340503	1738.3571	2006.1007701920385
662	6	7.077107175288141	9.667111	-491.9923	1626.3620931204778
662	7	7.2997363650084885	9.991058	1159.504	8780.318130767157
662	8	6.251971623625426	9.863328	-736.3222	523.3766856510066
663	1	6.318814767862766	9.509784	-313.0041	-1461.1070719554143
663	2	7.333921382574934	10.372319	-327.1218	-3941.8794899159793
663	3	7.63543917500597	10.413478	56.7597	-2177.4489631829283
663	4	7.975186822475223	11.519131	-144.2385	-737.4382396424048
663	5	7.048674776448017	9.788076	-147.0092	-6149.8610797351475
663	6	7.740899806976543	10.998717	-1994.3366	-2506.053269970343
663	7	6.317932295380892	9.881209	76.6755	-1184.6622423599397
663	8	5.27045897979172	9.624387	-1693.5939	-1351.2174978109929
664	1	7.968904380017322	10.968311	-136.38	221.8308855350091
664	2	7.537024781193791	10.827552	-805.7708	-993.3595117604445
664	3	6.094799899608884	9.361866	-655.8681	-218.7000879324432
664	4	6.698042563206473	9.615697	-698.2272	-388.2099876089274
664	5	7.258462555592714	9.977117	-439.3451	-339.70805433721165
664	6	5.93367882809813	9.256588	2946.9287	1872.7796327911637
664	7	7.037504546789625	10.18713	-659.6134	-824.5819851990594
664	8	6.458105845142741	9.350038	-944.2126	-455.57500618620935
665	1	5.8285609917273415	8.963312	661.9175	598.5063053549878
665	2	4.977482333622151	9.596631	-1930.595	-399.93469158042166
665	3	7.269423552241216	10.934629	-1898.8134	-2785.954290214453
665	4	8.116280754414166	11.4680605	2000.0492	3142.189449590515
665	5	8.222302311824512	11.560271	524.2382	1237.2268549569658
665	6	7.057273268276466	9.789837	-158.2591	623.9420198349345
665	7	5.909204425649768	10.272702	-733.5579	40.40983006709665
665	8	7.314700863014408	10.329424	-1310.7585	-883.0036311607365
666	1	8.095859127289067	11.433487	1502.8342	3074.350736312835
666	2	6.361327238121558	10.5624075	-1611.3969	290.0589460879941
666	3	7.39556301562582	10.455618	-2759.2861	-1730.5467695763837
666	4	9.52430567593395	12.793746	-3473.6582	-498.940095532258
666	5	6.941321906617618	10.966967	-1083.0613	2442.5508858881167
666	6	7.605210168222687	11.17958	1225.4509	6570.311508153469
666	7	7.790560058139285	10.532668	-640.3144	1908.0748295616647
666	8	7.9208770341394334	11.724823	-1853.7853	45.19300963691257
667	1	9.339288882904514	12.630741	-2961.9591	2156.991968908198
667	2	9.802129945884273	12.995302	-3301.6659	567.1083984747949
667	3	9.35472838161064	12.499646	-2010.0905	3832.326636551542
667	4	8.905519971014487	12.216526	-1051.1881	2731.7441369950775
667	5	9.814062535342513	13.020696	-3178.0547	842.8468457532871
667	6	8.880108055484248	12.300256	-1717.2408	2013.9923847288705
667	7	9.07433078736542	12.36769	-1424.4847	3153.1208056032765
667	8	5.845304536694037	9.309495	-966.1288	478.4111346105065
668	1	8.311898434142929	11.612347	260.9001	1725.810055349284
668	2	9.664188901973322	12.842026	-3290.7599	52.79192936553247
668	3	8.866317135919807	12.224832	-2721.5973	494.49979871626147
668	4	9.135759061475841	12.475957	-2449.4649	1084.816253940776
668	5	10.455888859895818	13.509915	-1236.8833	2442.814711784406
668	6	9.154619023430199	12.444636	-1485.8394	2024.829249102151
668	7	8.509375851023655	11.984853	-479.0618	1672.6691658711452
668	8	9.354400953464635	12.567254	-2055.7389	2028.402802553345
669	1	8.512910041657419	11.960442	-1469.1701	-94.52798108827746
669	2	10.332156312172405	13.415572	-1858.8156	-3679.6109422837485
669	3	9.340231857756116	12.617975	-1896.3353	-464.0319857256618
669	4	10.254394866526427	13.391105	-519.8361	3011.6949952676177
669	5	10.1308094273545	13.232758	-2466.5955	-2801.091309882408
669	6	9.241489857555507	12.542164	-2721.4657	-933.8464339841662
669	7	9.421177053921342	12.740464	-2202.1056	-768.644416967518
669	8	8.649126217646858	12.031482	-1780.9192	-230.13331215125723
670	1	9.178773703599642	12.466643	-758.0828	772.7700466683317
670	2	9.513596530124946	12.78941	-3326.0487	-1526.5399080032655
670	3	10.223351457776799	13.403362	-1313.8045	5843.662974917042
670	4	10.19450663309085	13.346038	-2753.2593	-5707.66476482188
670	5	9.36916494553269	12.741574	-2269.3197	-354.0720552736635
670	6	9.80376394929227	13.062652	-2686.3272	-1408.5321581512007
670	7	9.13261424172432	12.484569	-1157.419	464.9177086568492
670	8	10.690470007398247	13.770852	-2084.7089	-438.5077755389068
671	1	9.811869707444426	13.080574	-3475.9832	-1273.6616040266981
671	2	9.05869290739311	12.493311	-771.8597	630.3160370992125
671	3	10.28607343830567	13.409599	-1171.6537	1648.642303701878
671	4	9.725117671971846	12.989643	-2897.147	-668.4860897149662
671	5	9.52105807702396	12.767519	-2534.9413	-299.0024250858696
671	6	9.550294139318378	12.708287	-2330.6817	-154.9584471952393
671	7	9.609248490662335	12.794949	-3089.4405	-693.5098913996783
671	8	9.262315223197952	12.534506	-2465.5376	-206.63688000749502
672	1	8.94336346953604	12.227982	-2041.1719	-494.36548901150945
672	2	9.478821374854746	12.752737	-3136.1325	-1935.9401871645757
672	3	9.833480788703024	12.992992	-2755.3641	-2424.2966563891755
672	4	10.112913082943688	13.246235	-2719.0728	-6938.220178996358
672	5	10.458331603936815	13.559889	-2420.3365	-4816.581324163587
672	6	10.15451890473807	13.379838	-2240.2378	-8136.652281719483
672	7	9.931586174226824	13.117287	-900.6418	577.6727369730983
672	8	9.556376215828694	12.821087	-1309.2822	-152.4750147267243
673	1	10.324051417327658	13.436333	-1811.3331	2926.8018583196276
673	2	10.57355672094182	13.619957	-2161.0738	2439.2103207438154
673	3	9.41742433574381	12.678526	-2765.5872	-253.60850501322471
673	4	9.751911113177412	12.999158	-3914.9903	-1637.400994824539
673	5	10.155514181054096	13.3117075	-1709.3992	1869.3404346811917
673	6	10.275608486257278	13.475497	-2953.6808	-2513.221639483015
673	7	9.857524126158319	13.096222	-2882.8523	-619.846091149771
673	8	9.181248224873862	12.579292	-3228.0429	-502.09191908052225
674	1	10.487524657930118	13.58286	-1742.9229	5017.378922609512
674	2	9.253819848697162	12.57004	-1322.2731	510.6047061875833
674	3	9.668467057418772	12.957645	-2934.0344	-710.9956281566537
674	4	9.444966114381515	12.770744	-2256.2833	-68.67093086088423
674	5	10.592189343140566	13.743953	-2248.8934	-691.5958307088882
674	6	9.29072855245235	12.589184	-967.3378	740.8309520262704
674	7	9.351751575357364	12.610175	-2954.2505	-507.38379321333645
674	8	9.175575742861563	12.507708	-2122.1944	22.082319862839487
675	1	9.711424390362529	12.94982	-3918.2159	-1400.2722907384114
675	2	9.204695623174482	12.527138	-3492.4376	-677.3061895589383
675	3	8.717967337565666	12.163191	-1841.1827	166.81031944101397
675	4	9.90632323724358	13.149072	-2927.5883	-764.7016001864077
675	5	9.212281641885257	12.428696	-3155.9938	-476.3100140473813
675	6	9.986081139261115	13.161743	-1436.8736	923.1044863219203
675	7	10.163495677195497	13.317704	-2705.2316	-737.6143573634535
675	8	10.195716714216186	13.32359	-713.0467	2563.2043128450136
676	1	9.685278068950709	12.921857	-2981.4257	-164.87057463574223
676	2	8.477477371815986	11.665899	372.0065	1548.8414223013542
676	3	9.37912187915542	12.674966	-1988.0542	1315.3744002785231
676	4	8.71734862697874	12.047438	-1162.4984	1053.3503855512909
676	5	7.887581274239245	11.185436	-182.1168	920.7105637050172
676	6	9.335552482416738	12.631402	37.2955	3602.0109132873613
676	7	8.579157751140214	11.984707	-1964.1996	545.0925034468736
676	8	9.246872627910516	12.556932	371.6543	3372.233924307146
677	1	9.232686580971762	12.562806	-3241.185	-472.3561612877738
677	2	8.712749090233652	12.051973	-2328.5507	497.05932240485885
677	3	8.17211060882202	11.745505	-1057.6803	972.4355210129205
677	4	9.489831723758758	12.780322	-1648.763	5366.258363901528
677	5	8.77110990403597	12.199066	-1806.5989	1010.4000814767197
677	6	8.849349530659055	12.178205	-2588.0882	336.7538752105221
677	7	6.138338427469722	9.797855	1088.0367	861.313989835876
677	8	9.877186673398572	13.055031	-642.9995	11537.09315068948
678	1	9.967816303533624	13.160461	-2350.9944	-10175.491080131747
678	2	10.009434981809624	13.16447	-2384.5457	-9897.101254319654
678	3	9.179732010405827	12.373993	-1104.0363	-488.1595831284988
678	4	9.010850696449083	12.176787	-2433.8476	-1408.3087365648598
678	5	8.414512407288376	11.750051	-459.9992	92.29768390014912
678	6	8.856002732491215	12.168553	-2558.5132	-1439.518583038712
678	7	8.837268708140545	12.270508	-3581.4363	-2328.1896020010035
678	8	9.53196247271748	12.850203	-2300.7646	-4603.387135557978
679	1	10.155365129390246	13.308428	-1626.8256	3483.926509463668
679	2	9.647556980617574	12.907013	-2718.2472	-988.6952401923103
679	3	9.727706900144954	12.946532	-2182.6548	507.01587079841363
679	4	9.733341374859066	12.891686	-2853.3559	-1290.859913994862
679	5	9.231430511577598	12.5889635	-2791.7413	-474.0526917394797
679	6	10.147696131829226	13.31593	-3616.131	-5782.55072674291
679	7	10.308092663134767	13.465348	-2839.6895	-1102.54641218608
679	8	9.322756374318427	12.416717	-1658.2879	735.9079558395317
680	1	8.950043945461404	12.245815	-2827.8785	495.2532303121461
680	2	9.156203702787774	12.452396	-2341.8382	1008.8121007191115
680	3	10.021118807455993	13.143646	-1678.143	9332.706937210267
680	4	9.578921990865588	12.83319	-2996.6375	874.0985158536198
680	5	9.71423285523067	12.977897	-2451.1494	2280.876669162818
680	6	9.655313711584247	12.903326	-2774.7438	1407.2955157337326
680	7	9.023341717330347	12.306389	-1957.2154	1093.5602841164211
680	8	9.14059707277933	12.387457	-1327.0055	1702.55355147847
681	1	8.906847600082605	12.230197	-2928.8543	-867.5978789213258
681	2	10.0264652246294	13.272742	-3090.2045	-8908.86103534275
681	3	9.238222362460558	12.530482	-3689.2554	-2067.2604317623304
681	4	9.408437260400502	12.743001	-2624.4593	-1362.3347278390652
681	5	9.839681621679533	13.093996	-3019.5066	-7990.321114876032
681	6	9.979387302787456	13.180095	-2901.0037	-20015.051809617682
681	7	10.100916688943816	13.253288	-2080.3878	-2712.6084253280305
681	8	9.239902263966043	12.407251	-976.4653	668.5700264207392
682	1	9.415716286531147	12.753687	-2260.1619	921.3537064067302
682	2	10.078493859437026	13.293784	-2626.3859	1883.6985807534938
682	3	8.90962448181026	12.256527	-2255.3403	456.3156719036293
682	4	10.398917434575639	13.541922	-2165.0537	1508.5147710020135
682	5	10.141778785630148	13.359137	-2846.0718	253.0031429440918
682	6	9.16504564889697	12.436681	-2752.0059	131.63284797940238
682	7	9.118353882925838	12.55727	-1877.5517	925.1806829727007
682	8	9.655995416450136	12.872463	-2261.684	1495.7671109321323
683	1	10.220532990745607	13.322914	-1606.2124	13747.29181012298
683	2	9.43409825171897	12.700407	-3912.1831	-1112.3732968207426
683	3	9.306258130264133	12.559256	-2703.282	126.95338063459617
683	4	9.705098893687175	12.890169	-2976.6252	-213.50756943603136
683	5	10.645238637206337	13.698683	-2873.2111	-45.585483033157864
683	6	9.660986215347524	12.981928	-2530.7482	530.8109470955529
683	7	9.358271744839136	12.582566	-1397.2039	1282.3784075745853
683	8	9.29013572108232	12.509253	-1826.3179	830.5284231436001
684	1	8.697861982371425	11.97809	-1812.4654	416.9085886262321
684	2	9.373695818289686	12.655875	-2823.7755	30.912657218174154
684	3	9.500674715740093	12.835823	-1863.2068	730.6250832740917
684	4	9.749002347404675	12.997386	-3643.0742	-686.2605441686209
684	5	9.13362639690502	12.420019	-2165.4751	363.7149323703282
684	6	10.059232029290078	13.212239	-2250.0604	921.1343451143007
684	7	9.279495832656323	12.587759	-1775.9366	638.7429531247169
684	8	9.874300189688674	13.002673	-2964.0928	-89.9720329602592
685	1	7.906298400203984	11.116183	-1622.1955	191.6781894585788
685	2	9.100316920980108	12.460863	-3177.7333	-716.1418960753078
685	3	9.09471611609902	12.424489	-2571.2064	-247.5038496859565
685	4	10.51771777528222	13.625919	-1401.1416	1533.0730614291326
685	5	9.968650867134963	13.138508	-2006.5807	1523.0122738879845
685	6	9.78183812274181	12.912234	-2339.6955	-185.73712728305983
685	7	9.901325100610045	13.120584	-2411.9514	-644.1061866640283
685	8	10.032117274003937	13.169235	-1538.261	5208.6198453671195
686	1	9.631354497852591	12.918812	-2739.6906	-1198.3704389821444
686	2	9.886470834539754	13.078137	-2369.402	-1126.7746685770103
686	3	10.71851644975359	13.767079	-2340.5748	-4303.856529586381
686	4	10.200377088653344	13.394624	-2112.9857	-1944.1890351497489
686	5	9.789972606358717	13.03225	-2131.5812	-793.3789505861811
686	6	9.647862658262294	12.942101	-2036.3892	-581.5258809540903
686	7	9.229519145471427	12.4761	-301.1375	626.8289120544885
686	8	9.222502322001894	12.543612	-2234.6573	-500.26888310893816
687	1	9.013954796963393	12.342467	-1967.0335	171.55138524427298
687	2	9.065929363606935	12.461071	-2507.4513	-80.06264913433598
687	3	9.822926357418908	13.003433	-2797.4271	-398.90471519583167
687	4	10.225295009539392	13.362021	-3226.4189	-1450.348972775845
687	5	10.020440668115903	13.180775	-1256.6219	1246.115773847319
687	6	10.082130549064265	13.249067	-2790.6752	-564.913046700652
687	7	9.0932654193337	12.4210415	-1614.1258	352.0795790265409
687	8	9.01104801738151	12.318719	-1946.6888	176.1909328993724
688	1	9.48036295403269	12.756844	-3020.5529	216.92049006812834
688	2	10.149062786486548	13.276635	-2069.3046	8983.565702451497
688	3	10.6384193251975	13.735912	-3348.3474	-233.42839171351704
688	4	9.536854272488124	12.822889	-2872.9498	399.30355206878045
688	5	9.07574070468923	12.398532	-2475.9572	503.52147136417625
688	6	9.853164921726588	13.005805	-2313.6813	1630.8131082664875
688	7	9.139880832745995	12.376694	-1428.6531	1193.3570634316889
688	8	9.773970354277804	12.984711	-2288.1028	1575.918119684934
689	1	9.283524608909334	12.632175	-2140.7365	707.9231147495057
689	2	9.63886282142336	12.914939	-3174.0585	140.88157736290407
689	3	9.258591019755709	12.475802	-913.6134	1347.8533825858328
689	4	10.362637162739494	13.4995985	-2779.2652	1671.8098304957587
689	5	10.378975435901824	13.51461	-2942.3657	1209.7660586057727
689	6	10.165255837383581	13.316191	-2524.3774	1402.61439210009
689	7	9.537754505768987	12.79553	-1709.8974	1160.9736990648403
689	8	9.43105189189291	12.669369	-1971.7306	866.7081763187141
690	1	9.245955648345008	12.577452	-2514.1493	303.49555712451667
690	2	9.368010519440542	12.6785145	-2652.4679	231.49733084264267
690	3	9.51187614330519	12.80167	-3248.936	-280.5408236501756
690	4	9.884621553485992	13.046894	-2103.892	1269.8976745814264
690	5	9.823669133477269	13.054031	-3098.6361	-232.88734203662952
690	6	9.280621757112385	12.619392	-3132.1292	-136.5523038936859
690	7	9.42498321611158	12.677068	-2567.2385	308.4427999448896
690	8	8.695491819448131	12.031766	-2591.432	156.62466059270042
691	1	9.713401073868708	12.895365	-1457.7883	7434.200523184307
691	2	8.271049312186793	11.997435	-271.9491	1418.2877308712523
691	3	8.72656374452912	11.9834795	425.0987	2278.3513133419056
691	4	8.877964276995154	12.206747	-3462.7727	-271.8798832880393
691	5	7.415270427349804	10.919718	-124.8609	912.4031860086127
691	6	8.106745964680226	11.579702	-1911.2373	504.97800288950714
691	7	8.515799223464944	11.87341	-1330.5267	984.3781192541476
691	8	8.942966919007295	12.237733	-1549.5795	1273.795219294041
692	1	10.026448819994673	13.2122965	-2307.7412	-1991.9118084649201
692	2	8.813307263484226	12.1695595	-135.6202	1101.3966631677251
692	3	8.30141952612994	11.955453	-1672.7932	-119.6067256568507
692	4	8.731706768973313	12.006495	73.4253	1114.3329470452015
692	5	9.66534091768451	12.874579	-319.6768	8709.34271399953
692	6	9.725756937934563	12.938668	-2894.9592	-59629.02754377548
692	7	9.583861186898803	12.827473	-2836.1559	-8134.051921409961
692	8	9.143247793193586	12.433493	-1638.6787	-246.4949739050679
693	1	8.92497921198414	12.226261	-2111.8493	724.273364107378
693	2	9.16519151703604	12.429444	-2296.9207	870.1764216954539
693	3	9.089981966446787	12.531005	-2077.5385	1046.198228613516
693	4	10.121908218701705	13.308683	-2945.7125	-86.58887502844172
693	5	9.757090961168743	12.985305	-2990.3946	-706.1304152783647
693	6	9.804533885168588	13.021362	-3199.6618	-1831.099802841207
693	7	10.255598723881745	13.404378	-3515.8614	-818.3962599273275
693	8	8.243299391153423	11.650351	-1095.9632	915.8483454267252
694	1	8.512211183176117	11.7971945	-1415.5755	970.8678951783559
694	2	9.2726500633374	12.587057	-1918.2485	1729.3672033832174
694	3	9.77703658611428	13.0380745	-3268.9292	-2048.6052500656806
694	4	10.16936700019955	13.30538	-1760.4045	3198.7956014385136
694	5	10.33699426859584	13.463933	-2417.7896	1187.0920199086734
694	6	10.272149635648907	13.445714	-2876.4523	521.7304162420753
694	7	9.175829082477277	12.397071	-927.1331	2543.5077077987366
694	8	9.907738010435844	13.136267	-3181.2213	95.78472482317615
695	1	9.161357989658741	12.309775	-2447.103	842.7199071133638
695	2	8.997818801938068	12.397437	-2836.8571	418.66196004738293
695	3	9.437170449124206	12.734129	-1556.2949	3791.3400727014764
695	4	9.55006780811704	12.758313	-1767.5262	3911.214181560785
695	5	10.342042232545035	13.47902	-3110.7285	213.72122383991731
695	6	9.109590628396859	12.412475	-1667.8928	1800.9071420814544
695	7	10.228167408515283	13.391758	-2479.3319	1365.93637492243
695	8	8.54775362511481	11.806755	601.0686	2076.3639564902924
696	1	9.792609857618704	12.979818	-2269.3208	1083.184122198427
696	2	10.484522962972216	13.628168	-2430.8914	3693.8941026036096
696	3	10.071548365953177	13.280059	-2941.4852	508.93301471246104
696	4	9.67725721391983	12.924631	-3495.5005	-446.03334684881605
696	5	10.188554137503887	13.327264	-2237.7736	3879.2578382601682
696	6	9.06946049847319	12.358122	-2817.6038	170.75919995219985
696	7	10.482927286538956	13.53877	-2219.2365	8070.69650442793
696	8	10.30400383734458	13.408941	-2116.9333	9744.809083226211
697	1	10.300490958484326	13.426233	-2707.3113	-927.4864311044844
697	2	10.411918571807046	13.495051	-1549.4013	5979.559471666801
697	3	10.045934389022658	13.2346735	-2136.7249	477.56430203316154
697	4	10.454793004647437	13.5660305	-2849.4564	-7370.050203201127
697	5	9.153981446944956	12.40556	1818.6772	2336.083558723611
697	6	10.298239808713541	13.374726	-2568.2095	-434.7281532265072
697	7	8.768350398566474	12.0132675	-2976.2079	-233.24854377838182
697	8	9.931951984139706	13.125706	-2286.2712	191.46653329320011
698	1	10.082569795638886	13.258779	-933.5031	3753.3093674034253
698	2	9.453112069219078	12.655829	-1347.4945	1067.8806291802032
698	3	10.088124229173333	13.292771	-3255.1978	-913.9115150670901
698	4	10.338958919371269	13.477135	-3167.4107	-1922.0176659132576
698	5	9.549248693044813	12.806141	-3043.5841	-166.51134144789577
698	6	9.242543850704068	12.531387	-2395.6909	275.22079972172173
698	7	9.515020534029523	12.810403	-2219.1759	529.2380300898645
698	8	9.11607754956247	12.412539	-182.9992	1455.5309100886334
699	1	9.829189164241358	12.990744	-2650.8739	718.6420081280378
699	2	9.15476926699827	12.468593	-1349.4328	1164.6039077032242
699	3	8.85038373113176	12.403453	-1960.7856	647.5799808711378
699	4	9.696397561979616	12.858424	-1613.6898	1702.999831965193
699	5	9.498182373112035	12.808856	-1359.1222	1762.7661892447632
699	6	9.800252191840345	13.053181	-2209.4091	1445.0799779000047
699	7	10.187499682854932	13.333698	-2140.5076	5473.23465839728
699	8	10.310230395816196	13.397729	-1673.3716	12983.253349247265
